<?xml version="1.0"?>
<module><meta><versionid>20140821150556</versionid><priority>10</priority><server>http://ujjwal.oppia-mobile.org/</server><title lang="en">Guidelines on mHealth toolkit	   </title><shortname>us-guidelines</shortname><description lang="en"></description><langs><lang>en</lang></langs></meta><structure><section order="1"><title lang="en">Introduction to mHealth Toolkit</title><activities><activity type="page" order="1" digest="b17b081dfda14e645b60963d909e86a220584"><title lang="en">Available Materials</title><image filename="/images/20584.png"/><location lang="en">01_20584_en.html</location></activity><activity type="page" order="2" digest="5b90a6ff91b9e0aef2f24ab5d6bed1ae20659"><title lang="en">Types of Multimedia</title><image filename="/images/20659.png"/><location lang="en">01_20659_en.html</location></activity><activity type="page" order="3" digest="a6db01aac7c53365a232a2aed22f28bb20585"><title lang="en">Suggested use</title><location lang="en">01_20585_en.html</location></activity></activities></section></structure></module>
