<?xml version="1.0"?>
<module><meta><versionid>20140913061854</versionid><priority>9</priority><server>http://ujjwal.oppia-mobile.org/</server><title lang="hi">&#x917;&#x930;&#x94D;&#x92D;&#x927;&#x93E;&#x930;&#x923; &#x915;&#x940; &#x91C;&#x93E;&#x901;&#x91A; &#x915;&#x948;&#x938;&#x947; &#x915;&#x930;&#x947;&#x902;?</title><title lang="en">How to detect pregnancy</title><shortname>us-detect</shortname><description lang="en"></description><activity type="feedback" order="2" digest="0663a62a78989f59797d272986a1deb620869"><title lang="en">&#x92A;&#x930;&#x93F;&#x915;&#x94D;&#x937;&#x923; &#x938;&#x947; &#x92A;&#x939;&#x932;&#x947;</title><content lang="en">{"description":"\u092a\u0930\u093f\u0915\u094d\u0937\u0923 \u0938\u0947 \u092a\u0939\u0932\u0947","id":35,"lastupdated_date":"2014-09-13T00:17:56","owner":"\/api\/v1\/user\/1\/","props":{"courseversion":"20140913061826","digest":"0663a62a78989f59797d272986a1deb620869","maxscore":0},"questions":[{"id":161,"order":1,"question":{"id":161,"props":{"required":"true"},"responses":[{"id":543,"order":1,"props":{},"score":"0.00","title":"\u0938\u0939\u0940"},{"id":544,"order":2,"props":{},"score":"0.00","title":"\u0917\u0932\u0924"}],"title":"\u0917\u0930\u094d\u092d \u091c\u093e\u0902\u091a \u0915\u093e \u090f\u0915 \u0939\u0940 \u0909\u092a\u093e\u092f \u0939\u0948 \u0921\u0949\u0915\u094d\u091f\u0930 \u0915\u0947 \u092a\u093e\u0938 \u091c\u093e\u0928\u093e?","type":"multichoice"}},{"id":162,"order":2,"question":{"id":162,"props":{"required":"true"},"responses":[{"id":545,"order":1,"props":{},"score":"0.00","title":"\u0938\u0939\u0940"},{"id":546,"order":2,"props":{},"score":"0.00","title":"\u0917\u0932\u0924"}],"title":"\u0915\u094d\u092f\u093e \u092f\u0947 \u092e\u0939\u0924\u094d\u0935\u092a\u0942\u0930\u094d\u0923 \u0939\u0948 \u0915\u0940 \u0917\u0930\u094d\u092d\u0927\u093e\u0930\u0923 \u0915\u093e \u092a\u0924\u093e \u092a\u0939\u0932\u0947 \u0932\u0917\u093e \u0932\u0947\u0902 \u0924\u093e\u0915\u093f \u0906\u092a \u0905\u092a\u0928\u093e \u0914\u0930 \u0905\u092a\u0928\u0947 \u0906\u0928\u0947 \u0935\u093e\u0932\u0947 \u092c\u091a\u094d\u091a\u0947 \u0915\u093e \u0938\u0939\u0940 \u0927\u092f\u093e\u0928 \u0930\u0916 \u0938\u0915\u0947\u0902?","type":"multichoice"}},{"id":163,"order":3,"question":{"id":163,"props":{"required":"true"},"responses":[{"id":547,"order":1,"props":{},"score":"0.00","title":"\u0938\u0939\u0940"},{"id":548,"order":2,"props":{},"score":"0.00","title":"\u0917\u0932\u0924"}],"title":"\u092a\u0930\u093f\u0935\u093e\u0930 \u0928\u093f\u092f\u094b\u091c\u0928 \u0915\u093e \u0909\u092a\u092f\u094b\u0917 \u0905\u0928\u091a\u093e\u0939\u0947 \u0915\u0947 \u0926\u0930 \u0938\u0947 \u092e\u0941\u0915\u094d\u0924\u093f \u0926\u0947\u0924\u093e \u0939\u0948?","type":"multichoice"}},{"id":164,"order":4,"question":{"id":164,"props":{"required":"true"},"responses":[{"id":549,"order":1,"props":{},"score":"0.00","title":"\u0939\u093e\u0901"},{"id":550,"order":2,"props":{},"score":"0.00","title":"\u0928\u0939\u0940\u0902"},{"id":551,"order":3,"props":{},"score":"0.00","title":"\u092a\u0924\u093e \u0928\u0939\u0940\u0902"}],"title":"\u0915\u094d\u092f\u093e \u0906\u092a \u092a\u0930\u093f\u0935\u093e\u0930 \u0928\u093f\u092f\u094b\u091c\u0928 \u0915\u093e \u0938\u093e\u0927\u0928 \u0905\u092a\u0928\u093e\u0928\u093e \u091a\u093e\u0939\u0924\u0947 \u0939\u0948\u0902?","type":"multichoice"}},{"id":165,"order":5,"question":{"id":165,"props":{"required":"true"},"responses":[{"id":552,"order":1,"props":{},"score":"0.00","title":"\u0906\u091c"},{"id":553,"order":2,"props":{},"score":"0.00","title":"\u090f\u0915 \u0939\u092b\u094d\u0924\u0947"},{"id":554,"order":3,"props":{},"score":"0.00","title":"\u090f\u0915 \u092e\u0939\u0940\u0928\u0947"},{"id":555,"order":4,"props":{},"score":"0.00","title":"\u090f\u0915 \u092e\u0939\u0940\u0928\u0947 \u0938\u0947 \u091c\u094d\u092f\u093e\u0926\u093e"},{"id":556,"order":5,"props":{},"score":"0.00","title":"\u092a\u0924\u093e \u0928\u0939\u0940\u0902"}],"title":"\u0906\u092a \u0915\u092c \u0938\u0947 \u092a\u0930\u093f\u0935\u093e\u0930 \u0928\u093f\u092f\u094b\u091c\u0928 \u0915\u093e \u0938\u093e\u0927\u0928 \u0909\u092a\u092f\u094b\u0917 \u0915\u0930\u0928\u093e \u0936\u0930\u0942 \u0915\u0930\u0947\u0902\u0917\u0947 ? (\u090f\u0915 \u0915\u094b \u091a\u0941\u0928\u0947\u0902)","type":"multichoice"}}],"resource_uri":"\/api\/v1\/quiz\/35\/","title":"\u092a\u0930\u093f\u0915\u094d\u0937\u0923 \u0938\u0947 \u092a\u0939\u0932\u0947"}</content></activity><image filename="/images/21596.png"/><langs><lang>hi</lang><lang>en</lang></langs></meta><structure><section order="1"><title lang="hi">&#x917;&#x930;&#x94D;&#x92D; &#x915;&#x940; &#x91C;&#x93E;&#x901;&#x91A; &#x915;&#x948;&#x938;&#x947; &#x915;&#x930;&#x947;&#x902;</title><title lang="en">How to Detect Pregnancy</title><activities><activity type="page" order="1" digest="0b4bd1d0fc8ee389c95873b9b36d23ea20616"><title lang="hi">&#x917;&#x930;&#x94D;&#x92D; &#x915;&#x940; &#x91C;&#x93E;&#x901;&#x91A; &#x915;&#x948;&#x938;&#x947; &#x915;&#x930;&#x947;&#x902;</title><title lang="en">How to Detect Pregnancy</title><image filename="/images/20616.png"/><location lang="en">01_20616_en.html</location></activity><activity type="page" order="2" digest="9820fe409c2954a441f91b3de3a6bd5b20770"><title lang="hi">&#x91F;&#x940;.&#x935;&#x940;. &#x935;&#x93F;&#x91C;&#x94D;&#x91E;&#x93E;&#x92A;&#x928; </title><title lang="en">TV Advertisements</title><media><file filename="miss-ho-gaya-toh.m4v" download_url="http://downloads.digital-campus.org/media/ujjwal/miss-ho-gaya-toh.m4v" digest="6c935a2e0ac0ec611374ff568f033dcf" filesize="1204858" length="52"/></media><image filename="/images/20770.png"/><location lang="en">01_20770_en.html</location></activity></activities></section><section order="2"><title lang="hi">&#x92A;&#x930;&#x93F;&#x915;&#x94D;&#x937;&#x923; &#x915;&#x947; &#x92C;&#x93E;&#x926; </title><title lang="en">Post-Test</title><activities><activity type="feedback" order="1" digest="35220dcf82633e2fe936a089bd6bce8720870"><title lang="en">&#x92A;&#x930;&#x93F;&#x915;&#x94D;&#x937;&#x923; &#x915;&#x947; &#x92C;&#x93E;&#x926;</title><content lang="en">{"description":"Post-Test\u092a\u0930\u093f\u0915\u094d\u0937\u0923 \u0915\u0947 \u092c\u093e\u0926 ","id":36,"lastupdated_date":"2014-09-13T00:18:08","owner":"\/api\/v1\/user\/1\/","props":{"courseversion":"20140913061826","digest":"35220dcf82633e2fe936a089bd6bce8720870","maxscore":0},"questions":[{"id":166,"order":1,"question":{"id":166,"props":{"required":"true"},"responses":[{"id":557,"order":1,"props":{},"score":"0.00","title":"\u0938\u0939\u0940"},{"id":558,"order":2,"props":{},"score":"0.00","title":"\u0917\u0932\u0924"}],"title":"\u0917\u0930\u094d\u092d \u091c\u093e\u0902\u091a \u0915\u093e \u090f\u0915 \u0939\u0940 \u0909\u092a\u093e\u092f \u0939\u0948 \u0921\u0949\u0915\u094d\u091f\u0930 \u0915\u0947 \u092a\u093e\u0938 \u091c\u093e\u0928\u093e?","type":"multichoice"}},{"id":167,"order":2,"question":{"id":167,"props":{"required":"true"},"responses":[{"id":559,"order":1,"props":{},"score":"0.00","title":"\u0938\u0939\u0940"},{"id":560,"order":2,"props":{},"score":"0.00","title":"\u0917\u0932\u0924"}],"title":"\u0915\u094d\u092f\u093e \u092f\u0947 \u092e\u0939\u0924\u094d\u0935\u092a\u0942\u0930\u094d\u0923 \u0939\u0948 \u0915\u0940 \u0917\u0930\u094d\u092d\u0927\u093e\u0930\u0923 \u0915\u093e \u092a\u0924\u093e \u092a\u0939\u0932\u0947 \u0932\u0917\u093e \u0932\u0947\u0902 \u0924\u093e\u0915\u093f \u0906\u092a \u0905\u092a\u0928\u093e \u0914\u0930 \u0905\u092a\u0928\u0947 \u0906\u0928\u0947 \u0935\u093e\u0932\u0947 \u092c\u091a\u094d\u091a\u0947 \u0915\u093e \u0938\u0939\u0940 \u0927\u092f\u093e\u0928 \u0930\u0916 \u0938\u0915\u0947\u0902?","type":"multichoice"}},{"id":168,"order":3,"question":{"id":168,"props":{"required":"true"},"responses":[{"id":561,"order":1,"props":{},"score":"0.00","title":"\u0938\u0939\u0940"},{"id":562,"order":2,"props":{},"score":"0.00","title":"\u0917\u0932\u0924"}],"title":"\u092a\u0930\u093f\u0935\u093e\u0930 \u0928\u093f\u092f\u094b\u091c\u0928 \u0915\u093e \u0909\u092a\u092f\u094b\u0917 \u0905\u0928\u091a\u093e\u0939\u0947 \u0915\u0947 \u0926\u0930 \u0938\u0947 \u092e\u0941\u0915\u094d\u0924\u093f \u0926\u0947\u0924\u093e \u0939\u0948?","type":"multichoice"}},{"id":169,"order":4,"question":{"id":169,"props":{"required":"true"},"responses":[{"id":563,"order":1,"props":{},"score":"0.00","title":"\u0939\u093e\u0901"},{"id":564,"order":2,"props":{},"score":"0.00","title":"\u0928\u0939\u0940\u0902"},{"id":565,"order":3,"props":{},"score":"0.00","title":"\u092a\u0924\u093e \u0928\u0939\u0940\u0902"}],"title":"\u0915\u094d\u092f\u093e \u0906\u092a \u092a\u0930\u093f\u0935\u093e\u0930 \u0928\u093f\u092f\u094b\u091c\u0928 \u0915\u093e \u0938\u093e\u0927\u0928 \u0905\u092a\u0928\u093e\u0928\u093e \u091a\u093e\u0939\u0924\u0947 \u0939\u0948\u0902?","type":"multichoice"}},{"id":170,"order":5,"question":{"id":170,"props":{"required":"true"},"responses":[{"id":566,"order":1,"props":{},"score":"0.00","title":"\u0906\u091c"},{"id":567,"order":2,"props":{},"score":"0.00","title":"\u090f\u0915 \u0939\u092b\u094d\u0924\u0947"},{"id":568,"order":3,"props":{},"score":"0.00","title":"\u090f\u0915 \u092e\u0939\u0940\u0928\u0947"},{"id":569,"order":4,"props":{},"score":"0.00","title":"\u090f\u0915 \u092e\u0939\u0940\u0928\u0947 \u0938\u0947 \u091c\u094d\u092f\u093e\u0926\u093e"},{"id":570,"order":5,"props":{},"score":"0.00","title":"\u092a\u0924\u093e \u0928\u0939\u0940\u0902"}],"title":"\u0906\u092a \u0915\u092c \u0938\u0947 \u092a\u0930\u093f\u0935\u093e\u0930 \u0928\u093f\u092f\u094b\u091c\u0928 \u0915\u093e \u0938\u093e\u0927\u0928 \u0909\u092a\u092f\u094b\u0917 \u0915\u0930\u0928\u093e \u0936\u0930\u0942 \u0915\u0930\u0947\u0902\u0917\u0947 ? (\u090f\u0915 \u0915\u094b \u091a\u0941\u0928\u0947\u0902)","type":"multichoice"}}],"resource_uri":"\/api\/v1\/quiz\/36\/","title":"\u092a\u0930\u093f\u0915\u094d\u0937\u0923 \u0915\u0947 \u092c\u093e\u0926"}</content></activity></activities></section></structure><media><file filename="miss-ho-gaya-toh.m4v" download_url="http://downloads.digital-campus.org/media/ujjwal/miss-ho-gaya-toh.m4v" digest="6c935a2e0ac0ec611374ff568f033dcf" filesize="1204858" length="52"/></media></module>
