<?xml version="1.0"?>
<module><meta><versionid>20140808120653</versionid><priority>9</priority><server>http://demo.oppia-mobile.org/</server><title lang="en">Application: "How To" incorporate mobile phones in counselling sessions</title><shortname>us-app</shortname><description lang="en"></description><langs><lang>en</lang></langs></meta><structure><section order="1"><title lang="en">Placeholder</title><activities><activity type="page" order="1" digest="130ecb5dfc4c60132e6d0c4e8c279e1320631"><title lang="en">Placeholder</title><location lang="en">01_20631_en.html</location></activity></activities></section></structure></module>
