<?xml version="1.0"?>
<module><meta><versionid>20140821150441</versionid><priority>7</priority><server>http://ujjwal.oppia-mobile.org/</server><title lang="en">Proper spacing of births/children</title><shortname>us-spacing</shortname><description lang="en"></description><activity type="feedback" order="2" digest="b07b7579796ea26041803373bfb81d2220602"><title lang="en">Pre-test</title><content lang="en">{"description":"Pre-test","id":2,"lastupdated_date":"2014-08-21T07:38:15","owner":"\/api\/v1\/user\/1\/","props":{"courseversion":"20140821133820","digest":"b07b7579796ea26041803373bfb81d2220602","maxscore":0},"questions":[{"id":5,"order":1,"question":{"id":5,"props":{"required":"true"},"responses":[{"id":16,"order":1,"props":{},"score":"0.00","title":"OCPs"},{"id":17,"order":2,"props":{},"score":"0.00","title":"IUCD"},{"id":18,"order":3,"props":{},"score":"0.00","title":"Injectable"},{"id":19,"order":4,"props":{},"score":"0.00","title":"Condoms"},{"id":20,"order":5,"props":{},"score":"0.00","title":"All of the above"}],"title":"Which of the following methods is used for spacing births of children?","type":"multiselect"}},{"id":6,"order":2,"question":{"id":6,"props":{"required":"true"},"responses":[{"id":21,"order":1,"props":{},"score":"0.00","title":"Mother's health"},{"id":22,"order":2,"props":{},"score":"0.00","title":"Child's health"},{"id":23,"order":3,"props":{},"score":"0.00","title":"Economic wellbeing of the family"},{"id":24,"order":4,"props":{},"score":"0.00","title":"All of the above"}],"title":"Properly spacing children is good for (choose one):","type":"multichoice"}},{"id":7,"order":3,"question":{"id":7,"props":{"required":"true"},"responses":[{"id":25,"order":1,"props":{},"score":"0.00","title":"True"},{"id":26,"order":2,"props":{},"score":"0.00","title":"False"}],"title":"Practicing family planning helps a woman regain her strength before having her next baby","type":"multichoice"}},{"id":8,"order":4,"question":{"id":8,"props":{"required":"true"},"responses":[{"id":27,"order":1,"props":{},"score":"0.00","title":"Yes"},{"id":28,"order":2,"props":{},"score":"0.00","title":"No"},{"id":29,"order":3,"props":{},"score":"0.00","title":"Unsure"}],"title":"Do you intend to start using a family planning method?","type":"multichoice"}},{"id":9,"order":5,"question":{"id":9,"props":{"required":"true"},"responses":[{"id":30,"order":1,"props":{},"score":"0.00","title":"Consult with spouse"},{"id":31,"order":2,"props":{},"score":"0.00","title":"Consult with relatives\/ friends"},{"id":32,"order":3,"props":{},"score":"0.00","title":"Call Ujjwal Helpline"},{"id":33,"order":4,"props":{},"score":"0.00","title":"Call Ujjwal Clinic"},{"id":34,"order":5,"props":{},"score":"0.00","title":"Visit another primary health clinic"},{"id":35,"order":6,"props":{},"score":"0.00","title":"No action plan"},{"id":36,"order":7,"props":{},"score":"0.00","title":"Will not use FP"}],"title":"Which action will you take to begin using a family planning method? (Choose one)","type":"multichoice"}}],"resource_uri":"\/api\/v1\/quiz\/2\/","title":"Pre-test"}</content></activity><image filename="/images/21558.png"/><langs><lang>en</lang></langs></meta><structure><section order="1"><title lang="en">IUCD Module (4 films)</title><activities><activity type="page" order="1" digest="4f0191b12a2d77c88db34a4f6c197d1220676"><title lang="en">IUCD</title><image filename="/images/20676.png"/><location lang="en">01_20676_en.html</location></activity><activity type="page" order="2" digest="ab89c6a37f20104459fbb5c8dffe8db320588"><title lang="en">Doctor Speaks</title><media><file filename="iucd-ailulsil.m4v" download_url="http://downloads.digital-campus.org/media/ujjwal/iucd/iucd-ailulsil.m4v" digest="0205d436790267760fbb886221eb0c73" filesize="8451954" length="345"/></media><image filename="/images/20588.png"/><location lang="en">01_20588_en.html</location></activity><activity type="page" order="3" digest="87e4bc9c45093ce7fcd947aa5a9784b120593"><title lang="en">Real Stories</title><media><file filename="iucd-sweet-and-shaheen.m4v" download_url="http://downloads.digital-campus.org/media/ujjwal/iucd/iucd-sweet-and-shaheen.m4v" digest="bfcba1dad464b4b363d7e8bad8225702" filesize="3781330" length="148"/></media><image filename="/images/20593.png"/><location lang="en">01_20593_en.html</location></activity><activity type="page" order="4" digest="5c82dea83e0ec7eebb3c73edfa6144b620596"><title lang="en">Entertainment Films</title><media><file filename="iucd-right-choice.m4v" download_url="http://downloads.digital-campus.org/media/ujjwal/iucd/iucd-right-choice.m4v" digest="6344725d8baa519f65d5ce564a5d82c2" filesize="12883802" length="440"/></media><image filename="/images/20596.png"/><location lang="en">01_20596_en.html</location></activity><activity type="page" order="5" digest="9bc267a221c853443eaf0757527d70d820599"><title lang="en">TV Advertisement</title><media><file filename="iucd-remedy.m4v" download_url="http://downloads.digital-campus.org/media/ujjwal/iucd/iucd-remedy.m4v" digest="629b828d78ffe1c54a5d38400f625a4f" filesize="2178260" length="71"/></media><image filename="/images/20599.png"/><location lang="en">01_20599_en.html</location></activity><activity type="page" order="6" digest="f9bc7a4662986a2465d3970b3a7431b420608"><title lang="en">Get IUCD Information</title><image filename="/images/20608.png"/><location lang="en">01_20608_en.html</location></activity></activities></section><section order="2"><title lang="en">OCP Module (3 films)</title><activities><activity type="page" order="1" digest="2270fb9ea9604a5bf6fa3258efaa73ec20677"><title lang="en">OCP</title><image filename="/images/20677.png"/><location lang="en">02_20677_en.html</location></activity><activity type="page" order="2" digest="ab89c6a37f20104459fbb5c8dffe8db320590"><title lang="en">Doctor Speaks</title><media><file filename="iucd-ailulsil.m4v" download_url="http://downloads.digital-campus.org/media/ujjwal/iucd/iucd-ailulsil.m4v" digest="0205d436790267760fbb886221eb0c73" filesize="8451954" length="345"/></media><image filename="/images/20590.png"/><location lang="en">02_20590_en.html</location></activity><activity type="page" order="3" digest="87e4bc9c45093ce7fcd947aa5a9784b120594"><title lang="en">Real Stories</title><media><file filename="iucd-sweet-and-shaheen.m4v" download_url="http://downloads.digital-campus.org/media/ujjwal/iucd/iucd-sweet-and-shaheen.m4v" digest="bfcba1dad464b4b363d7e8bad8225702" filesize="3781330" length="148"/></media><image filename="/images/20594.png"/><location lang="en">02_20594_en.html</location></activity><activity type="page" order="4" digest="5c82dea83e0ec7eebb3c73edfa6144b620597"><title lang="en">Entertainment Films</title><media><file filename="iucd-right-choice.m4v" download_url="http://downloads.digital-campus.org/media/ujjwal/iucd/iucd-right-choice.m4v" digest="6344725d8baa519f65d5ce564a5d82c2" filesize="12883802" length="440"/></media><image filename="/images/20597.png"/><location lang="en">02_20597_en.html</location></activity><activity type="page" order="5" digest="04b5c0ea7f34c5b1bd561a42d15acd2120610"><title lang="en">Get OCP Information</title><image filename="/images/20610.png"/><location lang="en">02_20610_en.html</location></activity></activities></section><section order="3"><title lang="en">Injectables Module (4 films)</title><activities><activity type="page" order="1" digest="9e95589f0b8ec4508cca4b2aebbcf8b420678"><title lang="en">Injectable</title><image filename="/images/20678.png"/><location lang="en">03_20678_en.html</location></activity><activity type="page" order="2" digest="ab89c6a37f20104459fbb5c8dffe8db320591"><title lang="en">Doctor Speaks</title><media><file filename="iucd-ailulsil.m4v" download_url="http://downloads.digital-campus.org/media/ujjwal/iucd/iucd-ailulsil.m4v" digest="0205d436790267760fbb886221eb0c73" filesize="8451954" length="345"/></media><image filename="/images/20591.png"/><location lang="en">03_20591_en.html</location></activity><activity type="page" order="3" digest="87e4bc9c45093ce7fcd947aa5a9784b120595"><title lang="en">Real Stories</title><media><file filename="iucd-sweet-and-shaheen.m4v" download_url="http://downloads.digital-campus.org/media/ujjwal/iucd/iucd-sweet-and-shaheen.m4v" digest="bfcba1dad464b4b363d7e8bad8225702" filesize="3781330" length="148"/></media><image filename="/images/20595.png"/><location lang="en">03_20595_en.html</location></activity><activity type="page" order="4" digest="5c82dea83e0ec7eebb3c73edfa6144b620598"><title lang="en">Entertainment Films</title><media><file filename="iucd-right-choice.m4v" download_url="http://downloads.digital-campus.org/media/ujjwal/iucd/iucd-right-choice.m4v" digest="6344725d8baa519f65d5ce564a5d82c2" filesize="12883802" length="440"/></media><image filename="/images/20598.png"/><location lang="en">03_20598_en.html</location></activity><activity type="page" order="5" digest="9bc267a221c853443eaf0757527d70d820601"><title lang="en">TV Advertisement</title><media><file filename="iucd-remedy.m4v" download_url="http://downloads.digital-campus.org/media/ujjwal/iucd/iucd-remedy.m4v" digest="629b828d78ffe1c54a5d38400f625a4f" filesize="2178260" length="71"/></media><image filename="/images/20601.png"/><location lang="en">03_20601_en.html</location></activity><activity type="page" order="6" digest="c1371a1dfe3be88cd5ce40e9d24eb2e120611"><title lang="en">Get Injectables Information</title><image filename="/images/20611.png"/><location lang="en">03_20611_en.html</location></activity></activities></section><section order="4"><title lang="en">Condom Module (2 films)</title><activities><activity type="page" order="1" digest="520a3639d4e5d6314e54c4c5fe29982620679"><title lang="en">Condom</title><image filename="/images/20679.png"/><location lang="en">04_20679_en.html</location></activity><activity type="page" order="2" digest="ab89c6a37f20104459fbb5c8dffe8db320592"><title lang="en">Doctor Speaks</title><media><file filename="iucd-ailulsil.m4v" download_url="http://downloads.digital-campus.org/media/ujjwal/iucd/iucd-ailulsil.m4v" digest="0205d436790267760fbb886221eb0c73" filesize="8451954" length="345"/></media><image filename="/images/20592.png"/><location lang="en">04_20592_en.html</location></activity><activity type="page" order="3" digest="5c82dea83e0ec7eebb3c73edfa6144b620600"><title lang="en">Entertainment Films</title><media><file filename="iucd-right-choice.m4v" download_url="http://downloads.digital-campus.org/media/ujjwal/iucd/iucd-right-choice.m4v" digest="6344725d8baa519f65d5ce564a5d82c2" filesize="12883802" length="440"/></media><image filename="/images/20600.png"/><location lang="en">04_20600_en.html</location></activity><activity type="page" order="4" digest="2a080ff1247faa42a27edd04994b9ff020612"><title lang="en">Get Condom Information</title><image filename="/images/20612.png"/><location lang="en">04_20612_en.html</location></activity></activities></section><section order="5"><title lang="en">Next Steps</title><activities><activity type="page" order="1" digest="185f31453415574da42b8cdd6cd08ff020609"><title lang="en">Actions/Next steps</title><location lang="en">05_20609_en.html</location></activity><activity type="feedback" order="2" digest="7092de4ec5ccaeb4fbf43627843a882120629"><title lang="en">Post-test</title><content lang="en">{"description":"Next Steps","id":3,"lastupdated_date":"2014-08-21T07:38:42","owner":"\/api\/v1\/user\/1\/","props":{"courseversion":"20140821133820","digest":"7092de4ec5ccaeb4fbf43627843a882120629","maxscore":0},"questions":[{"id":10,"order":1,"question":{"id":10,"props":{"required":"true"},"responses":[{"id":37,"order":1,"props":{},"score":"0.00","title":"OCPs"},{"id":38,"order":2,"props":{},"score":"0.00","title":"IUCD"},{"id":39,"order":3,"props":{},"score":"0.00","title":"Injectable"},{"id":40,"order":4,"props":{},"score":"0.00","title":"Condoms"},{"id":41,"order":5,"props":{},"score":"0.00","title":"All of the above"}],"title":"Which of the following methods is used for spacing births of children?","type":"multichoice"}},{"id":11,"order":2,"question":{"id":11,"props":{"required":"true"},"responses":[{"id":42,"order":1,"props":{},"score":"0.00","title":"Mother's health"},{"id":43,"order":2,"props":{},"score":"0.00","title":"Child's health"},{"id":44,"order":3,"props":{},"score":"0.00","title":"Economic wellbeing of the family"},{"id":45,"order":4,"props":{},"score":"0.00","title":"All of the above"}],"title":"Properly spacing children is good for (choose one):","type":"multichoice"}},{"id":12,"order":3,"question":{"id":12,"props":{"required":"true"},"responses":[{"id":46,"order":1,"props":{},"score":"0.00","title":"True"},{"id":47,"order":2,"props":{},"score":"0.00","title":"False"}],"title":"Practicing family planning helps a woman regain her strength before having her next baby","type":"multichoice"}},{"id":13,"order":4,"question":{"id":13,"props":{"required":"true"},"responses":[{"id":48,"order":1,"props":{},"score":"0.00","title":"Yes"},{"id":49,"order":2,"props":{},"score":"0.00","title":"No"},{"id":50,"order":3,"props":{},"score":"0.00","title":"Unsure"}],"title":"Do you intend to start using a family planning method?","type":"multichoice"}},{"id":14,"order":5,"question":{"id":14,"props":{"required":"true"},"responses":[{"id":51,"order":1,"props":{},"score":"0.00","title":"Consult with spouse"},{"id":52,"order":2,"props":{},"score":"0.00","title":"Consult with relatives\/ friends"},{"id":53,"order":3,"props":{},"score":"0.00","title":"Call Ujjwal Helpline"},{"id":54,"order":4,"props":{},"score":"0.00","title":"Call Ujjwal Clinic"},{"id":55,"order":5,"props":{},"score":"0.00","title":"Visit another primary health clinic"},{"id":56,"order":6,"props":{},"score":"0.00","title":"No action plan"},{"id":57,"order":7,"props":{},"score":"0.00","title":"Will not use FP"}],"title":"Which action will you take to begin using a family planning method? (Choose one)","type":"multichoice"}}],"resource_uri":"\/api\/v1\/quiz\/3\/","title":"Post-test"}</content></activity></activities></section></structure><media><file filename="iucd-ailulsil.m4v" download_url="http://downloads.digital-campus.org/media/ujjwal/iucd/iucd-ailulsil.m4v" digest="0205d436790267760fbb886221eb0c73" filesize="8451954" length="345"/><file filename="iucd-sweet-and-shaheen.m4v" download_url="http://downloads.digital-campus.org/media/ujjwal/iucd/iucd-sweet-and-shaheen.m4v" digest="bfcba1dad464b4b363d7e8bad8225702" filesize="3781330" length="148"/><file filename="iucd-right-choice.m4v" download_url="http://downloads.digital-campus.org/media/ujjwal/iucd/iucd-right-choice.m4v" digest="6344725d8baa519f65d5ce564a5d82c2" filesize="12883802" length="440"/><file filename="iucd-remedy.m4v" download_url="http://downloads.digital-campus.org/media/ujjwal/iucd/iucd-remedy.m4v" digest="629b828d78ffe1c54a5d38400f625a4f" filesize="2178260" length="71"/></media></module>
