<?xml version="1.0"?>
<module><meta><versionid>20140708145053</versionid><priority>0</priority><server>http://demo.oppia-mobile.org/</server><title lang="en">Female Sterilisation</title><shortname>us-fs</shortname><description lang="en"></description><langs><lang>en</lang></langs></meta><structure><section order="1"><title lang="en">Client pre-test</title><activities><activity type="feedback" order="1" digest="4748a75a1cd57f23061f28e1ff36473216827"><title lang="en">Client Pre-test</title><content lang="en">{"description":"Client pre-test","id":1300,"lastupdated_date":"2014-07-08T15:47:43","owner":"\/api\/v1\/user\/1\/","props":{"courseversion":"20140708145053","digest":"4748a75a1cd57f23061f28e1ff36473216827","maxscore":0},"questions":[{"id":11888,"order":1,"question":{"id":12094,"props":{"required":"true"},"responses":[],"title":"Name","type":"essay"}},{"id":11889,"order":2,"question":{"id":12095,"props":{"required":"true"},"responses":[],"title":"Age","type":"essay"}},{"id":11890,"order":3,"question":{"id":12096,"props":{"required":"true"},"responses":[{"id":31985,"order":1,"props":{},"score":"0.00","title":"Male"},{"id":31986,"order":2,"props":{},"score":"0.00","title":"Female"}],"title":"Gender","type":"multichoice"}},{"id":11891,"order":4,"question":{"id":12097,"props":{"required":"true"},"responses":[{"id":31987,"order":1,"props":{},"score":"0.00","title":"Yes"},{"id":31988,"order":2,"props":{},"score":"0.00","title":"No"}],"title":"Are you currently pregnant\/ expecting a child?","type":"multichoice"}},{"id":11892,"order":5,"question":{"id":12098,"props":{"required":"false"},"responses":[{"id":31989,"order":1,"props":{},"score":"0.00","title":"1"},{"id":31990,"order":2,"props":{},"score":"0.00","title":"2"},{"id":31991,"order":3,"props":{},"score":"0.00","title":"3"},{"id":31992,"order":4,"props":{},"score":"0.00","title":"4"},{"id":31993,"order":5,"props":{},"score":"0.00","title":"More than 4"}],"title":"How many children do you have?","type":"multichoice"}},{"id":11893,"order":6,"question":{"id":12099,"props":{"required":"true"},"responses":[{"id":31994,"order":1,"props":{},"score":"0.00","title":"Yes"},{"id":31995,"order":2,"props":{},"score":"0.00","title":"No"}],"title":"Do you believe it is important to space children?","type":"multichoice"}},{"id":11894,"order":7,"question":{"id":12100,"props":{"required":"true"},"responses":[{"id":31996,"order":1,"props":{},"score":"0.00","title":"Yes"},{"id":31997,"order":2,"props":{},"score":"0.00","title":"No"}],"title":"Do you believe it is important to limit family size?","type":"multichoice"}},{"id":11895,"order":8,"question":{"id":12101,"props":{"required":"true"},"responses":[{"id":31998,"order":1,"props":{},"score":"0.00","title":"Yes"},{"id":31999,"order":2,"props":{},"score":"0.00","title":"No"}],"title":"Are you aware of family planning?","type":"multichoice"}},{"id":11896,"order":9,"question":{"id":12102,"props":{"required":"true"},"responses":[{"id":32000,"order":1,"props":{},"score":"0.00","title":"Injectables"},{"id":32001,"order":2,"props":{},"score":"0.00","title":"IUCD or Copper T"},{"id":32002,"order":3,"props":{},"score":"0.00","title":"Condom"},{"id":32003,"order":4,"props":{},"score":"0.00","title":"Female Sterilization"},{"id":32004,"order":5,"props":{},"score":"0.00","title":"Male Sterilization"},{"id":32005,"order":6,"props":{},"score":"0.00","title":"OCPs"}],"title":"Which of the following family planning option are you aware of?","type":"multichoice"}},{"id":11897,"order":10,"question":{"id":12103,"props":{"required":"true"},"responses":[{"id":32006,"order":1,"props":{},"score":"0.00","title":"Yes"},{"id":32007,"order":2,"props":{},"score":"0.00","title":"No"}],"title":"Are you using of any the methods listed above?","type":"multichoice"}},{"id":11898,"order":11,"question":{"id":12104,"props":{"required":"false"},"responses":[{"id":32008,"order":1,"props":{},"score":"0.00","title":"Yes"},{"id":32009,"order":2,"props":{},"score":"0.00","title":"No"},{"id":32010,"order":3,"props":{},"score":"0.00","title":"Don't know\/can't say"}],"title":"Do you think family planning methods are safe to use?","type":"multichoice"}},{"id":11899,"order":12,"question":{"id":12105,"props":{"required":"true"},"responses":[{"id":32011,"order":1,"props":{},"score":"0.00","title":"Yes"},{"id":32012,"order":2,"props":{},"score":"0.00","title":"Perhaps, with some assistance"},{"id":32013,"order":3,"props":{},"score":"0.00","title":"No"},{"id":32014,"order":4,"props":{},"score":"0.00","title":"Not interested"}],"title":"Do you feel confident you will be able to use family planning?","type":"multichoice"}},{"id":11900,"order":13,"question":{"id":12106,"props":{"required":"true"},"responses":[{"id":32015,"order":1,"props":{},"score":"0.00","title":"Yes"},{"id":32016,"order":2,"props":{},"score":"0.00","title":"No"}],"title":"Do you intend to adopt family planning?","type":"multichoice"}},{"id":11901,"order":14,"question":{"id":12107,"props":{"required":"false"},"responses":[{"id":32017,"order":1,"props":{},"score":"0.00","title":"Today"},{"id":32018,"order":2,"props":{},"score":"0.00","title":"Within 1 week"},{"id":32019,"order":3,"props":{},"score":"0.00","title":"Within 2 weeks"},{"id":32020,"order":4,"props":{},"score":"0.00","title":"Within 1 month"},{"id":32021,"order":5,"props":{},"score":"0.00","title":"More than 1 month"},{"id":32022,"order":6,"props":{},"score":"0.00","title":"Never"}],"title":"How soon do you intend to begin using family planning?","type":"multichoice"}}],"resource_uri":"\/api\/v1\/quiz\/1300\/","title":"Client Pre-test"}</content></activity></activities></section></structure></module>
