<?xml version="1.0"?>
<module><meta><versionid>20140827151326</versionid><priority>3</priority><server>http://ujjwal.oppia-mobile.org/</server><title lang="en">Adopting a male-focused method</title><shortname>us-malefocused</shortname><description lang="en"></description><image filename="/images/21629.png"/><langs><lang>en</lang></langs></meta><structure><section order="1"><title lang="en">Condoms</title><activities><activity type="page" order="1" digest="72a426c9989ac153ee9c8df8496d607120625"><title lang="en">Condom</title><image filename="/images/20625.png"/><location lang="en">01_20625_en.html</location></activity><activity type="page" order="2" digest="570843f5fc340212b5c6e0ab2dd986b820686"><title lang="en">Doctor Speaks</title><media><file filename="doctor-speaks-on-condom.m4v" download_url="http://downloads.digital-campus.org/media/ujjwal/doctor-speaks-on-condom.m4v" digest="eb2f0739f8c03c431c8eeb4eb966cc6b" filesize="3731126" length="227"/></media><image filename="/images/20686.png"/><location lang="en">01_20686_en.html</location></activity><activity type="page" order="3" digest="cc10667d9010c6e70969026ca82d578420687"><title lang="en">Real Stories</title><media><file filename="raj-kumar-and-suman.m4v" download_url="http://downloads.digital-campus.org/media/ujjwal/raj-kumar-and-suman.m4v" digest="01f01a1a7f9e5277489b6ea1eeef8dbb" filesize="4742281" length="169"/></media><image filename="/images/20687.png"/><location lang="en">01_20687_en.html</location></activity><activity type="page" order="4" digest="c0dbfe7037ec2f0fd28c3d65216f1ca420688"><title lang="en">Entertainment Film</title><media><file filename="smart-soch.m4v" download_url="http://downloads.digital-campus.org/media/ujjwal/smart-soch.m4v" digest="4ee512c4fd54c2e481a085ebb43e6c6e" filesize="17877131" length="499"/></media><image filename="/images/20688.png"/><location lang="en">01_20688_en.html</location></activity><activity type="page" order="5" digest="35e73f5a0c0f7b5c32e7089c6df0369620689"><title lang="en">Get Condom Info</title><image filename="/images/20689.png"/><location lang="en">01_20689_en.html</location></activity><activity type="page" order="6" digest="fcd42ae9d01605cc176d358bd4aa566020797"><title lang="en">Action steps</title><location lang="en">01_20797_en.html</location></activity></activities></section><section order="2"><title lang="en">NSV (Male Sterilization)</title><activities><activity type="page" order="1" digest="812f741d59dc2d0488ba0deac1cd043320690"><title lang="en">NSV</title><image filename="/images/20690.png"/><location lang="en">02_20690_en.html</location></activity><activity type="page" order="2" digest="130ecb5dfc4c60132e6d0c4e8c279e1320691"><title lang="en">Doctor Speaks</title><image filename="/images/20691.png"/><location lang="en">02_20691_en.html</location></activity><activity type="page" order="3" digest="e4048ed941af258b3527f460a9113e3920692"><title lang="en">Real Stories</title><media><file filename="shubham-and-poonam.m4v" download_url="http://downloads.digital-campus.org/media/ujjwal/shubham-and-poonam.m4v" digest="376096c5faa46bb83e0865ff37c1d406" filesize="7747287" length="180"/></media><image filename="/images/20692.png"/><location lang="en">02_20692_en.html</location></activity><activity type="page" order="4" digest="4e021791c13446f00a708a5a3df5280220693"><title lang="en">Entertainment Films</title><media><file filename="asli-dabangg.m4v" download_url="http://downloads.digital-campus.org/media/ujjwal/asli-dabangg.m4v" digest="73043300268362dd5410db827ec4bac7" filesize="21658083" length="588"/></media><image filename="/images/20693.png"/><location lang="en">02_20693_en.html</location></activity><activity type="page" order="5" digest="4d8ce6fcbe4d9f2d319be817cc495e1620694"><title lang="en">TVC</title><media><file filename="munna-ki-kahani.m4v" download_url="http://downloads.digital-campus.org/media/ujjwal/munna-ki-kahani.m4v" digest="ee1493df1ae1e15879ae9c4c54f675b4" filesize="2648961" length="71"/></media><image filename="/images/20694.png"/><location lang="en">02_20694_en.html</location></activity><activity type="page" order="6" digest="8baacc522ce9c270f08084266deaea2620695"><title lang="en">Get Male Sterilization Info</title><location lang="en">02_20695_en.html</location></activity><activity type="page" order="7" digest="7f25dfa2ce23e957456aa771021fc09420798"><title lang="en">Action steps</title><location lang="en">02_20798_en.html</location></activity></activities></section></structure><media><file filename="doctor-speaks-on-condom.m4v" download_url="http://downloads.digital-campus.org/media/ujjwal/doctor-speaks-on-condom.m4v" digest="eb2f0739f8c03c431c8eeb4eb966cc6b" filesize="3731126" length="227"/><file filename="raj-kumar-and-suman.m4v" download_url="http://downloads.digital-campus.org/media/ujjwal/raj-kumar-and-suman.m4v" digest="01f01a1a7f9e5277489b6ea1eeef8dbb" filesize="4742281" length="169"/><file filename="smart-soch.m4v" download_url="http://downloads.digital-campus.org/media/ujjwal/smart-soch.m4v" digest="4ee512c4fd54c2e481a085ebb43e6c6e" filesize="17877131" length="499"/><file filename="shubham-and-poonam.m4v" download_url="http://downloads.digital-campus.org/media/ujjwal/shubham-and-poonam.m4v" digest="376096c5faa46bb83e0865ff37c1d406" filesize="7747287" length="180"/><file filename="asli-dabangg.m4v" download_url="http://downloads.digital-campus.org/media/ujjwal/asli-dabangg.m4v" digest="73043300268362dd5410db827ec4bac7" filesize="21658083" length="588"/><file filename="munna-ki-kahani.m4v" download_url="http://downloads.digital-campus.org/media/ujjwal/munna-ki-kahani.m4v" digest="ee1493df1ae1e15879ae9c4c54f675b4" filesize="2648961" length="71"/></media></module>
