<?xml version="1.0"?>
<module><meta><versionid>20140830122131</versionid><priority>7</priority><server>http://ujjwal.oppia-mobile.org/</server><title lang="en">Proper spacing of births/children</title><shortname>us-spacing</shortname><description lang="en"></description><activity type="feedback" order="2" digest="b07b7579796ea26041803373bfb81d2220602"><title lang="en">Pre-test</title><content lang="en">{"description":"Pre-test","id":2,"lastupdated_date":"2014-08-21T07:38:15","owner":"\/api\/v1\/user\/1\/","props":{"courseversion":"20140821133820","digest":"b07b7579796ea26041803373bfb81d2220602","maxscore":0},"questions":[{"id":5,"order":1,"question":{"id":5,"props":{"required":"true"},"responses":[{"id":16,"order":1,"props":{},"score":"0.00","title":"OCPs"},{"id":17,"order":2,"props":{},"score":"0.00","title":"IUCD"},{"id":18,"order":3,"props":{},"score":"0.00","title":"Injectable"},{"id":19,"order":4,"props":{},"score":"0.00","title":"Condoms"},{"id":20,"order":5,"props":{},"score":"0.00","title":"All of the above"}],"title":"Which of the following methods is used for spacing births of children?","type":"multiselect"}},{"id":6,"order":2,"question":{"id":6,"props":{"required":"true"},"responses":[{"id":21,"order":1,"props":{},"score":"0.00","title":"Mother's health"},{"id":22,"order":2,"props":{},"score":"0.00","title":"Child's health"},{"id":23,"order":3,"props":{},"score":"0.00","title":"Economic wellbeing of the family"},{"id":24,"order":4,"props":{},"score":"0.00","title":"All of the above"}],"title":"Properly spacing children is good for (choose one):","type":"multichoice"}},{"id":7,"order":3,"question":{"id":7,"props":{"required":"true"},"responses":[{"id":25,"order":1,"props":{},"score":"0.00","title":"True"},{"id":26,"order":2,"props":{},"score":"0.00","title":"False"}],"title":"Practicing family planning helps a woman regain her strength before having her next baby","type":"multichoice"}},{"id":8,"order":4,"question":{"id":8,"props":{"required":"true"},"responses":[{"id":27,"order":1,"props":{},"score":"0.00","title":"Yes"},{"id":28,"order":2,"props":{},"score":"0.00","title":"No"},{"id":29,"order":3,"props":{},"score":"0.00","title":"Unsure"}],"title":"Do you intend to start using a family planning method?","type":"multichoice"}},{"id":9,"order":5,"question":{"id":9,"props":{"required":"true"},"responses":[{"id":30,"order":1,"props":{},"score":"0.00","title":"Consult with spouse"},{"id":31,"order":2,"props":{},"score":"0.00","title":"Consult with relatives\/ friends"},{"id":32,"order":3,"props":{},"score":"0.00","title":"Call Ujjwal Helpline"},{"id":33,"order":4,"props":{},"score":"0.00","title":"Call Ujjwal Clinic"},{"id":34,"order":5,"props":{},"score":"0.00","title":"Visit another primary health clinic"},{"id":35,"order":6,"props":{},"score":"0.00","title":"No action plan"},{"id":36,"order":7,"props":{},"score":"0.00","title":"Will not use FP"}],"title":"Which action will you take to begin using a family planning method? (Choose one)","type":"multichoice"}}],"resource_uri":"\/api\/v1\/quiz\/2\/","title":"Pre-test"}</content></activity><image filename="/images/21558.png"/><langs><lang>en</lang></langs></meta><structure><section order="1"><title lang="en">IUCD Module (4 films)</title><activities><activity type="page" order="1" digest="0f6cf4d983a5191815823e0a9301ad2b20676"><title lang="en">IUCD</title><image filename="/images/20676.png"/><location lang="en">01_20676_en.html</location></activity><activity type="page" order="2" digest="3239f72beae9f99080da65858ed4bbe720588"><title lang="en">Doctor Speaks</title><media><file filename="doctor-speaks-on-iucd.m4v" download_url="http://downloads.digital-campus.org/media/ujjwal/doctor-speaks-on-iucd.m4v" digest="3095ccc0d6405f85b53cfbb3dde1fd9d" filesize="8451962" length="345"/></media><image filename="/images/20588.png"/><location lang="en">01_20588_en.html</location></activity><activity type="page" order="3" digest="fb83678ce3cdc2f5760364cd2e0a3acd20593"><title lang="en">Real Stories</title><media><file filename="amrita-and-gajendra.m4v" download_url="http://downloads.digital-campus.org/media/ujjwal/amrita-and-gajendra.m4v" digest="c9ad170ecf1844a8685dbf08b83a50bf" filesize="8182807" length="180"/></media><image filename="/images/20593.png"/><location lang="en">01_20593_en.html</location></activity><activity type="page" order="4" digest="2e5462cbbf4521c0ba2a3dca5634c8a920596"><title lang="en">Entertainment Films</title><media><file filename="iucd-right-choice.m4v" download_url="http://downloads.digital-campus.org/media/ujjwal/iucd-right-choice.m4v" digest="6344725d8baa519f65d5ce564a5d82c2" filesize="12883802" length="440"/></media><image filename="/images/20596.png"/><location lang="en">01_20596_en.html</location></activity><activity type="page" order="5" digest="9cee01ee98ad3c690bb9b96c0c6db24020599"><title lang="en">TV Advertisement</title><media><file filename="rajesh-kumar.m4v" download_url="http://downloads.digital-campus.org/media/ujjwal/rajesh-kumar.m4v" digest="e44451268715a1c9acef8883db6a4af5" filesize="2520203" length="72"/></media><image filename="/images/20599.png"/><location lang="en">01_20599_en.html</location></activity><activity type="page" order="6" digest="f9bc7a4662986a2465d3970b3a7431b420608"><title lang="en">Get IUCD Information</title><image filename="/images/20608.png"/><location lang="en">01_20608_en.html</location></activity><activity type="page" order="7" digest="e7975bda3d086c115065ea6e311773db20777"><title lang="en">Action steps</title><location lang="en">01_20777_en.html</location></activity></activities></section><section order="2"><title lang="en">Injectables Module (4 films)</title><activities><activity type="page" order="1" digest="95d884c1ea1a956c89e1e3e348e3d94120678"><title lang="en">Injectable</title><image filename="/images/20678.png"/><location lang="en">02_20678_en.html</location></activity><activity type="page" order="2" digest="de7635ca98adac426f914c0c7da68e8220778"><title lang="en">Doctor Speaks</title><media><file filename="doctor-speaks-on-injectable.m4v" download_url="http://downloads.digital-campus.org/media/ujjwal/doctor-speaks-on-injectable.m4v" digest="ab08306ca4722aa3bf450e417fdd39f6" filesize="6142156" length="250"/></media><image filename="/images/20778.png"/><location lang="en">02_20778_en.html</location></activity><activity type="page" order="3" digest="3d4f9eb1fde790f7c616f13338f19e2820779"><title lang="en">Real Stories</title><media><file filename="nishu-and-jitendra.m4v" download_url="http://downloads.digital-campus.org/media/ujjwal/nishu-and-jitendra.m4v" digest="ea08ab70165899d1c04e8c9ef24b191b" filesize="9974916" length="180"/><file filename="shamsun-and-aas-mohammed.m4v" download_url="http://downloads.digital-campus.org/media/ujjwal/shamsun-and-aas-mohammed.m4v" digest="c42e2f1e5bfc639ef85ad9b46a29894a" filesize="8359273" length="180"/></media><image filename="/images/20779.png"/><location lang="en">02_20779_en.html</location></activity><activity type="page" order="4" digest="fcef55e895d6fbfde8a4e5c79380d3ea20780"><title lang="en">Entertainment Film</title><media><file filename="love-befikr.m4v" download_url="http://downloads.digital-campus.org/media/ujjwal/love-befikr.m4v" digest="cdc496f7575a277c232458828b311e45" filesize="14313716" length="442"/></media><image filename="/images/20780.png"/><location lang="en">02_20780_en.html</location></activity><activity type="page" order="5" digest="cc9894a8cb93256746cad13ed239143a20781"><title lang="en">TVC</title><media><file filename="bahana.m4v" download_url="http://downloads.digital-campus.org/media/ujjwal/bahana.m4v" digest="a3e689f6f27af41fc00a6f4d1c397b3c" filesize="1267262" length="51"/></media><image filename="/images/20781.png"/><location lang="en">02_20781_en.html</location></activity><activity type="page" order="6" digest="c1371a1dfe3be88cd5ce40e9d24eb2e120782"><title lang="en">Get injectables information</title><location lang="en">02_20782_en.html</location></activity><activity type="page" order="7" digest="75673c9ac8d58d1559b72efc835ec3e920783"><title lang="en">Action steps</title><location lang="en">02_20783_en.html</location></activity></activities></section><section order="3"><title lang="en">Condom Module (2 films)</title><activities><activity type="page" order="1" digest="72a426c9989ac153ee9c8df8496d607120679"><title lang="en">Condom</title><image filename="/images/20679.png"/><location lang="en">03_20679_en.html</location></activity><activity type="page" order="2" digest="570843f5fc340212b5c6e0ab2dd986b820592"><title lang="en">Doctor Speaks</title><media><file filename="doctor-speaks-on-condom.m4v" download_url="http://downloads.digital-campus.org/media/ujjwal/doctor-speaks-on-condom.m4v" digest="eb2f0739f8c03c431c8eeb4eb966cc6b" filesize="3731126" length="227"/></media><image filename="/images/20592.png"/><location lang="en">03_20592_en.html</location></activity><activity type="page" order="3" digest="cc10667d9010c6e70969026ca82d578420786"><title lang="en">Role Model</title><media><file filename="raj-kumar-and-suman.m4v" download_url="http://downloads.digital-campus.org/media/ujjwal/raj-kumar-and-suman.m4v" digest="01f01a1a7f9e5277489b6ea1eeef8dbb" filesize="4742281" length="169"/></media><image filename="/images/20786.png"/><location lang="en">03_20786_en.html</location></activity><activity type="page" order="4" digest="c0dbfe7037ec2f0fd28c3d65216f1ca420600"><title lang="en">Entertainment Films</title><media><file filename="smart-soch.m4v" download_url="http://downloads.digital-campus.org/media/ujjwal/smart-soch.m4v" digest="4ee512c4fd54c2e481a085ebb43e6c6e" filesize="17877131" length="499"/></media><image filename="/images/20600.png"/><location lang="en">03_20600_en.html</location></activity><activity type="page" order="5" digest="2a080ff1247faa42a27edd04994b9ff020612"><title lang="en">Get Condom Information</title><image filename="/images/20612.png"/><location lang="en">03_20612_en.html</location></activity><activity type="page" order="6" digest="75673c9ac8d58d1559b72efc835ec3e920785"><title lang="en">Action steps</title><location lang="en">03_20785_en.html</location></activity></activities></section><section order="4"><title lang="en">OCP Module (3 films)</title><activities><activity type="page" order="1" digest="d2ee6989dfde4979f83debb86dab9cd020677"><title lang="en">OCP</title><image filename="/images/20677.png"/><location lang="en">04_20677_en.html</location></activity><activity type="page" order="2" digest="8d5611f8b5ab2872c66739977269990920590"><title lang="en">Doctor Speaks</title><media><file filename="doctor-speaks-on-ocp.m4v" download_url="http://downloads.digital-campus.org/media/ujjwal/doctor-speaks-on-ocp.m4v" digest="9ebcc29dc792259283e8d495ebae4b03" filesize="7530833" length="304"/></media><image filename="/images/20590.png"/><location lang="en">04_20590_en.html</location></activity><activity type="page" order="3" digest="e368fd7a74c2bec1a5a0fcb90b42204020594"><title lang="en">Real Stories</title><media><file filename="sarita-and-raj-kishore.m4v" download_url="http://downloads.digital-campus.org/media/ujjwal/sarita-and-raj-kishore.m4v" digest="1389ec0a080ca9b3b39bfe357c78c46e" filesize="8110915" length="180"/></media><image filename="/images/20594.png"/><location lang="en">04_20594_en.html</location></activity><activity type="page" order="4" digest="04b5c0ea7f34c5b1bd561a42d15acd2120610"><title lang="en">Get OCP Information</title><image filename="/images/20610.png"/><location lang="en">04_20610_en.html</location></activity><activity type="page" order="5" digest="75673c9ac8d58d1559b72efc835ec3e920784"><title lang="en">Action steps</title><location lang="en">04_20784_en.html</location></activity></activities></section><section order="5"><title lang="en">Next Steps</title><activities><activity type="feedback" order="1" digest="7092de4ec5ccaeb4fbf43627843a882120629"><title lang="en">Post-test</title><content lang="en">{"description":"Next Steps","id":3,"lastupdated_date":"2014-08-21T07:38:42","owner":"\/api\/v1\/user\/1\/","props":{"courseversion":"20140821133820","digest":"7092de4ec5ccaeb4fbf43627843a882120629","maxscore":0},"questions":[{"id":10,"order":1,"question":{"id":10,"props":{"required":"true"},"responses":[{"id":37,"order":1,"props":{},"score":"0.00","title":"OCPs"},{"id":38,"order":2,"props":{},"score":"0.00","title":"IUCD"},{"id":39,"order":3,"props":{},"score":"0.00","title":"Injectable"},{"id":40,"order":4,"props":{},"score":"0.00","title":"Condoms"},{"id":41,"order":5,"props":{},"score":"0.00","title":"All of the above"}],"title":"Which of the following methods is used for spacing births of children?","type":"multichoice"}},{"id":11,"order":2,"question":{"id":11,"props":{"required":"true"},"responses":[{"id":42,"order":1,"props":{},"score":"0.00","title":"Mother's health"},{"id":43,"order":2,"props":{},"score":"0.00","title":"Child's health"},{"id":44,"order":3,"props":{},"score":"0.00","title":"Economic wellbeing of the family"},{"id":45,"order":4,"props":{},"score":"0.00","title":"All of the above"}],"title":"Properly spacing children is good for (choose one):","type":"multichoice"}},{"id":12,"order":3,"question":{"id":12,"props":{"required":"true"},"responses":[{"id":46,"order":1,"props":{},"score":"0.00","title":"True"},{"id":47,"order":2,"props":{},"score":"0.00","title":"False"}],"title":"Practicing family planning helps a woman regain her strength before having her next baby","type":"multichoice"}},{"id":13,"order":4,"question":{"id":13,"props":{"required":"true"},"responses":[{"id":48,"order":1,"props":{},"score":"0.00","title":"Yes"},{"id":49,"order":2,"props":{},"score":"0.00","title":"No"},{"id":50,"order":3,"props":{},"score":"0.00","title":"Unsure"}],"title":"Do you intend to start using a family planning method?","type":"multichoice"}},{"id":14,"order":5,"question":{"id":14,"props":{"required":"true"},"responses":[{"id":51,"order":1,"props":{},"score":"0.00","title":"Consult with spouse"},{"id":52,"order":2,"props":{},"score":"0.00","title":"Consult with relatives\/ friends"},{"id":53,"order":3,"props":{},"score":"0.00","title":"Call Ujjwal Helpline"},{"id":54,"order":4,"props":{},"score":"0.00","title":"Call Ujjwal Clinic"},{"id":55,"order":5,"props":{},"score":"0.00","title":"Visit another primary health clinic"},{"id":56,"order":6,"props":{},"score":"0.00","title":"No action plan"},{"id":57,"order":7,"props":{},"score":"0.00","title":"Will not use FP"}],"title":"Which action will you take to begin using a family planning method? (Choose one)","type":"multichoice"}}],"resource_uri":"\/api\/v1\/quiz\/3\/","title":"Post-test"}</content></activity></activities></section></structure><media><file filename="doctor-speaks-on-iucd.m4v" download_url="http://downloads.digital-campus.org/media/ujjwal/doctor-speaks-on-iucd.m4v" digest="3095ccc0d6405f85b53cfbb3dde1fd9d" filesize="8451962" length="345"/><file filename="amrita-and-gajendra.m4v" download_url="http://downloads.digital-campus.org/media/ujjwal/amrita-and-gajendra.m4v" digest="c9ad170ecf1844a8685dbf08b83a50bf" filesize="8182807" length="180"/><file filename="iucd-right-choice.m4v" download_url="http://downloads.digital-campus.org/media/ujjwal/iucd-right-choice.m4v" digest="6344725d8baa519f65d5ce564a5d82c2" filesize="12883802" length="440"/><file filename="rajesh-kumar.m4v" download_url="http://downloads.digital-campus.org/media/ujjwal/rajesh-kumar.m4v" digest="e44451268715a1c9acef8883db6a4af5" filesize="2520203" length="72"/><file filename="doctor-speaks-on-injectable.m4v" download_url="http://downloads.digital-campus.org/media/ujjwal/doctor-speaks-on-injectable.m4v" digest="ab08306ca4722aa3bf450e417fdd39f6" filesize="6142156" length="250"/><file filename="nishu-and-jitendra.m4v" download_url="http://downloads.digital-campus.org/media/ujjwal/nishu-and-jitendra.m4v" digest="ea08ab70165899d1c04e8c9ef24b191b" filesize="9974916" length="180"/><file filename="shamsun-and-aas-mohammed.m4v" download_url="http://downloads.digital-campus.org/media/ujjwal/shamsun-and-aas-mohammed.m4v" digest="c42e2f1e5bfc639ef85ad9b46a29894a" filesize="8359273" length="180"/><file filename="love-befikr.m4v" download_url="http://downloads.digital-campus.org/media/ujjwal/love-befikr.m4v" digest="cdc496f7575a277c232458828b311e45" filesize="14313716" length="442"/><file filename="bahana.m4v" download_url="http://downloads.digital-campus.org/media/ujjwal/bahana.m4v" digest="a3e689f6f27af41fc00a6f4d1c397b3c" filesize="1267262" length="51"/><file filename="doctor-speaks-on-condom.m4v" download_url="http://downloads.digital-campus.org/media/ujjwal/doctor-speaks-on-condom.m4v" digest="eb2f0739f8c03c431c8eeb4eb966cc6b" filesize="3731126" length="227"/><file filename="raj-kumar-and-suman.m4v" download_url="http://downloads.digital-campus.org/media/ujjwal/raj-kumar-and-suman.m4v" digest="01f01a1a7f9e5277489b6ea1eeef8dbb" filesize="4742281" length="169"/><file filename="smart-soch.m4v" download_url="http://downloads.digital-campus.org/media/ujjwal/smart-soch.m4v" digest="4ee512c4fd54c2e481a085ebb43e6c6e" filesize="17877131" length="499"/><file filename="doctor-speaks-on-ocp.m4v" download_url="http://downloads.digital-campus.org/media/ujjwal/doctor-speaks-on-ocp.m4v" digest="9ebcc29dc792259283e8d495ebae4b03" filesize="7530833" length="304"/><file filename="sarita-and-raj-kishore.m4v" download_url="http://downloads.digital-campus.org/media/ujjwal/sarita-and-raj-kishore.m4v" digest="1389ec0a080ca9b3b39bfe357c78c46e" filesize="8110915" length="180"/></media></module>
