<?xml version="1.0"?>
<module><meta><versionid>20140908103830</versionid><priority>10</priority><server>http://ujjwal.oppia-mobile.org/</server><title lang="en">Guidelines on mHealth toolkit	   </title><shortname>us-guidelines</shortname><description lang="en"></description><langs><lang>en</lang></langs></meta><structure><section order="1"><title lang="en">Introduction to mHealth Toolkit</title><activities><activity type="page" order="1" digest="4463e4fa086ae00860cba5b905b95c0020584"><title lang="en">Types of Clients</title><image filename="/images/20584.png"/><location lang="en">01_20584_en.html</location></activity><activity type="page" order="2" digest="0dfedb1c363fdd05052539e059ed0dd920659"><title lang="en">Types of Multimedia</title><image filename="/images/20659.png"/><location lang="en">01_20659_en.html</location></activity><activity type="page" order="3" digest="7811bd5ab8b9c9093718cdf1952b5d6820860"><title lang="en">Types of Methods</title><image filename="/images/20860.png"/><location lang="en">01_20860_en.html</location></activity><activity type="page" order="4" digest="a08c94cc9d5991f87b0cdd2af203f83120585"><title lang="en">Suggested use</title><location lang="en">01_20585_en.html</location></activity></activities></section></structure></module>
