<?xml version="1.0"?>
<module><meta><versionid>20140725185030</versionid><priority>4</priority><server>http://demo.oppia-mobile.org/</server><title lang="en">Counselling</title><shortname>us-cou</shortname><description lang="en"></description><activity type="feedback" order="2" digest="f501ff9ba2dda9d98bcb67bfd730199020562"><title lang="en">Client Pre-test</title><content lang="en">{"description":"Client Pre-test","id":1756,"lastupdated_date":"2014-07-25T19:49:57","owner":"\/api\/v1\/user\/1\/","props":{"courseversion":"20140725185030","digest":"f501ff9ba2dda9d98bcb67bfd730199020562","maxscore":0},"questions":[{"id":17785,"order":1,"question":{"id":17992,"props":{"required":"true"},"responses":[],"title":"Name","type":"essay"}},{"id":17786,"order":2,"question":{"id":17993,"props":{"required":"true"},"responses":[],"title":"Age","type":"numerical"}},{"id":17787,"order":3,"question":{"id":17994,"props":{"required":"true"},"responses":[{"id":48129,"order":1,"props":{},"score":"0.00","title":"Male"},{"id":48130,"order":2,"props":{},"score":"0.00","title":"Female"}],"title":"Gender","type":"multichoice"}},{"id":17788,"order":4,"question":{"id":17995,"props":{"required":"true"},"responses":[{"id":48131,"order":1,"props":{},"score":"0.00","title":"Yes"},{"id":48132,"order":2,"props":{},"score":"0.00","title":"No"}],"title":"Are you currently pregnant\/ expecting a child?","type":"multichoice"}},{"id":17789,"order":5,"question":{"id":17996,"props":{"required":"false"},"responses":[{"id":48133,"order":1,"props":{},"score":"0.00","title":"0"},{"id":48134,"order":2,"props":{},"score":"0.00","title":"1"},{"id":48135,"order":3,"props":{},"score":"0.00","title":"2"},{"id":48136,"order":4,"props":{},"score":"0.00","title":"3"},{"id":48137,"order":5,"props":{},"score":"0.00","title":"4"},{"id":48138,"order":6,"props":{},"score":"0.00","title":"More than 4"}],"title":"How many children do you have?","type":"multichoice"}},{"id":17790,"order":6,"question":{"id":17997,"props":{"required":"true"},"responses":[{"id":48139,"order":1,"props":{},"score":"0.00","title":"Yes"},{"id":48140,"order":2,"props":{},"score":"0.00","title":"No"},{"id":48141,"order":3,"props":{},"score":"0.00","title":"Don't know\/can't say"}],"title":"Do you believe it is important to space children?","type":"multichoice"}},{"id":17791,"order":7,"question":{"id":17998,"props":{"required":"true"},"responses":[{"id":48142,"order":1,"props":{},"score":"0.00","title":"Yes"},{"id":48143,"order":2,"props":{},"score":"0.00","title":"No"},{"id":48144,"order":3,"props":{},"score":"0.00","title":"Don't know\/can't say"}],"title":"Do you believe it is important to limit family size?","type":"multichoice"}},{"id":17792,"order":8,"question":{"id":17999,"props":{"required":"true"},"responses":[{"id":48145,"order":1,"props":{},"score":"0.00","title":"Yes"},{"id":48146,"order":2,"props":{},"score":"0.00","title":"No"}],"title":"Are you aware of family planning?","type":"multichoice"}},{"id":17793,"order":9,"question":{"id":18000,"props":{"required":"true"},"responses":[{"id":48147,"order":1,"props":{},"score":"0.00","title":"OCPs"},{"id":48148,"order":2,"props":{},"score":"0.00","title":"Condom"},{"id":48149,"order":3,"props":{},"score":"0.00","title":"Injectables"},{"id":48150,"order":4,"props":{},"score":"0.00","title":"IUCD or Copper T"},{"id":48151,"order":5,"props":{},"score":"0.00","title":"Female Sterilization"},{"id":48152,"order":6,"props":{},"score":"0.00","title":"Male Sterilization"},{"id":48153,"order":7,"props":{},"score":"0.00","title":"ECP"},{"id":48154,"order":8,"props":{},"score":"0.00","title":"Other"}],"title":"Which of the following family planning option are you aware of?","type":"multiselect"}},{"id":17794,"order":10,"question":{"id":18001,"props":{"required":"false"},"responses":[],"title":"If you selected other then please specify here","type":"shortanswer"}},{"id":17795,"order":11,"question":{"id":18002,"props":{"required":"true"},"responses":[{"id":48155,"order":1,"props":{},"score":"0.00","title":"Yes"},{"id":48156,"order":2,"props":{},"score":"0.00","title":"No"}],"title":"Are you using of any the methods listed above?","type":"multichoice"}},{"id":17796,"order":12,"question":{"id":18003,"props":{"required":"false"},"responses":[{"id":48157,"order":1,"props":{},"score":"0.00","title":"Yes"},{"id":48158,"order":2,"props":{},"score":"0.00","title":"No"},{"id":48159,"order":3,"props":{},"score":"0.00","title":"Don't know\/can't say"}],"title":"Do you think family planning methods are safe to use?","type":"multichoice"}},{"id":17797,"order":13,"question":{"id":18004,"props":{"required":"true"},"responses":[{"id":48160,"order":1,"props":{},"score":"0.00","title":"Yes"},{"id":48161,"order":2,"props":{},"score":"0.00","title":"Perhaps, with some assistance"},{"id":48162,"order":3,"props":{},"score":"0.00","title":"No"},{"id":48163,"order":4,"props":{},"score":"0.00","title":"Not interested"}],"title":"Do you feel confident you will be able to use family planning?","type":"multichoice"}},{"id":17798,"order":14,"question":{"id":18005,"props":{"required":"true"},"responses":[{"id":48164,"order":1,"props":{},"score":"0.00","title":"Yes"},{"id":48165,"order":2,"props":{},"score":"0.00","title":"No"}],"title":"Do you intend to adopt family planning?","type":"multichoice"}},{"id":17799,"order":15,"question":{"id":18006,"props":{"required":"false"},"responses":[{"id":48166,"order":1,"props":{},"score":"0.00","title":"Today"},{"id":48167,"order":2,"props":{},"score":"0.00","title":"Within 1 week"},{"id":48168,"order":3,"props":{},"score":"0.00","title":"Within 2 weeks"},{"id":48169,"order":4,"props":{},"score":"0.00","title":"Within 1 month"},{"id":48170,"order":5,"props":{},"score":"0.00","title":"More than 1 month"},{"id":48171,"order":6,"props":{},"score":"0.00","title":"Never"}],"title":"How soon do you intend to begin using family planning?","type":"multichoice"}}],"resource_uri":"\/api\/v1\/quiz\/1756\/","title":"Client Pre-test"}</content></activity><langs><lang>en</lang></langs></meta><structure><section order="1"><title lang="en">Doctor Speaks</title><activities><activity type="page" order="1" digest="d2219747b0497d06e1f3cef8f9c303a720563"><title lang="en">&#x906;&#x908;.&#x92F;&#x942;.&#x938;&#x940;.&#x921;&#x940;</title><media><file filename="iucd-ailulsil.m4v" download_url="http://downloads.digital-campus.org/media/ujjwal/iucd/iucd-ailulsil.m4v" digest="0205d436790267760fbb886221eb0c73" filesize="8451954" length="345"/></media><image filename="/images/20563.png"/><location lang="en">01_20563_en.html</location></activity></activities></section><section order="2"><title lang="en">Entertainment Films</title><activities><activity type="page" order="1" digest="05e9b31da8fe520bd60bc62aea076f6d20564"><title lang="en">&#x930;&#x93E;&#x908;&#x91F; &#x91A;&#x949;&#x907;&#x938;</title><media><file filename="iucd-right-choice.m4v" download_url="http://downloads.digital-campus.org/media/ujjwal/iucd/iucd-right-choice.m4v" digest="6344725d8baa519f65d5ce564a5d82c2" filesize="12883802" length="440"/></media><image filename="/images/20564.png"/><location lang="en">02_20564_en.html</location></activity></activities></section><section order="3"><title lang="en">Real Stories</title><activities><activity type="page" order="1" digest="7269bf57563d36dbdaaa3b1d1873262e20565"><title lang="en">&#x939;&#x938;&#x940;&#x928; &#x914;&#x930; &#x936;&#x93E;&#x939;&#x940;&#x928;</title><media><file filename="iucd-sweet-and-shaheen.m4v" download_url="http://downloads.digital-campus.org/media/ujjwal/iucd/iucd-sweet-and-shaheen.m4v" digest="bfcba1dad464b4b363d7e8bad8225702" filesize="3781330" length="148"/></media><image filename="/images/20565.png"/><location lang="en">03_20565_en.html</location></activity></activities></section><section order="4"><title lang="en">TV Advertisement</title><activities><activity type="page" order="1" digest="f1e8cecc8bdba61f949b5c2f4925871920566"><title lang="en">&#x906;&#x908;&#x92F;&#x942;&#x938;&#x940;&#x921;&#x940; &#x92E;&#x93E;&#x901; &#x92C;&#x91A;&#x94D;&#x91A;&#x93E;</title><media><file filename="iucd-mother-child.m4v" download_url="http://downloads.digital-campus.org/media/ujjwal/iucd/iucd-mother-child.m4v" digest="fb1db910e4d12e695e7b9b540fb451cc" filesize="1969213" length="71"/></media><image filename="/images/20566.png"/><location lang="en">04_20566_en.html</location></activity><activity type="page" order="2" digest="367840d94c9bd1950cf45d7d7fbf851420567"><title lang="en">&#x909;&#x92A;&#x93E;&#x92F;</title><media><file filename="iucd-remedy.m4v" download_url="http://downloads.digital-campus.org/media/ujjwal/iucd/iucd-remedy.m4v" digest="629b828d78ffe1c54a5d38400f625a4f" filesize="2178260" length="71"/></media><image filename="/images/20567.png"/><location lang="en">04_20567_en.html</location></activity><activity type="page" order="3" digest="146763fab7536713f7ff25a70c858f3620568"><title lang="en">&#x930;&#x93E;&#x91C;&#x947;&#x936; &#x915;&#x941;&#x92E;&#x93E;&#x930;</title><media><file filename="iucd-rajesh-kumar.m4v" download_url="http://downloads.digital-campus.org/media/ujjwal/iucd/iucd-rajesh-kumar.m4v" digest="b99cb78aec5fba8522876d568c804277" filesize="2520208" length="72"/></media><image filename="/images/20568.png"/><location lang="en">04_20568_en.html</location></activity></activities></section><section order="5"><title lang="en">Client Exit Interview</title><activities><activity type="feedback" order="1" digest="e21a28a6463ebe64cb87e252a9e1f35420569"><title lang="en">Client Exit Interview</title><content lang="en">{"description":"Client Exit Interview","id":1743,"lastupdated_date":"2014-07-25T14:40:03","owner":"\/api\/v1\/user\/1\/","props":{"courseversion":"20140725134035","digest":"e21a28a6463ebe64cb87e252a9e1f35420569","maxscore":0},"questions":[{"id":17590,"order":1,"question":{"id":17797,"props":{"required":"true"},"responses":[{"id":47473,"order":1,"props":{},"score":"0.00","title":"0"},{"id":47474,"order":2,"props":{},"score":"0.00","title":"1"},{"id":47475,"order":3,"props":{},"score":"0.00","title":"2"},{"id":47476,"order":4,"props":{},"score":"0.00","title":"3"},{"id":47477,"order":5,"props":{},"score":"0.00","title":"4"},{"id":47478,"order":6,"props":{},"score":"0.00","title":"More than 4"}],"title":"How many videos did you see?","type":"multichoice"}},{"id":17591,"order":2,"question":{"id":17798,"props":{"required":"false"},"responses":[{"id":47479,"order":1,"props":{},"score":"0.00","title":"Delaying the first child"},{"id":47480,"order":2,"props":{},"score":"0.00","title":"Spacing between children"},{"id":47481,"order":3,"props":{},"score":"0.00","title":"Limiting family size"},{"id":47482,"order":4,"props":{},"score":"0.00","title":"Unwanted pregnancy"},{"id":47483,"order":5,"props":{},"score":"0.00","title":"Post abortion family planning"},{"id":47484,"order":6,"props":{},"score":"0.00","title":"Family planning methods"}],"title":"What was the main message of the video(s) you watched?","type":"multiselect"}},{"id":17592,"order":3,"question":{"id":17799,"props":{"required":"false"},"responses":[{"id":47485,"order":1,"props":{},"score":"0.00","title":"Yes"},{"id":47486,"order":2,"props":{},"score":"0.00","title":"No"}],"title":"Was the information in the video(s) useful for you in selecting a family planning method?","type":"multichoice"}},{"id":17593,"order":4,"question":{"id":17800,"props":{"required":"false"},"responses":[{"id":47487,"order":1,"props":{},"score":"0.00","title":"Doctor Speaks"},{"id":47488,"order":2,"props":{},"score":"0.00","title":"Entertainment Films"},{"id":47489,"order":3,"props":{},"score":"0.00","title":"Real Stories"},{"id":47490,"order":4,"props":{},"score":"0.00","title":"TV Commercials"}],"title":"Which videos did you find most relevant?","type":"multiselect"}},{"id":17594,"order":5,"question":{"id":17801,"props":{"required":"true"},"responses":[{"id":47491,"order":1,"props":{},"score":"0.00","title":"Yes"},{"id":47492,"order":2,"props":{},"score":"0.00","title":"No"}],"title":"Do you believe it is important to space children?","type":"multichoice"}},{"id":17595,"order":6,"question":{"id":17802,"props":{"required":"false"},"responses":[{"id":47493,"order":1,"props":{},"score":"0.00","title":"Yes"},{"id":47494,"order":2,"props":{},"score":"0.00","title":"No"},{"id":47495,"order":3,"props":{},"score":"0.00","title":"Don't know\/can't say"}],"title":"Do you believe it is important to limit family size?","type":"multichoice"}},{"id":17596,"order":7,"question":{"id":17803,"props":{"required":"true"},"responses":[{"id":47496,"order":1,"props":{},"score":"0.00","title":"Yes"},{"id":47497,"order":2,"props":{},"score":"0.00","title":"No"},{"id":47498,"order":3,"props":{},"score":"0.00","title":"Don't know\/Can't say"}],"title":"Do you think family planning methods are safe to use?","type":"multichoice"}},{"id":17597,"order":8,"question":{"id":17804,"props":{"required":"true"},"responses":[{"id":47499,"order":1,"props":{},"score":"0.00","title":"True"},{"id":47500,"order":2,"props":{},"score":"0.00","title":"False"},{"id":47501,"order":3,"props":{},"score":"0.00","title":"Don't know\/can't say"}],"title":"IUCD can be removed anytime the woman wishes to conceive again","type":"multichoice"}},{"id":17598,"order":9,"question":{"id":17805,"props":{"required":"true"},"responses":[{"id":47502,"order":1,"props":{},"score":"0.00","title":"True"},{"id":47503,"order":2,"props":{},"score":"0.00","title":"False"},{"id":47504,"order":3,"props":{},"score":"0.00","title":"Don't know\/can't say"}],"title":"The IUCD can travel to the heart or brain or a woman and will result in cancer","type":"multichoice"}},{"id":17599,"order":10,"question":{"id":17806,"props":{"required":"true"},"responses":[{"id":47505,"order":1,"props":{},"score":"0.00","title":"True"},{"id":47506,"order":2,"props":{},"score":"0.00","title":"False"},{"id":47507,"order":3,"props":{},"score":"0.00","title":"Don't know\/can't say"}],"title":"The IUCD will result in discomfort to the husband during intercourse","type":"multichoice"}},{"id":17600,"order":11,"question":{"id":17807,"props":{"required":"true"},"responses":[{"id":47508,"order":1,"props":{},"score":"0.00","title":"Yes"},{"id":47509,"order":2,"props":{},"score":"0.00","title":"Perhaps, with some assistance"},{"id":47510,"order":3,"props":{},"score":"0.00","title":"No"},{"id":47511,"order":4,"props":{},"score":"0.00","title":"Not interested"}],"title":"Do you feel confident you will be able to use family planning?","type":"multichoice"}},{"id":17601,"order":12,"question":{"id":17808,"props":{"required":"true"},"responses":[{"id":47512,"order":1,"props":{},"score":"0.00","title":"Yes"},{"id":47513,"order":2,"props":{},"score":"0.00","title":"No"}],"title":"Do you intend to adopt family planning?","type":"multichoice"}},{"id":17602,"order":13,"question":{"id":17809,"props":{"required":"true"},"responses":[{"id":47514,"order":1,"props":{},"score":"0.00","title":"Today"},{"id":47515,"order":2,"props":{},"score":"0.00","title":"Within 1 week"},{"id":47516,"order":3,"props":{},"score":"0.00","title":"Within 2 weeks"},{"id":47517,"order":4,"props":{},"score":"0.00","title":"Within 1 month"},{"id":47518,"order":5,"props":{},"score":"0.00","title":"Never"}],"title":"How soon do you intend to begin using family planning?","type":"multichoice"}},{"id":17603,"order":14,"question":{"id":17810,"props":{"required":"true"},"responses":[{"id":47519,"order":1,"props":{},"score":"0.00","title":"Consult with spouse and family"},{"id":47520,"order":2,"props":{},"score":"0.00","title":"Visit Ujjwal Clinic"},{"id":47521,"order":3,"props":{},"score":"0.00","title":"Call Ujjwal Helpline"},{"id":47522,"order":4,"props":{},"score":"0.00","title":"Visit PHC"},{"id":47523,"order":5,"props":{},"score":"0.00","title":"No action plan"}],"title":"How will you start family planning?","type":"multichoice"}},{"id":17604,"order":15,"question":{"id":17811,"props":{"required":"true"},"responses":[{"id":47524,"order":1,"props":{},"score":"0.00","title":"IUCD"},{"id":47525,"order":2,"props":{},"score":"0.00","title":"Pills"},{"id":47526,"order":3,"props":{},"score":"0.00","title":"Injectables"},{"id":47527,"order":4,"props":{},"score":"0.00","title":"Condom"},{"id":47528,"order":5,"props":{},"score":"0.00","title":"Female Sterilization"},{"id":47529,"order":6,"props":{},"score":"0.00","title":"Male Sterilization"}],"title":"Which family planning method will you choose?","type":"multichoice"}}],"resource_uri":"\/api\/v1\/quiz\/1743\/","title":"Client Exit Interview"}</content></activity></activities></section></structure><media><file filename="iucd-ailulsil.m4v" download_url="http://downloads.digital-campus.org/media/ujjwal/iucd/iucd-ailulsil.m4v" digest="0205d436790267760fbb886221eb0c73" filesize="8451954" length="345"/><file filename="iucd-right-choice.m4v" download_url="http://downloads.digital-campus.org/media/ujjwal/iucd/iucd-right-choice.m4v" digest="6344725d8baa519f65d5ce564a5d82c2" filesize="12883802" length="440"/><file filename="iucd-sweet-and-shaheen.m4v" download_url="http://downloads.digital-campus.org/media/ujjwal/iucd/iucd-sweet-and-shaheen.m4v" digest="bfcba1dad464b4b363d7e8bad8225702" filesize="3781330" length="148"/><file filename="iucd-mother-child.m4v" download_url="http://downloads.digital-campus.org/media/ujjwal/iucd/iucd-mother-child.m4v" digest="fb1db910e4d12e695e7b9b540fb451cc" filesize="1969213" length="71"/><file filename="iucd-remedy.m4v" download_url="http://downloads.digital-campus.org/media/ujjwal/iucd/iucd-remedy.m4v" digest="629b828d78ffe1c54a5d38400f625a4f" filesize="2178260" length="71"/><file filename="iucd-rajesh-kumar.m4v" download_url="http://downloads.digital-campus.org/media/ujjwal/iucd/iucd-rajesh-kumar.m4v" digest="b99cb78aec5fba8522876d568c804277" filesize="2520208" length="72"/></media></module>
