<?xml version="1.0"?>
<module><meta><versionid>20140827152606</versionid><priority>9</priority><server>http://ujjwal.oppia-mobile.org/</server><title lang="en">How to detect pregnancy</title><shortname>us-detect</shortname><description lang="en"></description><image filename="/images/21596.png"/><langs><lang>en</lang></langs></meta><structure><section order="1"><title lang="en">How to Detect Pregnancy</title><activities><activity type="page" order="1" digest="0b4bd1d0fc8ee389c95873b9b36d23ea20616"><title lang="en">How to Detect Pregnancy</title><image filename="/images/20616.png"/><location lang="en">01_20616_en.html</location></activity><activity type="page" order="2" digest="9820fe409c2954a441f91b3de3a6bd5b20770"><title lang="en">Miss Kiya Toh</title><media><file filename="miss-ho-gaya-toh.m4v" download_url="http://downloads.digital-campus.org/media/ujjwal/miss-ho-gaya-toh.m4v" digest="6c935a2e0ac0ec611374ff568f033dcf" filesize="1204858" length="52"/></media><image filename="/images/20770.png"/><location lang="en">01_20770_en.html</location></activity></activities></section></structure><media><file filename="miss-ho-gaya-toh.m4v" download_url="http://downloads.digital-campus.org/media/ujjwal/miss-ho-gaya-toh.m4v" digest="6c935a2e0ac0ec611374ff568f033dcf" filesize="1204858" length="52"/></media></module>
