<?xml version="1.0"?>
<module><meta><versionid>20140725174242</versionid><priority>8</priority><server>http://demo.oppia-mobile.org/</server><title lang="en">IUCD</title><shortname>us-iucd</shortname><description lang="en"></description><activity type="feedback" order="2" digest="187ef9a7dec9ac6ed7c3399c5c0884c616818"><title lang="en">Client Pre-test</title><content lang="en">{"description":"Client Pre-test","id":1748,"lastupdated_date":"2014-07-25T18:42:09","owner":"\/api\/v1\/user\/1\/","props":{"courseversion":"20140725174242","digest":"187ef9a7dec9ac6ed7c3399c5c0884c616818","maxscore":0},"questions":[{"id":17665,"order":1,"question":{"id":17872,"props":{"required":"true"},"responses":[],"title":"Name","type":"essay"}},{"id":17666,"order":2,"question":{"id":17873,"props":{"required":"true"},"responses":[],"title":"Age","type":"numerical"}},{"id":17667,"order":3,"question":{"id":17874,"props":{"required":"true"},"responses":[{"id":47729,"order":1,"props":{},"score":"0.00","title":"Male"},{"id":47730,"order":2,"props":{},"score":"0.00","title":"Female"}],"title":"Gender","type":"multichoice"}},{"id":17668,"order":4,"question":{"id":17875,"props":{"required":"true"},"responses":[{"id":47731,"order":1,"props":{},"score":"0.00","title":"Yes"},{"id":47732,"order":2,"props":{},"score":"0.00","title":"No"}],"title":"Are you currently pregnant\/ expecting a child?","type":"multichoice"}},{"id":17669,"order":5,"question":{"id":17876,"props":{"required":"false"},"responses":[{"id":47733,"order":1,"props":{},"score":"0.00","title":"0"},{"id":47734,"order":2,"props":{},"score":"0.00","title":"1"},{"id":47735,"order":3,"props":{},"score":"0.00","title":"2"},{"id":47736,"order":4,"props":{},"score":"0.00","title":"3"},{"id":47737,"order":5,"props":{},"score":"0.00","title":"4"},{"id":47738,"order":6,"props":{},"score":"0.00","title":"More than 4"}],"title":"How many children do you have?","type":"multichoice"}},{"id":17670,"order":6,"question":{"id":17877,"props":{"required":"true"},"responses":[{"id":47739,"order":1,"props":{},"score":"0.00","title":"Yes"},{"id":47740,"order":2,"props":{},"score":"0.00","title":"No"},{"id":47741,"order":3,"props":{},"score":"0.00","title":"Don't know\/can't say"}],"title":"Do you believe it is important to space children?","type":"multichoice"}},{"id":17671,"order":7,"question":{"id":17878,"props":{"required":"true"},"responses":[{"id":47742,"order":1,"props":{},"score":"0.00","title":"Yes"},{"id":47743,"order":2,"props":{},"score":"0.00","title":"No"},{"id":47744,"order":3,"props":{},"score":"0.00","title":"Don't know\/can't say"}],"title":"Do you believe it is important to limit family size?","type":"multichoice"}},{"id":17672,"order":8,"question":{"id":17879,"props":{"required":"true"},"responses":[{"id":47745,"order":1,"props":{},"score":"0.00","title":"Yes"},{"id":47746,"order":2,"props":{},"score":"0.00","title":"No"}],"title":"Are you aware of family planning?","type":"multichoice"}},{"id":17673,"order":9,"question":{"id":17880,"props":{"required":"true"},"responses":[{"id":47747,"order":1,"props":{},"score":"0.00","title":"OCPs"},{"id":47748,"order":2,"props":{},"score":"0.00","title":"Condom"},{"id":47749,"order":3,"props":{},"score":"0.00","title":"Injectables"},{"id":47750,"order":4,"props":{},"score":"0.00","title":"IUCD or Copper T"},{"id":47751,"order":5,"props":{},"score":"0.00","title":"Female Sterilization"},{"id":47752,"order":6,"props":{},"score":"0.00","title":"Male Sterilization"},{"id":47753,"order":7,"props":{},"score":"0.00","title":"ECP"},{"id":47754,"order":8,"props":{},"score":"0.00","title":"Other"}],"title":"Which of the following family planning option are you aware of?","type":"multiselect"}},{"id":17674,"order":10,"question":{"id":17881,"props":{"required":"false"},"responses":[],"title":"If you selected other then please specify here","type":"shortanswer"}},{"id":17675,"order":11,"question":{"id":17882,"props":{"required":"true"},"responses":[{"id":47755,"order":1,"props":{},"score":"0.00","title":"Yes"},{"id":47756,"order":2,"props":{},"score":"0.00","title":"No"}],"title":"Are you using of any the methods listed above?","type":"multichoice"}},{"id":17676,"order":12,"question":{"id":17883,"props":{"required":"false"},"responses":[{"id":47757,"order":1,"props":{},"score":"0.00","title":"Yes"},{"id":47758,"order":2,"props":{},"score":"0.00","title":"No"},{"id":47759,"order":3,"props":{},"score":"0.00","title":"Don't know\/can't say"}],"title":"Do you think family planning methods are safe to use?","type":"multichoice"}},{"id":17677,"order":13,"question":{"id":17884,"props":{"required":"true"},"responses":[{"id":47760,"order":1,"props":{},"score":"0.00","title":"Yes"},{"id":47761,"order":2,"props":{},"score":"0.00","title":"Perhaps, with some assistance"},{"id":47762,"order":3,"props":{},"score":"0.00","title":"No"},{"id":47763,"order":4,"props":{},"score":"0.00","title":"Not interested"}],"title":"Do you feel confident you will be able to use family planning?","type":"multichoice"}},{"id":17678,"order":14,"question":{"id":17885,"props":{"required":"true"},"responses":[{"id":47764,"order":1,"props":{},"score":"0.00","title":"Yes"},{"id":47765,"order":2,"props":{},"score":"0.00","title":"No"}],"title":"Do you intend to adopt family planning?","type":"multichoice"}},{"id":17679,"order":15,"question":{"id":17886,"props":{"required":"false"},"responses":[{"id":47766,"order":1,"props":{},"score":"0.00","title":"Today"},{"id":47767,"order":2,"props":{},"score":"0.00","title":"Within 1 week"},{"id":47768,"order":3,"props":{},"score":"0.00","title":"Within 2 weeks"},{"id":47769,"order":4,"props":{},"score":"0.00","title":"Within 1 month"},{"id":47770,"order":5,"props":{},"score":"0.00","title":"More than 1 month"},{"id":47771,"order":6,"props":{},"score":"0.00","title":"Never"}],"title":"How soon do you intend to begin using family planning?","type":"multichoice"}}],"resource_uri":"\/api\/v1\/quiz\/1748\/","title":"Client Pre-test"}</content></activity><image filename="/images/17730.png"/><langs><lang>en</lang></langs></meta><structure><section order="1"><title lang="en">Doctor Speaks</title><activities><activity type="page" order="1" digest="f71a67a42c5243b555995552168da43416819"><title lang="en">&#x906;&#x908;.&#x92F;&#x942;.&#x938;&#x940;.&#x921;&#x940;</title><media><file filename="iucd-ailulsil.m4v" download_url="http://downloads.digital-campus.org/media/ujjwal/iucd/iucd-ailulsil.m4v" digest="0205d436790267760fbb886221eb0c73" filesize="8451954" length="345"/></media><image filename="/images/16819.png"/><location lang="en">01_16819_en.html</location></activity></activities></section><section order="2"><title lang="en">Entertainment Films</title><activities><activity type="page" order="1" digest="95cdd081c7ddc2188c50d57228667b1916820"><title lang="en">&#x930;&#x93E;&#x908;&#x91F; &#x91A;&#x949;&#x907;&#x938;</title><media><file filename="iucd-right-choice.m4v" download_url="http://downloads.digital-campus.org/media/ujjwal/iucd/iucd-right-choice.m4v" digest="6344725d8baa519f65d5ce564a5d82c2" filesize="12883802" length="440"/></media><image filename="/images/16820.png"/><location lang="en">02_16820_en.html</location></activity></activities></section><section order="3"><title lang="en">Real Stories</title><activities><activity type="page" order="1" digest="42b1e508d5a0121470f4055e28658b8916821"><title lang="en">&#x939;&#x938;&#x940;&#x928; &#x914;&#x930; &#x936;&#x93E;&#x939;&#x940;&#x928;</title><media><file filename="iucd-sweet-and-shaheen.m4v" download_url="http://downloads.digital-campus.org/media/ujjwal/iucd/iucd-sweet-and-shaheen.m4v" digest="bfcba1dad464b4b363d7e8bad8225702" filesize="3781330" length="148"/></media><image filename="/images/16821.png"/><location lang="en">03_16821_en.html</location></activity></activities></section><section order="4"><title lang="en">TV Advertisement</title><activities><activity type="page" order="1" digest="2376181bfbc9fb28b79abfc9537dc83516822"><title lang="en">&#x906;&#x908;&#x92F;&#x942;&#x938;&#x940;&#x921;&#x940; &#x92E;&#x93E;&#x901; &#x92C;&#x91A;&#x94D;&#x91A;&#x93E;</title><media><file filename="iucd-mother-child.m4v" download_url="http://downloads.digital-campus.org/media/ujjwal/iucd/iucd-mother-child.m4v" digest="fb1db910e4d12e695e7b9b540fb451cc" filesize="1969213" length="71"/></media><image filename="/images/16822.png"/><location lang="en">04_16822_en.html</location></activity><activity type="page" order="2" digest="30397cfc448d767611bfd5cfcda135ae16823"><title lang="en">&#x909;&#x92A;&#x93E;&#x92F;</title><media><file filename="iucd-remedy.m4v" download_url="http://downloads.digital-campus.org/media/ujjwal/iucd/iucd-remedy.m4v" digest="629b828d78ffe1c54a5d38400f625a4f" filesize="2178260" length="71"/></media><image filename="/images/16823.png"/><location lang="en">04_16823_en.html</location></activity><activity type="page" order="3" digest="e0a5e2432f0f4a4cd330d29be9ec8dc616826"><title lang="en">&#x930;&#x93E;&#x91C;&#x947;&#x936; &#x915;&#x941;&#x92E;&#x93E;&#x930;</title><media><file filename="iucd-rajesh-kumar.m4v" download_url="http://downloads.digital-campus.org/media/ujjwal/iucd/iucd-rajesh-kumar.m4v" digest="b99cb78aec5fba8522876d568c804277" filesize="2520208" length="72"/></media><image filename="/images/16826.png"/><location lang="en">04_16826_en.html</location></activity></activities></section><section order="5"><title lang="en">Client Exit Interview</title><activities><activity type="feedback" order="1" digest="fb9b0ba2401cfe6828ce63aa46f9007a16824"><title lang="en">Client Exit Interview</title><content lang="en">{"description":"Client Exit Interview","id":1749,"lastupdated_date":"2014-07-25T18:43:14","owner":"\/api\/v1\/user\/1\/","props":{"courseversion":"20140725174242","digest":"fb9b0ba2401cfe6828ce63aa46f9007a16824","maxscore":0},"questions":[{"id":17680,"order":1,"question":{"id":17887,"props":{"required":"true"},"responses":[{"id":47772,"order":1,"props":{},"score":"0.00","title":"0"},{"id":47773,"order":2,"props":{},"score":"0.00","title":"1"},{"id":47774,"order":3,"props":{},"score":"0.00","title":"2"},{"id":47775,"order":4,"props":{},"score":"0.00","title":"3"},{"id":47776,"order":5,"props":{},"score":"0.00","title":"4"},{"id":47777,"order":6,"props":{},"score":"0.00","title":"More than 4"}],"title":"How many videos did you see?","type":"multichoice"}},{"id":17681,"order":2,"question":{"id":17888,"props":{"required":"false"},"responses":[{"id":47778,"order":1,"props":{},"score":"0.00","title":"Delaying the first child"},{"id":47779,"order":2,"props":{},"score":"0.00","title":"Spacing between children"},{"id":47780,"order":3,"props":{},"score":"0.00","title":"Limiting family size"},{"id":47781,"order":4,"props":{},"score":"0.00","title":"Unwanted pregnancy"},{"id":47782,"order":5,"props":{},"score":"0.00","title":"Post abortion family planning"},{"id":47783,"order":6,"props":{},"score":"0.00","title":"Family planning methods"}],"title":"What was the main message of the video(s) you watched?","type":"multiselect"}},{"id":17682,"order":3,"question":{"id":17889,"props":{"required":"false"},"responses":[{"id":47784,"order":1,"props":{},"score":"0.00","title":"Yes"},{"id":47785,"order":2,"props":{},"score":"0.00","title":"No"}],"title":"Was the information in the video(s) useful for you in selecting a family planning method?","type":"multichoice"}},{"id":17683,"order":4,"question":{"id":17890,"props":{"required":"false"},"responses":[{"id":47786,"order":1,"props":{},"score":"0.00","title":"Doctor Speaks"},{"id":47787,"order":2,"props":{},"score":"0.00","title":"Entertainment Films"},{"id":47788,"order":3,"props":{},"score":"0.00","title":"Real Stories"},{"id":47789,"order":4,"props":{},"score":"0.00","title":"TV Commercials"}],"title":"Which videos did you find most relevant?","type":"multiselect"}},{"id":17684,"order":5,"question":{"id":17891,"props":{"required":"true"},"responses":[{"id":47790,"order":1,"props":{},"score":"0.00","title":"Yes"},{"id":47791,"order":2,"props":{},"score":"0.00","title":"No"}],"title":"Do you believe it is important to space children?","type":"multichoice"}},{"id":17685,"order":6,"question":{"id":17892,"props":{"required":"false"},"responses":[{"id":47792,"order":1,"props":{},"score":"0.00","title":"Yes"},{"id":47793,"order":2,"props":{},"score":"0.00","title":"No"},{"id":47794,"order":3,"props":{},"score":"0.00","title":"Don't know\/can't say"}],"title":"Do you believe it is important to limit family size?","type":"multichoice"}},{"id":17686,"order":7,"question":{"id":17893,"props":{"required":"true"},"responses":[{"id":47795,"order":1,"props":{},"score":"0.00","title":"Yes"},{"id":47796,"order":2,"props":{},"score":"0.00","title":"No"},{"id":47797,"order":3,"props":{},"score":"0.00","title":"Don't know\/Can't say"}],"title":"Do you think family planning methods are safe to use?","type":"multichoice"}},{"id":17687,"order":8,"question":{"id":17894,"props":{"required":"true"},"responses":[{"id":47798,"order":1,"props":{},"score":"0.00","title":"True"},{"id":47799,"order":2,"props":{},"score":"0.00","title":"False"},{"id":47800,"order":3,"props":{},"score":"0.00","title":"Don't know\/can't say"}],"title":"IUCD can be removed anytime the woman wishes to conceive again","type":"multichoice"}},{"id":17688,"order":9,"question":{"id":17895,"props":{"required":"true"},"responses":[{"id":47801,"order":1,"props":{},"score":"0.00","title":"True"},{"id":47802,"order":2,"props":{},"score":"0.00","title":"False"},{"id":47803,"order":3,"props":{},"score":"0.00","title":"Don't know\/can't say"}],"title":"The IUCD can travel to the heart or brain or a woman and will result in cancer","type":"multichoice"}},{"id":17689,"order":10,"question":{"id":17896,"props":{"required":"true"},"responses":[{"id":47804,"order":1,"props":{},"score":"0.00","title":"True"},{"id":47805,"order":2,"props":{},"score":"0.00","title":"False"},{"id":47806,"order":3,"props":{},"score":"0.00","title":"Don't know\/can't say"}],"title":"The IUCD will result in discomfort to the husband during intercourse","type":"multichoice"}},{"id":17690,"order":11,"question":{"id":17897,"props":{"required":"true"},"responses":[{"id":47807,"order":1,"props":{},"score":"0.00","title":"Yes"},{"id":47808,"order":2,"props":{},"score":"0.00","title":"Perhaps, with some assistance"},{"id":47809,"order":3,"props":{},"score":"0.00","title":"No"},{"id":47810,"order":4,"props":{},"score":"0.00","title":"Not interested"}],"title":"Do you feel confident you will be able to use family planning?","type":"multichoice"}},{"id":17691,"order":12,"question":{"id":17898,"props":{"required":"true"},"responses":[{"id":47811,"order":1,"props":{},"score":"0.00","title":"Yes"},{"id":47812,"order":2,"props":{},"score":"0.00","title":"No"}],"title":"Do you intend to adopt family planning?","type":"multichoice"}},{"id":17692,"order":13,"question":{"id":17899,"props":{"required":"true"},"responses":[{"id":47813,"order":1,"props":{},"score":"0.00","title":"Today"},{"id":47814,"order":2,"props":{},"score":"0.00","title":"Within 1 week"},{"id":47815,"order":3,"props":{},"score":"0.00","title":"Within 2 weeks"},{"id":47816,"order":4,"props":{},"score":"0.00","title":"Within 1 month"},{"id":47817,"order":5,"props":{},"score":"0.00","title":"Never"}],"title":"How soon do you intend to begin using family planning?","type":"multichoice"}},{"id":17693,"order":14,"question":{"id":17900,"props":{"required":"true"},"responses":[{"id":47818,"order":1,"props":{},"score":"0.00","title":"Consult with spouse and family"},{"id":47819,"order":2,"props":{},"score":"0.00","title":"Visit Ujjwal Clinic"},{"id":47820,"order":3,"props":{},"score":"0.00","title":"Call Ujjwal Helpline"},{"id":47821,"order":4,"props":{},"score":"0.00","title":"Visit PHC"},{"id":47822,"order":5,"props":{},"score":"0.00","title":"No action plan"}],"title":"How will you start family planning?","type":"multichoice"}},{"id":17694,"order":15,"question":{"id":17901,"props":{"required":"true"},"responses":[{"id":47823,"order":1,"props":{},"score":"0.00","title":"IUCD"},{"id":47824,"order":2,"props":{},"score":"0.00","title":"Pills"},{"id":47825,"order":3,"props":{},"score":"0.00","title":"Injectables"},{"id":47826,"order":4,"props":{},"score":"0.00","title":"Condom"},{"id":47827,"order":5,"props":{},"score":"0.00","title":"Female Sterilization"},{"id":47828,"order":6,"props":{},"score":"0.00","title":"Male Sterilization"}],"title":"Which family planning method will you choose?","type":"multichoice"}}],"resource_uri":"\/api\/v1\/quiz\/1749\/","title":"Client Exit Interview"}</content></activity></activities></section></structure><media><file filename="iucd-ailulsil.m4v" download_url="http://downloads.digital-campus.org/media/ujjwal/iucd/iucd-ailulsil.m4v" digest="0205d436790267760fbb886221eb0c73" filesize="8451954" length="345"/><file filename="iucd-right-choice.m4v" download_url="http://downloads.digital-campus.org/media/ujjwal/iucd/iucd-right-choice.m4v" digest="6344725d8baa519f65d5ce564a5d82c2" filesize="12883802" length="440"/><file filename="iucd-sweet-and-shaheen.m4v" download_url="http://downloads.digital-campus.org/media/ujjwal/iucd/iucd-sweet-and-shaheen.m4v" digest="bfcba1dad464b4b363d7e8bad8225702" filesize="3781330" length="148"/><file filename="iucd-mother-child.m4v" download_url="http://downloads.digital-campus.org/media/ujjwal/iucd/iucd-mother-child.m4v" digest="fb1db910e4d12e695e7b9b540fb451cc" filesize="1969213" length="71"/><file filename="iucd-remedy.m4v" download_url="http://downloads.digital-campus.org/media/ujjwal/iucd/iucd-remedy.m4v" digest="629b828d78ffe1c54a5d38400f625a4f" filesize="2178260" length="71"/><file filename="iucd-rajesh-kumar.m4v" download_url="http://downloads.digital-campus.org/media/ujjwal/iucd/iucd-rajesh-kumar.m4v" digest="b99cb78aec5fba8522876d568c804277" filesize="2520208" length="72"/></media></module>
