<?xml version="1.0"?>
<module><meta><versionid>20140825140716</versionid><priority>10</priority><server>http://ujjwal.oppia-mobile.org/</server><title lang="en">Guidelines on mHealth toolkit	   </title><shortname>us-guidelines</shortname><description lang="en"></description><langs><lang>en</lang></langs></meta><structure><section order="1"><title lang="en">Introduction to mHealth Toolkit</title><activities><activity type="page" order="1" digest="87081faf366243d15b5616739c7cb27620584"><title lang="en">Available Materials</title><image filename="/images/20584.png"/><location lang="en">01_20584_en.html</location></activity><activity type="page" order="2" digest="0dfedb1c363fdd05052539e059ed0dd920659"><title lang="en">Types of Multimedia</title><image filename="/images/20659.png"/><location lang="en">01_20659_en.html</location></activity><activity type="page" order="3" digest="a6db01aac7c53365a232a2aed22f28bb20585"><title lang="en">Suggested use</title><location lang="en">01_20585_en.html</location></activity></activities></section></structure></module>
