<?xml version="1.0"?>
<module><meta><versionid>20140808115000</versionid><priority>7</priority><server>http://demo.oppia-mobile.org/</server><title lang="en">Proper spacing of births/children</title><shortname>us-spacing</shortname><description lang="en"></description><activity type="feedback" order="2" digest="43307ee65ffdf6709dd9aae0575d835e20602"><title lang="en">Pre-test</title><content lang="en">{"description":"Pre-test","id":1763,"lastupdated_date":"2014-08-08T12:48:54","owner":"\/api\/v1\/user\/1\/","props":{"courseversion":"20140808115000","digest":"43307ee65ffdf6709dd9aae0575d835e20602","maxscore":0},"questions":[{"id":17821,"order":1,"question":{"id":18028,"props":{"required":"true"},"responses":[{"id":48271,"order":1,"props":{},"score":"0.00","title":"OCPs"},{"id":48272,"order":2,"props":{},"score":"0.00","title":"IUCD"},{"id":48273,"order":3,"props":{},"score":"0.00","title":"Injectable"},{"id":48274,"order":4,"props":{},"score":"0.00","title":"Condoms"},{"id":48275,"order":5,"props":{},"score":"0.00","title":"All of the above"}],"title":"Which of the following methods is used for spacing births of children?","type":"multichoice"}},{"id":17822,"order":2,"question":{"id":18029,"props":{"required":"true"},"responses":[{"id":48276,"order":1,"props":{},"score":"0.00","title":"Mother's health"},{"id":48277,"order":2,"props":{},"score":"0.00","title":"Child's health"},{"id":48278,"order":3,"props":{},"score":"0.00","title":"Economic wellbeing of the family"},{"id":48279,"order":4,"props":{},"score":"0.00","title":"All of the above"}],"title":"Properly spacing children is good for (choose one):","type":"multichoice"}},{"id":17823,"order":3,"question":{"id":18030,"props":{"required":"true"},"responses":[{"id":48280,"order":1,"props":{},"score":"0.00","title":"True"},{"id":48281,"order":2,"props":{},"score":"0.00","title":"False"}],"title":"Practicing family planning helps a woman regain her strength before having her next baby","type":"multichoice"}},{"id":17824,"order":4,"question":{"id":18031,"props":{"required":"true"},"responses":[{"id":48282,"order":1,"props":{},"score":"0.00","title":"Yes"},{"id":48283,"order":2,"props":{},"score":"0.00","title":"No"},{"id":48284,"order":3,"props":{},"score":"0.00","title":"Unsure"}],"title":"Do you intend to start using a family planning method?","type":"multichoice"}},{"id":17825,"order":5,"question":{"id":18032,"props":{"required":"true"},"responses":[{"id":48285,"order":1,"props":{},"score":"0.00","title":"Consult with spouse"},{"id":48286,"order":2,"props":{},"score":"0.00","title":"Consult with relatives\/ friends"},{"id":48287,"order":3,"props":{},"score":"0.00","title":"Call Ujjwal Helpline"},{"id":48288,"order":4,"props":{},"score":"0.00","title":"Call Ujjwal Clinic"},{"id":48289,"order":5,"props":{},"score":"0.00","title":"Visit another primary health clinic"},{"id":48290,"order":6,"props":{},"score":"0.00","title":"No action plan"},{"id":48291,"order":7,"props":{},"score":"0.00","title":"Will not use FP"}],"title":"Which action will you take to begin using a family planning method? (Choose one)","type":"multichoice"}}],"resource_uri":"\/api\/v1\/quiz\/1763\/","title":"Pre-test"}</content></activity><langs><lang>en</lang></langs></meta><structure><section order="1"><title lang="en">IUCD Module (4 films)</title><activities><activity type="page" order="1" digest="ab89c6a37f20104459fbb5c8dffe8db320588"><title lang="en">Doctor Speaks</title><media><file filename="iucd-ailulsil.m4v" download_url="http://downloads.digital-campus.org/media/ujjwal/iucd/iucd-ailulsil.m4v" digest="0205d436790267760fbb886221eb0c73" filesize="8451954" length="345"/></media><image filename="/images/20588.png"/><location lang="en">01_20588_en.html</location></activity><activity type="page" order="2" digest="87e4bc9c45093ce7fcd947aa5a9784b120593"><title lang="en">Real Stories</title><media><file filename="iucd-sweet-and-shaheen.m4v" download_url="http://downloads.digital-campus.org/media/ujjwal/iucd/iucd-sweet-and-shaheen.m4v" digest="bfcba1dad464b4b363d7e8bad8225702" filesize="3781330" length="148"/></media><image filename="/images/20593.png"/><location lang="en">01_20593_en.html</location></activity><activity type="page" order="3" digest="5c82dea83e0ec7eebb3c73edfa6144b620596"><title lang="en">Entertainment Films</title><media><file filename="iucd-right-choice.m4v" download_url="http://downloads.digital-campus.org/media/ujjwal/iucd/iucd-right-choice.m4v" digest="6344725d8baa519f65d5ce564a5d82c2" filesize="12883802" length="440"/></media><image filename="/images/20596.png"/><location lang="en">01_20596_en.html</location></activity><activity type="page" order="4" digest="9bc267a221c853443eaf0757527d70d820599"><title lang="en">TV Advertisement</title><media><file filename="iucd-remedy.m4v" download_url="http://downloads.digital-campus.org/media/ujjwal/iucd/iucd-remedy.m4v" digest="629b828d78ffe1c54a5d38400f625a4f" filesize="2178260" length="71"/></media><image filename="/images/20599.png"/><location lang="en">01_20599_en.html</location></activity><activity type="page" order="5" digest="f9bc7a4662986a2465d3970b3a7431b420608"><title lang="en">IUCD Information</title><location lang="en">01_20608_en.html</location></activity></activities></section><section order="2"><title lang="en">OCP Module (3 films)</title><activities><activity type="page" order="1" digest="ef8cd170bdb4341336884d89f2969d6d20590"><title lang="en">Doctor Speaks</title><media><file filename="iucd-ailulsil.m4v" download_url="http://downloads.digital-campus.org/media/ujjwal/iucd/iucd-ailulsil.m4v" digest="0205d436790267760fbb886221eb0c73" filesize="8451954" length="345"/></media><image filename="/images/20590.png"/><location lang="en">02_20590_en.html</location></activity><activity type="page" order="2" digest="7e82b7b301e3199850f39f238d48d69220594"><title lang="en">Real Stories</title><media><file filename="iucd-sweet-and-shaheen.m4v" download_url="http://downloads.digital-campus.org/media/ujjwal/iucd/iucd-sweet-and-shaheen.m4v" digest="bfcba1dad464b4b363d7e8bad8225702" filesize="3781330" length="148"/></media><image filename="/images/20594.png"/><location lang="en">02_20594_en.html</location></activity><activity type="page" order="3" digest="54a2e839f20f6506d40ba66c6e1c35e920597"><title lang="en">Entertainment Films</title><media><file filename="iucd-right-choice.m4v" download_url="http://downloads.digital-campus.org/media/ujjwal/iucd/iucd-right-choice.m4v" digest="6344725d8baa519f65d5ce564a5d82c2" filesize="12883802" length="440"/></media><image filename="/images/20597.png"/><location lang="en">02_20597_en.html</location></activity><activity type="page" order="4" digest="0683052788b27001f21066dba262e02720610"><title lang="en">OCP Information</title><location lang="en">02_20610_en.html</location></activity></activities></section><section order="3"><title lang="en">Injectables Module (4 films)</title><activities><activity type="page" order="1" digest="ef8cd170bdb4341336884d89f2969d6d20591"><title lang="en">Doctor Speaks</title><media><file filename="iucd-ailulsil.m4v" download_url="http://downloads.digital-campus.org/media/ujjwal/iucd/iucd-ailulsil.m4v" digest="0205d436790267760fbb886221eb0c73" filesize="8451954" length="345"/></media><image filename="/images/20591.png"/><location lang="en">03_20591_en.html</location></activity><activity type="page" order="2" digest="7e82b7b301e3199850f39f238d48d69220595"><title lang="en">Real Stories</title><media><file filename="iucd-sweet-and-shaheen.m4v" download_url="http://downloads.digital-campus.org/media/ujjwal/iucd/iucd-sweet-and-shaheen.m4v" digest="bfcba1dad464b4b363d7e8bad8225702" filesize="3781330" length="148"/></media><image filename="/images/20595.png"/><location lang="en">03_20595_en.html</location></activity><activity type="page" order="3" digest="54a2e839f20f6506d40ba66c6e1c35e920598"><title lang="en">Entertainment Films</title><media><file filename="iucd-right-choice.m4v" download_url="http://downloads.digital-campus.org/media/ujjwal/iucd/iucd-right-choice.m4v" digest="6344725d8baa519f65d5ce564a5d82c2" filesize="12883802" length="440"/></media><image filename="/images/20598.png"/><location lang="en">03_20598_en.html</location></activity><activity type="page" order="4" digest="19fdf86f34338516804ade4cacc4b2d520601"><title lang="en">TV Advertisement</title><media><file filename="iucd-remedy.m4v" download_url="http://downloads.digital-campus.org/media/ujjwal/iucd/iucd-remedy.m4v" digest="629b828d78ffe1c54a5d38400f625a4f" filesize="2178260" length="71"/></media><image filename="/images/20601.png"/><location lang="en">03_20601_en.html</location></activity><activity type="page" order="5" digest="c1371a1dfe3be88cd5ce40e9d24eb2e120611"><title lang="en">Injectables Information</title><location lang="en">03_20611_en.html</location></activity></activities></section><section order="4"><title lang="en">Condom Module (2 films)</title><activities><activity type="page" order="1" digest="ef8cd170bdb4341336884d89f2969d6d20592"><title lang="en">Doctor Speaks</title><media><file filename="iucd-ailulsil.m4v" download_url="http://downloads.digital-campus.org/media/ujjwal/iucd/iucd-ailulsil.m4v" digest="0205d436790267760fbb886221eb0c73" filesize="8451954" length="345"/></media><image filename="/images/20592.png"/><location lang="en">04_20592_en.html</location></activity><activity type="page" order="2" digest="54a2e839f20f6506d40ba66c6e1c35e920600"><title lang="en">Entertainment Films</title><media><file filename="iucd-right-choice.m4v" download_url="http://downloads.digital-campus.org/media/ujjwal/iucd/iucd-right-choice.m4v" digest="6344725d8baa519f65d5ce564a5d82c2" filesize="12883802" length="440"/></media><image filename="/images/20600.png"/><location lang="en">04_20600_en.html</location></activity><activity type="page" order="3" digest="2a080ff1247faa42a27edd04994b9ff020612"><title lang="en">Condom Information</title><location lang="en">04_20612_en.html</location></activity></activities></section><section order="5"><title lang="en">Next Steps</title><activities><activity type="page" order="1" digest="185f31453415574da42b8cdd6cd08ff020609"><title lang="en">Actions/Next steps</title><location lang="en">05_20609_en.html</location></activity><activity type="feedback" order="2" digest="7092de4ec5ccaeb4fbf43627843a882120629"><title lang="en">Post-test</title><content lang="en">{"description":"Next Steps","id":1764,"lastupdated_date":"2014-08-08T12:49:36","owner":"\/api\/v1\/user\/1\/","props":{"courseversion":"20140808115000","digest":"7092de4ec5ccaeb4fbf43627843a882120629","maxscore":0},"questions":[{"id":17826,"order":1,"question":{"id":18033,"props":{"required":"true"},"responses":[{"id":48292,"order":1,"props":{},"score":"0.00","title":"OCPs"},{"id":48293,"order":2,"props":{},"score":"0.00","title":"IUCD"},{"id":48294,"order":3,"props":{},"score":"0.00","title":"Injectable"},{"id":48295,"order":4,"props":{},"score":"0.00","title":"Condoms"},{"id":48296,"order":5,"props":{},"score":"0.00","title":"All of the above"}],"title":"Which of the following methods is used for spacing births of children?","type":"multichoice"}},{"id":17827,"order":2,"question":{"id":18034,"props":{"required":"true"},"responses":[{"id":48297,"order":1,"props":{},"score":"0.00","title":"Mother's health"},{"id":48298,"order":2,"props":{},"score":"0.00","title":"Child's health"},{"id":48299,"order":3,"props":{},"score":"0.00","title":"Economic wellbeing of the family"},{"id":48300,"order":4,"props":{},"score":"0.00","title":"All of the above"}],"title":"Properly spacing children is good for (choose one):","type":"multichoice"}},{"id":17828,"order":3,"question":{"id":18035,"props":{"required":"true"},"responses":[{"id":48301,"order":1,"props":{},"score":"0.00","title":"True"},{"id":48302,"order":2,"props":{},"score":"0.00","title":"False"}],"title":"Practicing family planning helps a woman regain her strength before having her next baby","type":"multichoice"}},{"id":17829,"order":4,"question":{"id":18036,"props":{"required":"true"},"responses":[{"id":48303,"order":1,"props":{},"score":"0.00","title":"Yes"},{"id":48304,"order":2,"props":{},"score":"0.00","title":"No"},{"id":48305,"order":3,"props":{},"score":"0.00","title":"Unsure"}],"title":"Do you intend to start using a family planning method?","type":"multichoice"}},{"id":17830,"order":5,"question":{"id":18037,"props":{"required":"true"},"responses":[{"id":48306,"order":1,"props":{},"score":"0.00","title":"Consult with spouse"},{"id":48307,"order":2,"props":{},"score":"0.00","title":"Consult with relatives\/ friends"},{"id":48308,"order":3,"props":{},"score":"0.00","title":"Call Ujjwal Helpline"},{"id":48309,"order":4,"props":{},"score":"0.00","title":"Call Ujjwal Clinic"},{"id":48310,"order":5,"props":{},"score":"0.00","title":"Visit another primary health clinic"},{"id":48311,"order":6,"props":{},"score":"0.00","title":"No action plan"},{"id":48312,"order":7,"props":{},"score":"0.00","title":"Will not use FP"}],"title":"Which action will you take to begin using a family planning method? (Choose one)","type":"multichoice"}}],"resource_uri":"\/api\/v1\/quiz\/1764\/","title":"Post-test"}</content></activity></activities></section></structure><media><file filename="iucd-ailulsil.m4v" download_url="http://downloads.digital-campus.org/media/ujjwal/iucd/iucd-ailulsil.m4v" digest="0205d436790267760fbb886221eb0c73" filesize="8451954" length="345"/><file filename="iucd-sweet-and-shaheen.m4v" download_url="http://downloads.digital-campus.org/media/ujjwal/iucd/iucd-sweet-and-shaheen.m4v" digest="bfcba1dad464b4b363d7e8bad8225702" filesize="3781330" length="148"/><file filename="iucd-right-choice.m4v" download_url="http://downloads.digital-campus.org/media/ujjwal/iucd/iucd-right-choice.m4v" digest="6344725d8baa519f65d5ce564a5d82c2" filesize="12883802" length="440"/><file filename="iucd-remedy.m4v" download_url="http://downloads.digital-campus.org/media/ujjwal/iucd/iucd-remedy.m4v" digest="629b828d78ffe1c54a5d38400f625a4f" filesize="2178260" length="71"/></media></module>
