<?xml version="1.0"?>
<module><meta><versionid>20140806134437</versionid><priority>10</priority><server>http://demo.oppia-mobile.org/</server><title lang="en">Benefits of family planning	   </title><shortname>us-benefits</shortname><description lang="en"></description><langs><lang>en</lang></langs></meta><structure><section order="1"><title lang="en">Placeholder</title><activities><activity type="page" order="1" digest="e6128c53edfb206080d9b3d5649a284b20614"><title lang="en">placeholder</title><location lang="en">01_20614_en.html</location></activity></activities></section></structure></module>
