<?xml version="1.0"?>
<module><meta><versionid>20140808120608</versionid><priority>10</priority><server>http://demo.oppia-mobile.org/</server><title lang="en">Guidelines on SD card/mHealth toolkit	   </title><shortname>us-guidelines</shortname><description lang="en"></description><langs><lang>en</lang></langs></meta><structure><section order="1"><title lang="en">Introduction</title><activities><activity type="page" order="1" digest="f19810d204c1ed842c19dc7bc4e6b17320583"><title lang="en">Guidelines on SD card/mHealth toolkit	   </title><location lang="en">01_20583_en.html</location></activity><activity type="page" order="2" digest="9c217aad64bba2bcf1564382212e77aa20584"><title lang="en">Available Materials</title><location lang="en">01_20584_en.html</location></activity><activity type="page" order="3" digest="883461019c594be88edaa57f9f29ea7920585"><title lang="en">Suggested use</title><location lang="en">01_20585_en.html</location></activity></activities></section></structure></module>
