<?xml version="1.0"?>
<module><meta><versionid>20140806152431</versionid><priority>7</priority><server>http://demo.oppia-mobile.org/</server><title lang="en">Proper spacing of births/children</title><shortname>us-spacing</shortname><description lang="en"></description><activity type="feedback" order="2" digest="f2c4a398da1f8587a7dd6706ad757cf720602"><title lang="en">Pre-test</title><content lang="en">{"description":"Pre-test","id":1758,"lastupdated_date":"2014-08-06T14:45:41","owner":"\/api\/v1\/user\/1\/","props":{"courseversion":"20140806134640","digest":"f2c4a398da1f8587a7dd6706ad757cf720602","maxscore":0},"questions":[{"id":17803,"order":1,"question":{"id":18010,"props":{"required":"true"},"responses":[{"id":48186,"order":1,"props":{},"score":"0.00","title":"OCPs"},{"id":48187,"order":2,"props":{},"score":"0.00","title":"IUCD"},{"id":48188,"order":3,"props":{},"score":"0.00","title":"Injectable"},{"id":48189,"order":4,"props":{},"score":"0.00","title":"Condoms"},{"id":48190,"order":5,"props":{},"score":"0.00","title":"All of the above"}],"title":"Which of the following methods is used for spacing?","type":"multichoice"}},{"id":17804,"order":2,"question":{"id":18011,"props":{"required":"true"},"responses":[{"id":48191,"order":1,"props":{},"score":"0.00","title":"Mother's health"},{"id":48192,"order":2,"props":{},"score":"0.00","title":"Child's health"},{"id":48193,"order":3,"props":{},"score":"0.00","title":"Economic wellbeing of the family"},{"id":48194,"order":4,"props":{},"score":"0.00","title":"All of the above"}],"title":"Proper spacing is good for:","type":"multichoice"}}],"resource_uri":"\/api\/v1\/quiz\/1758\/","title":"Pre-test"}</content></activity><langs><lang>en</lang></langs></meta><structure><section order="1"><title lang="en">IUCD Module (4 films)</title><activities><activity type="page" order="1" digest="ab89c6a37f20104459fbb5c8dffe8db320588"><title lang="en">Doctor Speaks</title><media><file filename="iucd-ailulsil.m4v" download_url="http://downloads.digital-campus.org/media/ujjwal/iucd/iucd-ailulsil.m4v" digest="0205d436790267760fbb886221eb0c73" filesize="8451954" length="345"/></media><image filename="/images/20588.png"/><location lang="en">01_20588_en.html</location></activity><activity type="page" order="2" digest="87e4bc9c45093ce7fcd947aa5a9784b120593"><title lang="en">Real Stories</title><media><file filename="iucd-sweet-and-shaheen.m4v" download_url="http://downloads.digital-campus.org/media/ujjwal/iucd/iucd-sweet-and-shaheen.m4v" digest="bfcba1dad464b4b363d7e8bad8225702" filesize="3781330" length="148"/></media><image filename="/images/20593.png"/><location lang="en">01_20593_en.html</location></activity><activity type="page" order="3" digest="5c82dea83e0ec7eebb3c73edfa6144b620596"><title lang="en">Entertainment Films</title><media><file filename="iucd-right-choice.m4v" download_url="http://downloads.digital-campus.org/media/ujjwal/iucd/iucd-right-choice.m4v" digest="6344725d8baa519f65d5ce564a5d82c2" filesize="12883802" length="440"/></media><image filename="/images/20596.png"/><location lang="en">01_20596_en.html</location></activity><activity type="page" order="4" digest="9bc267a221c853443eaf0757527d70d820599"><title lang="en">TV Advertisement</title><media><file filename="iucd-remedy.m4v" download_url="http://downloads.digital-campus.org/media/ujjwal/iucd/iucd-remedy.m4v" digest="629b828d78ffe1c54a5d38400f625a4f" filesize="2178260" length="71"/></media><image filename="/images/20599.png"/><location lang="en">01_20599_en.html</location></activity><activity type="page" order="5" digest="f9bc7a4662986a2465d3970b3a7431b420608"><title lang="en">IUCD Information</title><location lang="en">01_20608_en.html</location></activity><activity type="page" order="6" digest="185f31453415574da42b8cdd6cd08ff020609"><title lang="en">Actions/Next steps</title><location lang="en">01_20609_en.html</location></activity><activity type="feedback" order="7" digest="dfcfa419c28efc2ca9f23ef6d9610d0820604"><title lang="en">Post-test</title><content lang="en">{"description":"IUCD Module (4 films)","id":1759,"lastupdated_date":"2014-08-06T14:46:03","owner":"\/api\/v1\/user\/1\/","props":{"courseversion":"20140806134640","digest":"dfcfa419c28efc2ca9f23ef6d9610d0820604","maxscore":0},"questions":[{"id":17805,"order":1,"question":{"id":18012,"props":{"required":"true"},"responses":[{"id":48195,"order":1,"props":{},"score":"0.00","title":"OCPs"},{"id":48196,"order":2,"props":{},"score":"0.00","title":"IUCD"},{"id":48197,"order":3,"props":{},"score":"0.00","title":"Injectable"},{"id":48198,"order":4,"props":{},"score":"0.00","title":"Condoms"},{"id":48199,"order":5,"props":{},"score":"0.00","title":"All of the above"}],"title":"Which of the following methods is used for spacing?","type":"multichoice"}},{"id":17806,"order":2,"question":{"id":18013,"props":{"required":"true"},"responses":[{"id":48200,"order":1,"props":{},"score":"0.00","title":"Mother's health"},{"id":48201,"order":2,"props":{},"score":"0.00","title":"Child's health"},{"id":48202,"order":3,"props":{},"score":"0.00","title":"Economic wellbeing of the family"},{"id":48203,"order":4,"props":{},"score":"0.00","title":"All of the above"}],"title":"Proper spacing is good for:","type":"multichoice"}},{"id":17807,"order":3,"question":{"id":18014,"props":{"required":"true"},"responses":[{"id":48204,"order":1,"props":{},"score":"0.00","title":"Yes"},{"id":48205,"order":2,"props":{},"score":"0.00","title":"No"},{"id":48206,"order":3,"props":{},"score":"0.00","title":"Not sure"}],"title":"Do you intend to start using a family planning method?","type":"multichoice"}},{"id":17808,"order":4,"question":{"id":18015,"props":{"required":"true"},"responses":[{"id":48207,"order":1,"props":{},"score":"0.00","title":"Consult with spouse"},{"id":48208,"order":2,"props":{},"score":"0.00","title":"Consult with relatives\/friends"},{"id":48209,"order":3,"props":{},"score":"0.00","title":"Call Ujjwal helpline"},{"id":48210,"order":4,"props":{},"score":"0.00","title":"Call Ujjwal clinic"},{"id":48211,"order":5,"props":{},"score":"0.00","title":"Visit another primary health clinic"},{"id":48212,"order":6,"props":{},"score":"0.00","title":"No action plan"},{"id":48213,"order":7,"props":{},"score":"0.00","title":"Will not use FP"}],"title":"Which action will you take to being using a family planning method?","type":"multichoice"}}],"resource_uri":"\/api\/v1\/quiz\/1759\/","title":"Post-test"}</content></activity></activities></section><section order="2"><title lang="en">OCP Module (3 films)</title><activities><activity type="page" order="1" digest="ef8cd170bdb4341336884d89f2969d6d20590"><title lang="en">Doctor Speaks</title><media><file filename="iucd-ailulsil.m4v" download_url="http://downloads.digital-campus.org/media/ujjwal/iucd/iucd-ailulsil.m4v" digest="0205d436790267760fbb886221eb0c73" filesize="8451954" length="345"/></media><image filename="/images/20590.png"/><location lang="en">02_20590_en.html</location></activity><activity type="page" order="2" digest="7e82b7b301e3199850f39f238d48d69220594"><title lang="en">Real Stories</title><media><file filename="iucd-sweet-and-shaheen.m4v" download_url="http://downloads.digital-campus.org/media/ujjwal/iucd/iucd-sweet-and-shaheen.m4v" digest="bfcba1dad464b4b363d7e8bad8225702" filesize="3781330" length="148"/></media><image filename="/images/20594.png"/><location lang="en">02_20594_en.html</location></activity><activity type="page" order="3" digest="54a2e839f20f6506d40ba66c6e1c35e920597"><title lang="en">Entertainment Films</title><media><file filename="iucd-right-choice.m4v" download_url="http://downloads.digital-campus.org/media/ujjwal/iucd/iucd-right-choice.m4v" digest="6344725d8baa519f65d5ce564a5d82c2" filesize="12883802" length="440"/></media><image filename="/images/20597.png"/><location lang="en">02_20597_en.html</location></activity><activity type="page" order="4" digest="0683052788b27001f21066dba262e02720610"><title lang="en">OCP Information</title><location lang="en">02_20610_en.html</location></activity><activity type="feedback" order="5" digest="bf583e144b3be4922c765ffac5a8077820605"><title lang="en">Post-test</title><content lang="en">{"description":"OCP Module (3 films)","id":1760,"lastupdated_date":"2014-08-06T14:46:29","owner":"\/api\/v1\/user\/1\/","props":{"courseversion":"20140806134640","digest":"bf583e144b3be4922c765ffac5a8077820605","maxscore":0},"questions":[{"id":17809,"order":1,"question":{"id":18016,"props":{"required":"true"},"responses":[{"id":48214,"order":1,"props":{},"score":"0.00","title":"OCPs"},{"id":48215,"order":2,"props":{},"score":"0.00","title":"IUCD"},{"id":48216,"order":3,"props":{},"score":"0.00","title":"Injectable"},{"id":48217,"order":4,"props":{},"score":"0.00","title":"Condoms"},{"id":48218,"order":5,"props":{},"score":"0.00","title":"All of the above"}],"title":"Which of the following methods is used for spacing?","type":"multichoice"}},{"id":17810,"order":2,"question":{"id":18017,"props":{"required":"true"},"responses":[{"id":48219,"order":1,"props":{},"score":"0.00","title":"Mother's health"},{"id":48220,"order":2,"props":{},"score":"0.00","title":"Child's health"},{"id":48221,"order":3,"props":{},"score":"0.00","title":"Economic wellbeing of the family"},{"id":48222,"order":4,"props":{},"score":"0.00","title":"All of the above"}],"title":"Proper spacing is good for:","type":"multichoice"}},{"id":17811,"order":3,"question":{"id":18018,"props":{"required":"true"},"responses":[{"id":48223,"order":1,"props":{},"score":"0.00","title":"Yes"},{"id":48224,"order":2,"props":{},"score":"0.00","title":"No"},{"id":48225,"order":3,"props":{},"score":"0.00","title":"Not sure"}],"title":"Do you intend to start using a family planning method?","type":"multichoice"}},{"id":17812,"order":4,"question":{"id":18019,"props":{"required":"true"},"responses":[{"id":48226,"order":1,"props":{},"score":"0.00","title":"Consult with spouse"},{"id":48227,"order":2,"props":{},"score":"0.00","title":"Consult with relatives\/friends"},{"id":48228,"order":3,"props":{},"score":"0.00","title":"Call Ujjwal helpline"},{"id":48229,"order":4,"props":{},"score":"0.00","title":"Call Ujjwal clinic"},{"id":48230,"order":5,"props":{},"score":"0.00","title":"Visit another primary health clinic"},{"id":48231,"order":6,"props":{},"score":"0.00","title":"No action plan"},{"id":48232,"order":7,"props":{},"score":"0.00","title":"Will not use FP"}],"title":"Which action will you take to being using a family planning method?","type":"multichoice"}}],"resource_uri":"\/api\/v1\/quiz\/1760\/","title":"Post-test"}</content></activity></activities></section><section order="3"><title lang="en">Injectables Module (4 films)</title><activities><activity type="page" order="1" digest="ef8cd170bdb4341336884d89f2969d6d20591"><title lang="en">Doctor Speaks</title><media><file filename="iucd-ailulsil.m4v" download_url="http://downloads.digital-campus.org/media/ujjwal/iucd/iucd-ailulsil.m4v" digest="0205d436790267760fbb886221eb0c73" filesize="8451954" length="345"/></media><image filename="/images/20591.png"/><location lang="en">03_20591_en.html</location></activity><activity type="page" order="2" digest="7e82b7b301e3199850f39f238d48d69220595"><title lang="en">Real Stories</title><media><file filename="iucd-sweet-and-shaheen.m4v" download_url="http://downloads.digital-campus.org/media/ujjwal/iucd/iucd-sweet-and-shaheen.m4v" digest="bfcba1dad464b4b363d7e8bad8225702" filesize="3781330" length="148"/></media><image filename="/images/20595.png"/><location lang="en">03_20595_en.html</location></activity><activity type="page" order="3" digest="54a2e839f20f6506d40ba66c6e1c35e920598"><title lang="en">Entertainment Films</title><media><file filename="iucd-right-choice.m4v" download_url="http://downloads.digital-campus.org/media/ujjwal/iucd/iucd-right-choice.m4v" digest="6344725d8baa519f65d5ce564a5d82c2" filesize="12883802" length="440"/></media><image filename="/images/20598.png"/><location lang="en">03_20598_en.html</location></activity><activity type="page" order="4" digest="19fdf86f34338516804ade4cacc4b2d520601"><title lang="en">TV Advertisement</title><media><file filename="iucd-remedy.m4v" download_url="http://downloads.digital-campus.org/media/ujjwal/iucd/iucd-remedy.m4v" digest="629b828d78ffe1c54a5d38400f625a4f" filesize="2178260" length="71"/></media><image filename="/images/20601.png"/><location lang="en">03_20601_en.html</location></activity><activity type="page" order="5" digest="c1371a1dfe3be88cd5ce40e9d24eb2e120611"><title lang="en">Injectables Information</title><location lang="en">03_20611_en.html</location></activity><activity type="feedback" order="6" digest="d9ac7a045518fd03e60a19d9cf46784620606"><title lang="en">Post-test</title><content lang="en">{"description":"Injectables Module (4 films)","id":1761,"lastupdated_date":"2014-08-06T14:46:55","owner":"\/api\/v1\/user\/1\/","props":{"courseversion":"20140806134640","digest":"d9ac7a045518fd03e60a19d9cf46784620606","maxscore":0},"questions":[{"id":17813,"order":1,"question":{"id":18020,"props":{"required":"true"},"responses":[{"id":48233,"order":1,"props":{},"score":"0.00","title":"OCPs"},{"id":48234,"order":2,"props":{},"score":"0.00","title":"IUCD"},{"id":48235,"order":3,"props":{},"score":"0.00","title":"Injectable"},{"id":48236,"order":4,"props":{},"score":"0.00","title":"Condoms"},{"id":48237,"order":5,"props":{},"score":"0.00","title":"All of the above"}],"title":"Which of the following methods is used for spacing?","type":"multichoice"}},{"id":17814,"order":2,"question":{"id":18021,"props":{"required":"true"},"responses":[{"id":48238,"order":1,"props":{},"score":"0.00","title":"Mother's health"},{"id":48239,"order":2,"props":{},"score":"0.00","title":"Child's health"},{"id":48240,"order":3,"props":{},"score":"0.00","title":"Economic wellbeing of the family"},{"id":48241,"order":4,"props":{},"score":"0.00","title":"All of the above"}],"title":"Proper spacing is good for:","type":"multichoice"}},{"id":17815,"order":3,"question":{"id":18022,"props":{"required":"true"},"responses":[{"id":48242,"order":1,"props":{},"score":"0.00","title":"Yes"},{"id":48243,"order":2,"props":{},"score":"0.00","title":"No"},{"id":48244,"order":3,"props":{},"score":"0.00","title":"Not sure"}],"title":"Do you intend to start using a family planning method?","type":"multichoice"}},{"id":17816,"order":4,"question":{"id":18023,"props":{"required":"true"},"responses":[{"id":48245,"order":1,"props":{},"score":"0.00","title":"Consult with spouse"},{"id":48246,"order":2,"props":{},"score":"0.00","title":"Consult with relatives\/friends"},{"id":48247,"order":3,"props":{},"score":"0.00","title":"Call Ujjwal helpline"},{"id":48248,"order":4,"props":{},"score":"0.00","title":"Call Ujjwal clinic"},{"id":48249,"order":5,"props":{},"score":"0.00","title":"Visit another primary health clinic"},{"id":48250,"order":6,"props":{},"score":"0.00","title":"No action plan"},{"id":48251,"order":7,"props":{},"score":"0.00","title":"Will not use FP"}],"title":"Which action will you take to being using a family planning method?","type":"multichoice"}}],"resource_uri":"\/api\/v1\/quiz\/1761\/","title":"Post-test"}</content></activity></activities></section><section order="4"><title lang="en">Condom Module (2 films)</title><activities><activity type="page" order="1" digest="ef8cd170bdb4341336884d89f2969d6d20592"><title lang="en">Doctor Speaks</title><media><file filename="iucd-ailulsil.m4v" download_url="http://downloads.digital-campus.org/media/ujjwal/iucd/iucd-ailulsil.m4v" digest="0205d436790267760fbb886221eb0c73" filesize="8451954" length="345"/></media><image filename="/images/20592.png"/><location lang="en">04_20592_en.html</location></activity><activity type="page" order="2" digest="54a2e839f20f6506d40ba66c6e1c35e920600"><title lang="en">Entertainment Films</title><media><file filename="iucd-right-choice.m4v" download_url="http://downloads.digital-campus.org/media/ujjwal/iucd/iucd-right-choice.m4v" digest="6344725d8baa519f65d5ce564a5d82c2" filesize="12883802" length="440"/></media><image filename="/images/20600.png"/><location lang="en">04_20600_en.html</location></activity><activity type="page" order="3" digest="2a080ff1247faa42a27edd04994b9ff020612"><title lang="en">Condom Information</title><location lang="en">04_20612_en.html</location></activity><activity type="feedback" order="4" digest="be0f2ee4835596f1b41810b9a221bb3d20607"><title lang="en">Post-test</title><content lang="en">{"description":"Condom Module (2 films)","id":1762,"lastupdated_date":"2014-08-06T14:47:21","owner":"\/api\/v1\/user\/1\/","props":{"courseversion":"20140806134640","digest":"be0f2ee4835596f1b41810b9a221bb3d20607","maxscore":0},"questions":[{"id":17817,"order":1,"question":{"id":18024,"props":{"required":"true"},"responses":[{"id":48252,"order":1,"props":{},"score":"0.00","title":"OCPs"},{"id":48253,"order":2,"props":{},"score":"0.00","title":"IUCD"},{"id":48254,"order":3,"props":{},"score":"0.00","title":"Injectable"},{"id":48255,"order":4,"props":{},"score":"0.00","title":"Condoms"},{"id":48256,"order":5,"props":{},"score":"0.00","title":"All of the above"}],"title":"Which of the following methods is used for spacing?","type":"multichoice"}},{"id":17818,"order":2,"question":{"id":18025,"props":{"required":"true"},"responses":[{"id":48257,"order":1,"props":{},"score":"0.00","title":"Mother's health"},{"id":48258,"order":2,"props":{},"score":"0.00","title":"Child's health"},{"id":48259,"order":3,"props":{},"score":"0.00","title":"Economic wellbeing of the family"},{"id":48260,"order":4,"props":{},"score":"0.00","title":"All of the above"}],"title":"Proper spacing is good for:","type":"multichoice"}},{"id":17819,"order":3,"question":{"id":18026,"props":{"required":"true"},"responses":[{"id":48261,"order":1,"props":{},"score":"0.00","title":"Yes"},{"id":48262,"order":2,"props":{},"score":"0.00","title":"No"},{"id":48263,"order":3,"props":{},"score":"0.00","title":"Not sure"}],"title":"Do you intend to start using a family planning method?","type":"multichoice"}},{"id":17820,"order":4,"question":{"id":18027,"props":{"required":"true"},"responses":[{"id":48264,"order":1,"props":{},"score":"0.00","title":"Consult with spouse"},{"id":48265,"order":2,"props":{},"score":"0.00","title":"Consult with relatives\/friends"},{"id":48266,"order":3,"props":{},"score":"0.00","title":"Call Ujjwal helpline"},{"id":48267,"order":4,"props":{},"score":"0.00","title":"Call Ujjwal clinic"},{"id":48268,"order":5,"props":{},"score":"0.00","title":"Visit another primary health clinic"},{"id":48269,"order":6,"props":{},"score":"0.00","title":"No action plan"},{"id":48270,"order":7,"props":{},"score":"0.00","title":"Will not use FP"}],"title":"Which action will you take to being using a family planning method?","type":"multichoice"}}],"resource_uri":"\/api\/v1\/quiz\/1762\/","title":"Post-test"}</content></activity></activities></section></structure><media><file filename="iucd-ailulsil.m4v" download_url="http://downloads.digital-campus.org/media/ujjwal/iucd/iucd-ailulsil.m4v" digest="0205d436790267760fbb886221eb0c73" filesize="8451954" length="345"/><file filename="iucd-sweet-and-shaheen.m4v" download_url="http://downloads.digital-campus.org/media/ujjwal/iucd/iucd-sweet-and-shaheen.m4v" digest="bfcba1dad464b4b363d7e8bad8225702" filesize="3781330" length="148"/><file filename="iucd-right-choice.m4v" download_url="http://downloads.digital-campus.org/media/ujjwal/iucd/iucd-right-choice.m4v" digest="6344725d8baa519f65d5ce564a5d82c2" filesize="12883802" length="440"/><file filename="iucd-remedy.m4v" download_url="http://downloads.digital-campus.org/media/ujjwal/iucd/iucd-remedy.m4v" digest="629b828d78ffe1c54a5d38400f625a4f" filesize="2178260" length="71"/></media></module>
