<?xml version="1.0"?>
<module><meta><versionid>20140830121338</versionid><priority>3</priority><server>http://ujjwal.oppia-mobile.org/</server><title lang="en">Adopting a male-focused method</title><shortname>us-malefocused</shortname><description lang="en"></description><activity type="feedback" order="2" digest="a06842e0a1d0f20a45a6bed2c67a2e0b20877"><title lang="en">Pre-Test</title><content lang="en">{"description":"Pre-Test","id":8,"lastupdated_date":"2014-08-30T06:12:24","owner":"\/api\/v1\/user\/1\/","props":{"courseversion":"20140830121238","digest":"a06842e0a1d0f20a45a6bed2c67a2e0b20877","maxscore":0},"questions":[{"id":31,"order":1,"question":{"id":31,"props":{"required":"true"},"responses":[{"id":118,"order":1,"props":{},"score":"0.00","title":"True"},{"id":119,"order":2,"props":{},"score":"0.00","title":"False"}],"title":"Condoms and NSV are the only options available for men who want to use family planning.","type":"multichoice"}},{"id":32,"order":2,"question":{"id":32,"props":{"required":"true"},"responses":[{"id":120,"order":1,"props":{},"score":"0.00","title":"True"},{"id":121,"order":2,"props":{},"score":"0.00","title":"False"}],"title":"Condoms (and\/or NSV) are bad because they  affect the sexual pleasure or performance in a man.","type":"multichoice"}},{"id":33,"order":3,"question":{"id":33,"props":{"required":"true"},"responses":[{"id":122,"order":1,"props":{},"score":"0.00","title":"True"},{"id":123,"order":2,"props":{},"score":"0.00","title":"False"}],"title":"Family planning encourages a wife to become promiscuous.","type":"multichoice"}},{"id":34,"order":4,"question":{"id":34,"props":{"required":"true"},"responses":[{"id":124,"order":1,"props":{},"score":"0.00","title":"Yes"},{"id":125,"order":2,"props":{},"score":"0.00","title":"No"},{"id":126,"order":3,"props":{},"score":"0.00","title":"Unsure"}],"title":"Do you intend to use a family planning method?","type":"multichoice"}},{"id":35,"order":5,"question":{"id":35,"props":{"required":"true"},"responses":[{"id":127,"order":1,"props":{},"score":"0.00","title":"Consult with spouse"},{"id":128,"order":2,"props":{},"score":"0.00","title":"Consult with relatives\/ friends"},{"id":129,"order":3,"props":{},"score":"0.00","title":"Call Ujjwal Helpline"},{"id":130,"order":4,"props":{},"score":"0.00","title":"Call Ujjwal Clinic"},{"id":131,"order":5,"props":{},"score":"0.00","title":"Visit another primary health clinic"},{"id":132,"order":6,"props":{},"score":"0.00","title":"No action plan"},{"id":133,"order":7,"props":{},"score":"0.00","title":"Will not use FP"}],"title":"Which action will you take to begin using a family planning method? (Choose one)","type":"multichoice"}}],"resource_uri":"\/api\/v1\/quiz\/8\/","title":"Pre-Test"}</content></activity><image filename="/images/21629.png"/><langs><lang>en</lang></langs></meta><structure><section order="1"><title lang="en">Condoms</title><activities><activity type="page" order="1" digest="72a426c9989ac153ee9c8df8496d607120625"><title lang="en">Condom</title><image filename="/images/20625.png"/><location lang="en">01_20625_en.html</location></activity><activity type="page" order="2" digest="570843f5fc340212b5c6e0ab2dd986b820686"><title lang="en">Doctor Speaks</title><media><file filename="doctor-speaks-on-condom.m4v" download_url="http://downloads.digital-campus.org/media/ujjwal/doctor-speaks-on-condom.m4v" digest="eb2f0739f8c03c431c8eeb4eb966cc6b" filesize="3731126" length="227"/></media><image filename="/images/20686.png"/><location lang="en">01_20686_en.html</location></activity><activity type="page" order="3" digest="cc10667d9010c6e70969026ca82d578420687"><title lang="en">Real Stories</title><media><file filename="raj-kumar-and-suman.m4v" download_url="http://downloads.digital-campus.org/media/ujjwal/raj-kumar-and-suman.m4v" digest="01f01a1a7f9e5277489b6ea1eeef8dbb" filesize="4742281" length="169"/></media><image filename="/images/20687.png"/><location lang="en">01_20687_en.html</location></activity><activity type="page" order="4" digest="c0dbfe7037ec2f0fd28c3d65216f1ca420688"><title lang="en">Entertainment Film</title><media><file filename="smart-soch.m4v" download_url="http://downloads.digital-campus.org/media/ujjwal/smart-soch.m4v" digest="4ee512c4fd54c2e481a085ebb43e6c6e" filesize="17877131" length="499"/></media><image filename="/images/20688.png"/><location lang="en">01_20688_en.html</location></activity><activity type="page" order="5" digest="399b3287927b3601be6afcf6357eb53720689"><title lang="en">Get Condom Info</title><image filename="/images/20689.png"/><location lang="en">01_20689_en.html</location></activity><activity type="page" order="6" digest="ec496fc7056ac0b4d71424ef0a9be6a320797"><title lang="en">Action steps</title><location lang="en">01_20797_en.html</location></activity></activities></section><section order="2"><title lang="en">NSV (Male Sterilization)</title><activities><activity type="page" order="1" digest="812f741d59dc2d0488ba0deac1cd043320690"><title lang="en">NSV (Male Sterilization)</title><image filename="/images/20690.png"/><location lang="en">02_20690_en.html</location></activity><activity type="page" order="2" digest="ffe996751883c338619435549d67d9f420691"><title lang="en">Doctor Speaks</title><media><file filename="doctor-speaks-on-nsv.m4v" download_url="http://downloads.digital-campus.org/media/ujjwal/doctor-speaks-on-nsv.m4v" digest="3e987d62ebd7e3c7ecf6aa58cbdb9938" filesize="5908493" length="247"/></media><image filename="/images/20691.png"/><location lang="en">02_20691_en.html</location></activity><activity type="page" order="3" digest="e4048ed941af258b3527f460a9113e3920692"><title lang="en">Real Stories</title><media><file filename="shubham-and-poonam.m4v" download_url="http://downloads.digital-campus.org/media/ujjwal/shubham-and-poonam.m4v" digest="376096c5faa46bb83e0865ff37c1d406" filesize="7747287" length="180"/></media><image filename="/images/20692.png"/><location lang="en">02_20692_en.html</location></activity><activity type="page" order="4" digest="4e021791c13446f00a708a5a3df5280220693"><title lang="en">Entertainment Films</title><media><file filename="asli-dabangg.m4v" download_url="http://downloads.digital-campus.org/media/ujjwal/asli-dabangg.m4v" digest="73043300268362dd5410db827ec4bac7" filesize="21658083" length="588"/></media><image filename="/images/20693.png"/><location lang="en">02_20693_en.html</location></activity><activity type="page" order="5" digest="4d8ce6fcbe4d9f2d319be817cc495e1620694"><title lang="en">TV Advertisement</title><media><file filename="munna-ki-kahani.m4v" download_url="http://downloads.digital-campus.org/media/ujjwal/munna-ki-kahani.m4v" digest="ee1493df1ae1e15879ae9c4c54f675b4" filesize="2648961" length="71"/></media><image filename="/images/20694.png"/><location lang="en">02_20694_en.html</location></activity><activity type="page" order="6" digest="4112dfd46d7b09e0d4514e132b30da9720695"><title lang="en">Get Male Sterilization Info</title><location lang="en">02_20695_en.html</location></activity><activity type="page" order="7" digest="52450bc578aec4e91e33cc5c583df1de20798"><title lang="en">Action steps</title><location lang="en">02_20798_en.html</location></activity></activities></section><section order="3"><title lang="en">Post Test</title><activities><activity type="feedback" order="1" digest="c096011286fc9897c09fa5392c747b0920878"><title lang="en">Post-Test</title><content lang="en">{"description":"Post Test","id":9,"lastupdated_date":"2014-08-30T06:12:36","owner":"\/api\/v1\/user\/1\/","props":{"courseversion":"20140830121238","digest":"c096011286fc9897c09fa5392c747b0920878","maxscore":0},"questions":[{"id":36,"order":1,"question":{"id":36,"props":{"required":"true"},"responses":[{"id":134,"order":1,"props":{},"score":"0.00","title":"True"},{"id":135,"order":2,"props":{},"score":"0.00","title":"False"}],"title":"Condoms and NSV are the only options available for men who want to use family planning.","type":"multichoice"}},{"id":37,"order":2,"question":{"id":37,"props":{"required":"true"},"responses":[{"id":136,"order":1,"props":{},"score":"0.00","title":"True"},{"id":137,"order":2,"props":{},"score":"0.00","title":"False"}],"title":"Condoms (and\/or NSV) are bad because they  affect the sexual pleasure or performance in a man.","type":"multichoice"}},{"id":38,"order":3,"question":{"id":38,"props":{"required":"true"},"responses":[{"id":138,"order":1,"props":{},"score":"0.00","title":"True"},{"id":139,"order":2,"props":{},"score":"0.00","title":"False"}],"title":"Family planning encourages a wife to become promiscuous.","type":"multichoice"}},{"id":39,"order":4,"question":{"id":39,"props":{"required":"true"},"responses":[{"id":140,"order":1,"props":{},"score":"0.00","title":"Yes"},{"id":141,"order":2,"props":{},"score":"0.00","title":"No"},{"id":142,"order":3,"props":{},"score":"0.00","title":"Unsure"}],"title":"Do you intend to use a family planning method?","type":"multichoice"}},{"id":40,"order":5,"question":{"id":40,"props":{"required":"true"},"responses":[{"id":143,"order":1,"props":{},"score":"0.00","title":"Consult with spouse"},{"id":144,"order":2,"props":{},"score":"0.00","title":"Consult with relatives\/ friends"},{"id":145,"order":3,"props":{},"score":"0.00","title":"Call Ujjwal Helpline"},{"id":146,"order":4,"props":{},"score":"0.00","title":"Call Ujjwal Clinic"},{"id":147,"order":5,"props":{},"score":"0.00","title":"Visit another primary health clinic"},{"id":148,"order":6,"props":{},"score":"0.00","title":"No action plan"},{"id":149,"order":7,"props":{},"score":"0.00","title":"Will not use FP"}],"title":"Which action will you take to begin using a family planning method? (Choose one)","type":"multichoice"}}],"resource_uri":"\/api\/v1\/quiz\/9\/","title":"Post-Test"}</content></activity></activities></section></structure><media><file filename="doctor-speaks-on-condom.m4v" download_url="http://downloads.digital-campus.org/media/ujjwal/doctor-speaks-on-condom.m4v" digest="eb2f0739f8c03c431c8eeb4eb966cc6b" filesize="3731126" length="227"/><file filename="raj-kumar-and-suman.m4v" download_url="http://downloads.digital-campus.org/media/ujjwal/raj-kumar-and-suman.m4v" digest="01f01a1a7f9e5277489b6ea1eeef8dbb" filesize="4742281" length="169"/><file filename="smart-soch.m4v" download_url="http://downloads.digital-campus.org/media/ujjwal/smart-soch.m4v" digest="4ee512c4fd54c2e481a085ebb43e6c6e" filesize="17877131" length="499"/><file filename="doctor-speaks-on-nsv.m4v" download_url="http://downloads.digital-campus.org/media/ujjwal/doctor-speaks-on-nsv.m4v" digest="3e987d62ebd7e3c7ecf6aa58cbdb9938" filesize="5908493" length="247"/><file filename="shubham-and-poonam.m4v" download_url="http://downloads.digital-campus.org/media/ujjwal/shubham-and-poonam.m4v" digest="376096c5faa46bb83e0865ff37c1d406" filesize="7747287" length="180"/><file filename="asli-dabangg.m4v" download_url="http://downloads.digital-campus.org/media/ujjwal/asli-dabangg.m4v" digest="73043300268362dd5410db827ec4bac7" filesize="21658083" length="588"/><file filename="munna-ki-kahani.m4v" download_url="http://downloads.digital-campus.org/media/ujjwal/munna-ki-kahani.m4v" digest="ee1493df1ae1e15879ae9c4c54f675b4" filesize="2648961" length="71"/></media></module>
