<?xml version="1.0"?>
<module><meta><versionid>20140827152553</versionid><priority>8</priority><server>http://ujjwal.oppia-mobile.org/</server><title lang="en">Unprotected/Emergency</title><shortname>us-unprotected</shortname><description lang="en"></description><langs><lang>en</lang></langs></meta><structure><section order="1"><title lang="en">ECPs</title><activities><activity type="page" order="1" digest="6dda0ddac97fd7ba3868ddb5898a38e920813"><title lang="en">Doctor Speaks</title><media><file filename="doctor-speaks-on-ecp.m4v" download_url="http://downloads.digital-campus.org/media/ujjwal/doctor-speaks-on-ecp.m4v" digest="7165be69b073af011e11ba23bac2a1ce" filesize="5653819" length="236"/></media><image filename="/images/20813.png"/><location lang="en">01_20813_en.html</location></activity><activity type="page" order="2" digest="068ddc280e8806160bd5c71c62c9c59a20814"><title lang="en">Entertainment</title><media><file filename="life-partner.m4v" download_url="http://downloads.digital-campus.org/media/ujjwal/life-partner.m4v" digest="68d60bdd92b4c93b82a46fb967b6f476" filesize="22224581" length="523"/></media><image filename="/images/20814.png"/><location lang="en">01_20814_en.html</location></activity><activity type="page" order="3" digest="aeaccee90a0d7010a408efb7e6399bd620815"><title lang="en">Get information</title><location lang="en">01_20815_en.html</location></activity><activity type="page" order="4" digest="466bc846263629c89e4b403c4506926c20816"><title lang="en">Action steps</title><location lang="en">01_20816_en.html</location></activity></activities></section></structure><media><file filename="doctor-speaks-on-ecp.m4v" download_url="http://downloads.digital-campus.org/media/ujjwal/doctor-speaks-on-ecp.m4v" digest="7165be69b073af011e11ba23bac2a1ce" filesize="5653819" length="236"/><file filename="life-partner.m4v" download_url="http://downloads.digital-campus.org/media/ujjwal/life-partner.m4v" digest="68d60bdd92b4c93b82a46fb967b6f476" filesize="22224581" length="523"/></media></module>
