<?xml version="1.0"?>
<module><meta><versionid>20140827152540</versionid><priority>6</priority><server>http://ujjwal.oppia-mobile.org/</server><title lang="en">Limiting family size</title><shortname>us-limiting</shortname><description lang="en"></description><image filename="/images/21610.png"/><langs><lang>en</lang></langs></meta><structure><section order="1"><title lang="en">Female Sterilization</title><activities><activity type="page" order="1" digest="874858721bb40a6d27bcf9456a94973320621"><title lang="en">Doctor Speaks</title><media><file filename="doctor-speaks-on-female-sterilisation.m4v" download_url="http://downloads.digital-campus.org/media/ujjwal/doctor-speaks-on-female-sterilisation.m4v" digest="4d245381d44d7e3a533d7b915d268eb8" filesize="8038494" length="295"/></media><image filename="/images/20621.png"/><location lang="en">01_20621_en.html</location></activity><activity type="page" order="2" digest="e7f73fe50efc86a30d30fd372a8edebb20749"><title lang="en">Real Stories</title><media><file filename="sangeeta-and-amresh.m4v" download_url="http://downloads.digital-campus.org/media/ujjwal/sangeeta-and-amresh.m4v" digest="7a140d550832220ca21a4b3136dea6e9" filesize="8595856" length="180"/></media><image filename="/images/20749.png"/><location lang="en">01_20749_en.html</location></activity><activity type="page" order="3" digest="4d2c81c1f00bf12a31f163a7c45be2db20746"><title lang="en">Entertainment Film</title><media><file filename="zindagi-ka-plan.m4v" download_url="http://downloads.digital-campus.org/media/ujjwal/zindagi-ka-plan.m4v" digest="cda103bcd27eb7bd8c47e88de021937e" filesize="16631736" length="576"/></media><image filename="/images/20746.png"/><location lang="en">01_20746_en.html</location></activity><activity type="page" order="4" digest="a244ff6680d59aef4d3e95aa7be6935f20748"><title lang="en">TVC</title><media><file filename="bunty-and-wife.m4v" download_url="http://downloads.digital-campus.org/media/ujjwal/bunty-and-wife.m4v" digest="1daae3885fbbfdc907e3bbca2b23b4d1" filesize="2802034" length="72"/></media><image filename="/images/20748.png"/><location lang="en">01_20748_en.html</location></activity><activity type="page" order="5" digest="d48905eab53be1fff29f4641d4088b3220787"><title lang="en">Get information</title><location lang="en">01_20787_en.html</location></activity><activity type="page" order="6" digest="fcd42ae9d01605cc176d358bd4aa566020788"><title lang="en">Action Steps</title><location lang="en">01_20788_en.html</location></activity></activities></section><section order="2"><title lang="en">Male Sterilization</title><activities><activity type="page" order="1" digest="130ecb5dfc4c60132e6d0c4e8c279e1320750"><title lang="en">Doctor Speaks</title><image filename="/images/20750.png"/><location lang="en">02_20750_en.html</location></activity><activity type="page" order="2" digest="e4048ed941af258b3527f460a9113e3920744"><title lang="en">Real Stories</title><media><file filename="shubham-and-poonam.m4v" download_url="http://downloads.digital-campus.org/media/ujjwal/shubham-and-poonam.m4v" digest="376096c5faa46bb83e0865ff37c1d406" filesize="7747287" length="180"/></media><image filename="/images/20744.png"/><location lang="en">02_20744_en.html</location></activity><activity type="page" order="3" digest="4d8ce6fcbe4d9f2d319be817cc495e1620745"><title lang="en">Entertainment Film</title><media><file filename="munna-ki-kahani.m4v" download_url="http://downloads.digital-campus.org/media/ujjwal/munna-ki-kahani.m4v" digest="ee1493df1ae1e15879ae9c4c54f675b4" filesize="2648961" length="71"/></media><image filename="/images/20745.png"/><location lang="en">02_20745_en.html</location></activity><activity type="page" order="4" digest="130ecb5dfc4c60132e6d0c4e8c279e1320747"><title lang="en">TVC</title><image filename="/images/20747.png"/><location lang="en">02_20747_en.html</location></activity><activity type="page" order="5" digest="8baacc522ce9c270f08084266deaea2620789"><title lang="en">Get information</title><location lang="en">02_20789_en.html</location></activity><activity type="page" order="6" digest="7f25dfa2ce23e957456aa771021fc09420790"><title lang="en">Action Steps</title><location lang="en">02_20790_en.html</location></activity></activities></section></structure><media><file filename="doctor-speaks-on-female-sterilisation.m4v" download_url="http://downloads.digital-campus.org/media/ujjwal/doctor-speaks-on-female-sterilisation.m4v" digest="4d245381d44d7e3a533d7b915d268eb8" filesize="8038494" length="295"/><file filename="sangeeta-and-amresh.m4v" download_url="http://downloads.digital-campus.org/media/ujjwal/sangeeta-and-amresh.m4v" digest="7a140d550832220ca21a4b3136dea6e9" filesize="8595856" length="180"/><file filename="zindagi-ka-plan.m4v" download_url="http://downloads.digital-campus.org/media/ujjwal/zindagi-ka-plan.m4v" digest="cda103bcd27eb7bd8c47e88de021937e" filesize="16631736" length="576"/><file filename="bunty-and-wife.m4v" download_url="http://downloads.digital-campus.org/media/ujjwal/bunty-and-wife.m4v" digest="1daae3885fbbfdc907e3bbca2b23b4d1" filesize="2802034" length="72"/><file filename="shubham-and-poonam.m4v" download_url="http://downloads.digital-campus.org/media/ujjwal/shubham-and-poonam.m4v" digest="376096c5faa46bb83e0865ff37c1d406" filesize="7747287" length="180"/><file filename="munna-ki-kahani.m4v" download_url="http://downloads.digital-campus.org/media/ujjwal/munna-ki-kahani.m4v" digest="ee1493df1ae1e15879ae9c4c54f675b4" filesize="2648961" length="71"/></media></module>
