<?xml version="1.0"?>
<module><meta><versionid>20140827152514</versionid><priority>4</priority><server>http://ujjwal.oppia-mobile.org/</server><title lang="en">Adopting an FP method post partum</title><shortname>us-postpartum</shortname><description lang="en"></description><image filename="/images/21624.png"/><langs><lang>en</lang></langs></meta><structure><section order="1"><title lang="en">Postpartum Family Planning (PPFP)</title><activities><activity type="page" order="1" digest="aecd7321cbfe133514f48f0b2142c5bc20626"><title lang="en">Postpartum Family Planning</title><location lang="en">01_20626_en.html</location></activity><activity type="page" order="2" digest="a2bb035d6900aaf56b87efb14e3714c920696"><title lang="en">Doctor Speaks</title><media><file filename="doctor-speaks-on-post-partum-fp.m4v" download_url="http://downloads.digital-campus.org/media/ujjwal/doctor-speaks-on-post-partum-fp.m4v" digest="1aab67ca70f4ebd255869a009749a8da" filesize="4369993" length="180"/></media><image filename="/images/20696.png"/><location lang="en">01_20696_en.html</location></activity><activity type="page" order="3" digest="4ab9aad88e7405e01cb880b1c4d56c3320703"><title lang="en">Real Stories</title><media><file filename="ranjeet-and-deepika.m4v" download_url="http://downloads.digital-campus.org/media/ujjwal/ranjeet-and-deepika.m4v" digest="32aa75641771957c923f8a89d81ac482" filesize="3976525" length="178"/></media><image filename="/images/20703.png"/><location lang="en">01_20703_en.html</location></activity><activity type="page" order="4" digest="b910134df5c19b082c15659020eb9aca20710"><title lang="en">Entertainment Film</title><media><file filename="double-badhai.m4v" download_url="http://downloads.digital-campus.org/media/ujjwal/double-badhai.m4v" digest="01c3b7413a0f3ce9c5a45075ad010ce2" filesize="13384521" length="499"/></media><image filename="/images/20710.png"/><location lang="en">01_20710_en.html</location></activity><activity type="page" order="5" digest="87aa3a5b04b399a265af54459eccdb4720799"><title lang="en">Get information</title><location lang="en">01_20799_en.html</location></activity><activity type="page" order="6" digest="b8dbf3f4c0c2d4869d0d7f6d1ad9405e20800"><title lang="en">Action steps</title><location lang="en">01_20800_en.html</location></activity></activities></section><section order="2"><title lang="en">IUCD</title><activities><activity type="page" order="1" digest="3239f72beae9f99080da65858ed4bbe720697"><title lang="en">Doctor Speaks</title><media><file filename="doctor-speaks-on-iucd.m4v" download_url="http://downloads.digital-campus.org/media/ujjwal/doctor-speaks-on-iucd.m4v" digest="3095ccc0d6405f85b53cfbb3dde1fd9d" filesize="8451962" length="345"/></media><image filename="/images/20697.png"/><location lang="en">02_20697_en.html</location></activity><activity type="page" order="2" digest="fb83678ce3cdc2f5760364cd2e0a3acd20704"><title lang="en">Real Stories</title><media><file filename="amrita-and-gajendra.m4v" download_url="http://downloads.digital-campus.org/media/ujjwal/amrita-and-gajendra.m4v" digest="c9ad170ecf1844a8685dbf08b83a50bf" filesize="8182807" length="180"/></media><image filename="/images/20704.png"/><location lang="en">02_20704_en.html</location></activity><activity type="page" order="3" digest="c819f4c096b91f86ef668f3cfbe131fc20711"><title lang="en">Entertainment Film</title><media><file filename="right-choice.m4v" download_url="http://downloads.digital-campus.org/media/ujjwal/right-choice.m4v" digest="2d0aa6644b2802e831290229c93537b6" filesize="12883797" length="440"/></media><image filename="/images/20711.png"/><location lang="en">02_20711_en.html</location></activity><activity type="page" order="4" digest="9d9076af7dd8f03445ee69fff7bdc6d920718"><title lang="en">TVC</title><media><file filename="upaya-ppiucd.m4v" download_url="http://downloads.digital-campus.org/media/ujjwal/upaya-ppiucd.m4v" digest="5919f8a2dc1c72ec6238f8dda26bfaf2" filesize="2178261" length="71"/></media><image filename="/images/20718.png"/><location lang="en">02_20718_en.html</location></activity><activity type="page" order="5" digest="f9bc7a4662986a2465d3970b3a7431b420801"><title lang="en">Get information</title><location lang="en">02_20801_en.html</location></activity><activity type="page" order="6" digest="5f990b520bc124726bffbe6bf9d048b920802"><title lang="en">Action steps</title><location lang="en">02_20802_en.html</location></activity></activities></section><section order="3"><title lang="en">Injectable</title><activities><activity type="page" order="1" digest="cc776cbe4dc555f6089a46f2890d553c20698"><title lang="en">Doctor Speaks</title><media><file filename="doctor-speaks-on-injectable.m4v" download_url="http://downloads.digital-campus.org/media/ujjwal/doctor-speaks-on-injectable.m4v" digest="ab08306ca4722aa3bf450e417fdd39f6" filesize="6142156" length="250"/></media><image filename="/images/20698.png"/><location lang="en">03_20698_en.html</location></activity><activity type="page" order="2" digest="3282570c64dd60a0eacb42f8d52bfc0620705"><title lang="en">Real Stories</title><media><file filename="nishu-and-jitendra.m4v" download_url="http://downloads.digital-campus.org/media/ujjwal/nishu-and-jitendra.m4v" digest="ea08ab70165899d1c04e8c9ef24b191b" filesize="9974916" length="180"/><file filename="shamsun-and-aas-mohammed.m4v" download_url="http://downloads.digital-campus.org/media/ujjwal/shamsun-and-aas-mohammed.m4v" digest="c42e2f1e5bfc639ef85ad9b46a29894a" filesize="8359273" length="180"/></media><image filename="/images/20705.png"/><location lang="en">03_20705_en.html</location></activity><activity type="page" order="3" digest="327c6175e8e15ca6e4bad9dd2384e70620712"><title lang="en">Entertainment Film</title><media><file filename="love-befikr.m4v" download_url="http://downloads.digital-campus.org/media/ujjwal/love-befikr.m4v" digest="cdc496f7575a277c232458828b311e45" filesize="14313716" length="442"/></media><image filename="/images/20712.png"/><location lang="en">03_20712_en.html</location></activity><activity type="page" order="4" digest="cc9894a8cb93256746cad13ed239143a20719"><title lang="en">TVC</title><media><file filename="bahana.m4v" download_url="http://downloads.digital-campus.org/media/ujjwal/bahana.m4v" digest="a3e689f6f27af41fc00a6f4d1c397b3c" filesize="1267262" length="51"/></media><image filename="/images/20719.png"/><location lang="en">03_20719_en.html</location></activity><activity type="page" order="5" digest="c1371a1dfe3be88cd5ce40e9d24eb2e120803"><title lang="en">Get information</title><location lang="en">03_20803_en.html</location></activity><activity type="page" order="6" digest="5f990b520bc124726bffbe6bf9d048b920804"><title lang="en">Action steps</title><location lang="en">03_20804_en.html</location></activity></activities></section><section order="4"><title lang="en">Condom</title><activities><activity type="page" order="1" digest="570843f5fc340212b5c6e0ab2dd986b820699"><title lang="en">Doctor Speaks</title><media><file filename="doctor-speaks-on-condom.m4v" download_url="http://downloads.digital-campus.org/media/ujjwal/doctor-speaks-on-condom.m4v" digest="eb2f0739f8c03c431c8eeb4eb966cc6b" filesize="3731126" length="227"/></media><image filename="/images/20699.png"/><location lang="en">04_20699_en.html</location></activity><activity type="page" order="2" digest="cc10667d9010c6e70969026ca82d578420706"><title lang="en">Real Stories</title><media><file filename="raj-kumar-and-suman.m4v" download_url="http://downloads.digital-campus.org/media/ujjwal/raj-kumar-and-suman.m4v" digest="01f01a1a7f9e5277489b6ea1eeef8dbb" filesize="4742281" length="169"/></media><image filename="/images/20706.png"/><location lang="en">04_20706_en.html</location></activity><activity type="page" order="3" digest="c0dbfe7037ec2f0fd28c3d65216f1ca420713"><title lang="en">Entertainment Film</title><media><file filename="smart-soch.m4v" download_url="http://downloads.digital-campus.org/media/ujjwal/smart-soch.m4v" digest="4ee512c4fd54c2e481a085ebb43e6c6e" filesize="17877131" length="499"/></media><image filename="/images/20713.png"/><location lang="en">04_20713_en.html</location></activity><activity type="page" order="4" digest="2a080ff1247faa42a27edd04994b9ff020805"><title lang="en">Get information</title><location lang="en">04_20805_en.html</location></activity><activity type="page" order="5" digest="5f990b520bc124726bffbe6bf9d048b920806"><title lang="en">Action steps</title><location lang="en">04_20806_en.html</location></activity></activities></section><section order="5"><title lang="en">OCP</title><activities><activity type="page" order="1" digest="8d5611f8b5ab2872c66739977269990920700"><title lang="en">Doctor Speaks</title><media><file filename="doctor-speaks-on-ocp.m4v" download_url="http://downloads.digital-campus.org/media/ujjwal/doctor-speaks-on-ocp.m4v" digest="9ebcc29dc792259283e8d495ebae4b03" filesize="7530833" length="304"/></media><image filename="/images/20700.png"/><location lang="en">05_20700_en.html</location></activity><activity type="page" order="2" digest="e368fd7a74c2bec1a5a0fcb90b42204020707"><title lang="en">Real Stories</title><media><file filename="sarita-and-raj-kishore.m4v" download_url="http://downloads.digital-campus.org/media/ujjwal/sarita-and-raj-kishore.m4v" digest="1389ec0a080ca9b3b39bfe357c78c46e" filesize="8110915" length="180"/></media><image filename="/images/20707.png"/><location lang="en">05_20707_en.html</location></activity><activity type="page" order="3" digest="acea5a154131d9ae36ddda7a435725ba20807"><title lang="en">Get information</title><location lang="en">05_20807_en.html</location></activity><activity type="page" order="4" digest="5f990b520bc124726bffbe6bf9d048b920808"><title lang="en">Action steps</title><location lang="en">05_20808_en.html</location></activity></activities></section><section order="6"><title lang="en">Female Sterilization</title><activities><activity type="page" order="1" digest="874858721bb40a6d27bcf9456a94973320701"><title lang="en">Doctor Speaks</title><media><file filename="doctor-speaks-on-female-sterilisation.m4v" download_url="http://downloads.digital-campus.org/media/ujjwal/doctor-speaks-on-female-sterilisation.m4v" digest="4d245381d44d7e3a533d7b915d268eb8" filesize="8038494" length="295"/></media><image filename="/images/20701.png"/><location lang="en">06_20701_en.html</location></activity><activity type="page" order="2" digest="e7f73fe50efc86a30d30fd372a8edebb20708"><title lang="en">Real Stories</title><media><file filename="sangeeta-and-amresh.m4v" download_url="http://downloads.digital-campus.org/media/ujjwal/sangeeta-and-amresh.m4v" digest="7a140d550832220ca21a4b3136dea6e9" filesize="8595856" length="180"/></media><image filename="/images/20708.png"/><location lang="en">06_20708_en.html</location></activity><activity type="page" order="3" digest="b910134df5c19b082c15659020eb9aca20714"><title lang="en">Entertainment Film</title><media><file filename="double-badhai.m4v" download_url="http://downloads.digital-campus.org/media/ujjwal/double-badhai.m4v" digest="01c3b7413a0f3ce9c5a45075ad010ce2" filesize="13384521" length="499"/></media><image filename="/images/20714.png"/><location lang="en">06_20714_en.html</location></activity><activity type="page" order="4" digest="a244ff6680d59aef4d3e95aa7be6935f20717"><title lang="en">TVC</title><media><file filename="bunty-and-wife.m4v" download_url="http://downloads.digital-campus.org/media/ujjwal/bunty-and-wife.m4v" digest="1daae3885fbbfdc907e3bbca2b23b4d1" filesize="2802034" length="72"/></media><image filename="/images/20717.png"/><location lang="en">06_20717_en.html</location></activity><activity type="page" order="5" digest="130ecb5dfc4c60132e6d0c4e8c279e1320810"><title lang="en">Get information</title><location lang="en">06_20810_en.html</location></activity><activity type="page" order="6" digest="5f990b520bc124726bffbe6bf9d048b920809"><title lang="en">Action steps</title><location lang="en">06_20809_en.html</location></activity></activities></section><section order="7"><title lang="en">Male Sterilization</title><activities><activity type="page" order="1" digest="130ecb5dfc4c60132e6d0c4e8c279e1320702"><title lang="en">Doctor Speaks</title><image filename="/images/20702.png"/><location lang="en">07_20702_en.html</location></activity><activity type="page" order="2" digest="e4048ed941af258b3527f460a9113e3920709"><title lang="en">Real Stories</title><media><file filename="shubham-and-poonam.m4v" download_url="http://downloads.digital-campus.org/media/ujjwal/shubham-and-poonam.m4v" digest="376096c5faa46bb83e0865ff37c1d406" filesize="7747287" length="180"/></media><image filename="/images/20709.png"/><location lang="en">07_20709_en.html</location></activity><activity type="page" order="3" digest="4e021791c13446f00a708a5a3df5280220715"><title lang="en">Entertainment Film</title><media><file filename="asli-dabangg.m4v" download_url="http://downloads.digital-campus.org/media/ujjwal/asli-dabangg.m4v" digest="73043300268362dd5410db827ec4bac7" filesize="21658083" length="588"/></media><image filename="/images/20715.png"/><location lang="en">07_20715_en.html</location></activity><activity type="page" order="4" digest="4d8ce6fcbe4d9f2d319be817cc495e1620716"><title lang="en">TVC</title><media><file filename="munna-ki-kahani.m4v" download_url="http://downloads.digital-campus.org/media/ujjwal/munna-ki-kahani.m4v" digest="ee1493df1ae1e15879ae9c4c54f675b4" filesize="2648961" length="71"/></media><image filename="/images/20716.png"/><location lang="en">07_20716_en.html</location></activity><activity type="page" order="5" digest="130ecb5dfc4c60132e6d0c4e8c279e1320811"><title lang="en">Get information</title><location lang="en">07_20811_en.html</location></activity><activity type="page" order="6" digest="5f990b520bc124726bffbe6bf9d048b920812"><title lang="en">Action steps</title><location lang="en">07_20812_en.html</location></activity></activities></section></structure><media><file filename="doctor-speaks-on-post-partum-fp.m4v" download_url="http://downloads.digital-campus.org/media/ujjwal/doctor-speaks-on-post-partum-fp.m4v" digest="1aab67ca70f4ebd255869a009749a8da" filesize="4369993" length="180"/><file filename="ranjeet-and-deepika.m4v" download_url="http://downloads.digital-campus.org/media/ujjwal/ranjeet-and-deepika.m4v" digest="32aa75641771957c923f8a89d81ac482" filesize="3976525" length="178"/><file filename="double-badhai.m4v" download_url="http://downloads.digital-campus.org/media/ujjwal/double-badhai.m4v" digest="01c3b7413a0f3ce9c5a45075ad010ce2" filesize="13384521" length="499"/><file filename="doctor-speaks-on-iucd.m4v" download_url="http://downloads.digital-campus.org/media/ujjwal/doctor-speaks-on-iucd.m4v" digest="3095ccc0d6405f85b53cfbb3dde1fd9d" filesize="8451962" length="345"/><file filename="amrita-and-gajendra.m4v" download_url="http://downloads.digital-campus.org/media/ujjwal/amrita-and-gajendra.m4v" digest="c9ad170ecf1844a8685dbf08b83a50bf" filesize="8182807" length="180"/><file filename="right-choice.m4v" download_url="http://downloads.digital-campus.org/media/ujjwal/right-choice.m4v" digest="2d0aa6644b2802e831290229c93537b6" filesize="12883797" length="440"/><file filename="upaya-ppiucd.m4v" download_url="http://downloads.digital-campus.org/media/ujjwal/upaya-ppiucd.m4v" digest="5919f8a2dc1c72ec6238f8dda26bfaf2" filesize="2178261" length="71"/><file filename="doctor-speaks-on-injectable.m4v" download_url="http://downloads.digital-campus.org/media/ujjwal/doctor-speaks-on-injectable.m4v" digest="ab08306ca4722aa3bf450e417fdd39f6" filesize="6142156" length="250"/><file filename="nishu-and-jitendra.m4v" download_url="http://downloads.digital-campus.org/media/ujjwal/nishu-and-jitendra.m4v" digest="ea08ab70165899d1c04e8c9ef24b191b" filesize="9974916" length="180"/><file filename="shamsun-and-aas-mohammed.m4v" download_url="http://downloads.digital-campus.org/media/ujjwal/shamsun-and-aas-mohammed.m4v" digest="c42e2f1e5bfc639ef85ad9b46a29894a" filesize="8359273" length="180"/><file filename="love-befikr.m4v" download_url="http://downloads.digital-campus.org/media/ujjwal/love-befikr.m4v" digest="cdc496f7575a277c232458828b311e45" filesize="14313716" length="442"/><file filename="bahana.m4v" download_url="http://downloads.digital-campus.org/media/ujjwal/bahana.m4v" digest="a3e689f6f27af41fc00a6f4d1c397b3c" filesize="1267262" length="51"/><file filename="doctor-speaks-on-condom.m4v" download_url="http://downloads.digital-campus.org/media/ujjwal/doctor-speaks-on-condom.m4v" digest="eb2f0739f8c03c431c8eeb4eb966cc6b" filesize="3731126" length="227"/><file filename="raj-kumar-and-suman.m4v" download_url="http://downloads.digital-campus.org/media/ujjwal/raj-kumar-and-suman.m4v" digest="01f01a1a7f9e5277489b6ea1eeef8dbb" filesize="4742281" length="169"/><file filename="smart-soch.m4v" download_url="http://downloads.digital-campus.org/media/ujjwal/smart-soch.m4v" digest="4ee512c4fd54c2e481a085ebb43e6c6e" filesize="17877131" length="499"/><file filename="doctor-speaks-on-ocp.m4v" download_url="http://downloads.digital-campus.org/media/ujjwal/doctor-speaks-on-ocp.m4v" digest="9ebcc29dc792259283e8d495ebae4b03" filesize="7530833" length="304"/><file filename="sarita-and-raj-kishore.m4v" download_url="http://downloads.digital-campus.org/media/ujjwal/sarita-and-raj-kishore.m4v" digest="1389ec0a080ca9b3b39bfe357c78c46e" filesize="8110915" length="180"/><file filename="doctor-speaks-on-female-sterilisation.m4v" download_url="http://downloads.digital-campus.org/media/ujjwal/doctor-speaks-on-female-sterilisation.m4v" digest="4d245381d44d7e3a533d7b915d268eb8" filesize="8038494" length="295"/><file filename="sangeeta-and-amresh.m4v" download_url="http://downloads.digital-campus.org/media/ujjwal/sangeeta-and-amresh.m4v" digest="7a140d550832220ca21a4b3136dea6e9" filesize="8595856" length="180"/><file filename="bunty-and-wife.m4v" download_url="http://downloads.digital-campus.org/media/ujjwal/bunty-and-wife.m4v" digest="1daae3885fbbfdc907e3bbca2b23b4d1" filesize="2802034" length="72"/><file filename="shubham-and-poonam.m4v" download_url="http://downloads.digital-campus.org/media/ujjwal/shubham-and-poonam.m4v" digest="376096c5faa46bb83e0865ff37c1d406" filesize="7747287" length="180"/><file filename="asli-dabangg.m4v" download_url="http://downloads.digital-campus.org/media/ujjwal/asli-dabangg.m4v" digest="73043300268362dd5410db827ec4bac7" filesize="21658083" length="588"/><file filename="munna-ki-kahani.m4v" download_url="http://downloads.digital-campus.org/media/ujjwal/munna-ki-kahani.m4v" digest="ee1493df1ae1e15879ae9c4c54f675b4" filesize="2648961" length="71"/></media></module>
