<?xml version="1.0"?>
<module><meta><versionid>20141014115709</versionid><priority>10</priority><server>http://ujjwal.oppia-mobile.org/</server><title lang="hi">&#x90F;&#x92E;&#x94D;.&#x939;&#x947;&#x932;&#x94D;&#x925; &#x915;&#x93F;&#x91F; &#x915;&#x93E; &#x92A;&#x930;&#x93F;&#x91A;&#x92F;</title><title lang="en">Introduction to mHealth Toolkit</title><shortname>us-guidelines</shortname><description lang="en"></description><langs><lang>hi</lang><lang>en</lang></langs></meta><structure><section order="1"><title lang="hi">&#x90F;&#x92E;&#x94D;.&#x939;&#x947;&#x932;&#x94D;&#x925; &#x915;&#x93F;&#x91F; &#x915;&#x93E; &#x92A;&#x930;&#x93F;&#x91A;&#x92F;</title><title lang="en">Introduction to mHealth Toolkit</title><activities><activity type="page" order="1" digest="cc46be846d3f50cf05604d04eb6c1de520584"><title lang="hi">&#x932;&#x93E;&#x92D;&#x93E;&#x930;&#x94D;&#x925;&#x93F;&#x92F;&#x94B;&#x902; &#x915;&#x947; &#x92A;&#x94D;&#x930;&#x915;&#x93E;&#x930;</title><title lang="en">Types of Clients</title><location lang="hi">01_20584_hi.html</location><location lang="en">01_20584_en.html</location></activity><activity type="page" order="2" digest="711f9229527616b40f9602141d97620f20659"><title lang="hi">&#x92E;&#x932;&#x94D;&#x91F;&#x940;&#x92E;&#x940;&#x921;&#x93F;&#x92F;&#x93E; &#x92E;&#x94B;&#x92C;&#x93E;&#x907;&#x932; &#x915;&#x947; &#x92A;&#x94D;&#x930;&#x915;&#x93E;&#x930;</title><title lang="en">Types of Multimedia</title><location lang="hi">01_20659_hi.html</location><location lang="en">01_20659_en.html</location></activity><activity type="page" order="3" digest="bff7ec0e537034693d13c60654e2525920860"><title lang="hi">&#x92A;&#x930;&#x93F;&#x935;&#x93E;&#x930; &#x928;&#x93F;&#x92F;&#x94B;&#x91C;&#x928; &#x915;&#x947; &#x905;&#x932;&#x917;-&#x905;&#x932;&#x917; &#x909;&#x92A;&#x93E;&#x92F;</title><title lang="en">Types of Methods</title><location lang="hi">01_20860_hi.html</location><location lang="en">01_20860_en.html</location></activity><activity type="page" order="4" digest="f0f80cee653708c47b31b1bbf67523e920585"><title lang="hi">&#x909;&#x92A;&#x92F;&#x94B;&#x917; &#x915;&#x930;&#x928;&#x947; &#x915;&#x947; &#x924;&#x930;&#x940;&#x915;&#x947;.</title><title lang="en">Suggested use</title><location lang="hi">01_20585_hi.html</location><location lang="en">01_20585_en.html</location></activity></activities></section></structure></module>
