<?xml version="1.0"?>
<module><meta><versionid>20140821150457</versionid><priority>8</priority><server>http://ujjwal.oppia-mobile.org/</server><title lang="en">Descriptions of Family Planning Methods</title><shortname>us-info</shortname><description lang="en"></description><langs><lang>en</lang></langs></meta><structure><section order="1"><title lang="en">Oral Contraceptive Pills</title><activities><activity type="page" order="1" digest="74369171b7d3ff61ebb24ab38f5888e620645"><title lang="en">ORAL CONTRACEPTIVE PILLS (OCPs)</title><image filename="/images/20645.png"/><location lang="en">01_20645_en.html</location></activity><activity type="page" order="2" digest="4ebdd52273e6b17af7cedb45884086e820646"><title lang="en">FAQs</title><location lang="en">01_20646_en.html</location></activity><activity type="page" order="3" digest="feaedfb0e5d341f0eadae4c78deb393520668"><title lang="en">Pros &amp; Cons</title><location lang="en">01_20668_en.html</location></activity></activities></section><section order="2"><title lang="en">Injectable&#xD;
</title><activities><activity type="page" order="1" digest="6861072bb079efe673aada0609dc833b20647"><title lang="en">INJECTABLE</title><image filename="/images/20647.png"/><location lang="en">02_20647_en.html</location></activity><activity type="page" order="2" digest="492fb5606e9f536af03b40b8cac3693720648"><title lang="en">FAQs</title><location lang="en">02_20648_en.html</location></activity><activity type="page" order="3" digest="df489598fbc8c26041cf2cf8902de4d220669"><title lang="en">Pros &amp; Cons</title><location lang="en">02_20669_en.html</location></activity></activities></section><section order="3"><title lang="en">IUCD</title><activities><activity type="page" order="1" digest="1989f787d0f7246a6c938e4eab35122f20649"><title lang="en">IUCD</title><image filename="/images/20649.png"/><location lang="en">03_20649_en.html</location></activity><activity type="page" order="2" digest="9ac4fe2e79f9f6155c23652dfef2529020650"><title lang="en">FAQs</title><location lang="en">03_20650_en.html</location></activity><activity type="page" order="3" digest="38358cd2527d30a47e9bb47bcab7241820670"><title lang="en">Pros &amp; Cons</title><location lang="en">03_20670_en.html</location></activity></activities></section><section order="4"><title lang="en">Condom</title><activities><activity type="page" order="1" digest="a6733b299f40c595f43f008cc2780df420651"><title lang="en">CONDOMS</title><image filename="/images/20651.png"/><location lang="en">04_20651_en.html</location></activity><activity type="page" order="2" digest="62f814c5f754296475fcbf37d3b8c72920652"><title lang="en">FAQs</title><location lang="en">04_20652_en.html</location></activity><activity type="page" order="3" digest="9fe6db62e361644a46d1272c18e02b0520671"><title lang="en">Pros &amp; Cons</title><location lang="en">04_20671_en.html</location></activity><activity type="page" order="4" digest="c840ae26338c6af3d7f109bb735b26f420672"><title lang="en">Care and use of condoms</title><location lang="en">04_20672_en.html</location></activity></activities></section><section order="5"><title lang="en">Female Sterilization</title><activities><activity type="page" order="1" digest="abc1a8c2cfd87c4d8ec06b5d24cdef7f20653"><title lang="en">FEMALE STERILIZATION</title><image filename="/images/20653.png"/><location lang="en">05_20653_en.html</location></activity><activity type="page" order="2" digest="fa4fa3c39b70ecb57e4a6236a889baba20654"><title lang="en">FAQs</title><location lang="en">05_20654_en.html</location></activity><activity type="page" order="3" digest="00d4324e0f78868e8c44de614d781ef920673"><title lang="en">Pros &amp; Cons</title><location lang="en">05_20673_en.html</location></activity></activities></section><section order="6"><title lang="en">Male Sterilization</title><activities><activity type="page" order="1" digest="6d9eb91dc644be1fc3d78cdbceb8f82620655"><title lang="en">MALE STERILIZATION</title><image filename="/images/20655.png"/><location lang="en">06_20655_en.html</location></activity><activity type="page" order="2" digest="b2b08fd337f8454741961266cae80ed620656"><title lang="en">FAQs</title><location lang="en">06_20656_en.html</location></activity><activity type="page" order="3" digest="cc59d451ef648aaf04aa1074ade25b6220674"><title lang="en">Pros &amp; Cons</title><location lang="en">06_20674_en.html</location></activity></activities></section><section order="7"><title lang="en">Emergency Contraceptive Pill</title><activities><activity type="page" order="1" digest="3e3a24295cc3b273c5fd91ec0a3953b620657"><title lang="en">EMERGENCY CONTRACEPTIVE PILLS (ECPs)</title><image filename="/images/20657.png"/><location lang="en">07_20657_en.html</location></activity><activity type="page" order="2" digest="c699c46d5641759e721cabacd303072820675"><title lang="en">Pros &amp; Cons</title><location lang="en">07_20675_en.html</location></activity></activities></section></structure></module>
