<?xml version="1.0"?>
<module><meta><versionid>20140913062112</versionid><priority>9</priority><server>http://ujjwal.oppia-mobile.org/</server><title lang="hi">&#x92A;&#x930;&#x93F;&#x935;&#x93E;&#x930; &#x928;&#x93F;&#x92F;&#x94B;&#x91C;&#x928; &#x92A;&#x930;&#x93E;&#x92E;&#x930;&#x94D;&#x936; &#x915;&#x93E; &#x92A;&#x94D;&#x930;&#x92D;&#x93E;&#x935;&#x940; &#x924;&#x930;&#x940;&#x915;&#x93E; </title><title lang="en">"How to" have an effective counseling session</title><shortname>us-app</shortname><description lang="en"></description><langs><lang>hi</lang><lang>en</lang></langs></meta><structure><section order="1"><title lang="hi">&#x905;&#x92A;&#x928;&#x947; &#x932;&#x915;&#x94D;&#x937;&#x93F;&#x924; &#x938;&#x92E;&#x942;&#x939; &#x915;&#x94B; &#x91A;&#x941;&#x928;&#x947;&#x902; </title><title lang="en">Identifying your audience</title><activities><activity type="page" order="1" digest="52e2676161b7cea5ca70225e8ae282dc20631"><title lang="hi">&#x905;&#x92A;&#x928;&#x947; &#x932;&#x915;&#x94D;&#x937;&#x93F;&#x924; &#x938;&#x92E;&#x942;&#x939; &#x915;&#x94B; &#x91A;&#x941;&#x928;&#x947;&#x902; </title><title lang="en">Identifying your audience</title><image filename="/images/20631.png"/><location lang="hi">01_20631_hi.html</location><location lang="en">01_20631_en.html</location></activity><activity type="quiz" order="2" digest="10a95e6bf11e8e3a506c4f8d031b1b3720635cr0s1a1p80a0"><title lang="en">Practice Identifying your Audience</title><content lang="en">{"description":"Identifying your audience","id":23,"lastupdated_date":"2014-09-01T01:32:38","owner":"\/api\/v1\/user\/1\/","props":{"allowtryagain":"1","availability":"0","courseversion":"20140913062105","digest":"10a95e6bf11e8e3a506c4f8d031b1b3720635cr0s1a1p80a0","maxscore":4,"passthreshold":"80","showfeedback":"1"},"questions":[{"id":104,"order":1,"question":{"id":104,"props":{"maxscore":1},"responses":[{"id":354,"order":1,"props":{"feedback":"Correct! Monica is female"},"score":"1.00","title":"Female"},{"id":355,"order":2,"props":{"feedback":"Sorry, that is not the right answer. Monica is female"},"score":"0.00","title":"Male"}],"title":"Hi! I am Monica and I am 20 years old. After graduating college I married my husband. We have been married for 1 year and have no children.\r\nWhat is Monica's Sex? Choose the correct answer below. &amp;nbsp;(correct answer should be acknowledged)","type":"multichoice"}},{"id":105,"order":2,"question":{"id":105,"props":{"maxscore":1},"responses":[{"id":356,"order":1,"props":{"feedback":"Sorry, that is not the right answer.&amp;nbsp;"},"score":"0.00","title":"No school"},{"id":357,"order":2,"props":{"feedback":"Sorry, that is not the correct answer.&amp;nbsp;"},"score":"0.00","title":"Educated till class 8"},{"id":358,"order":3,"props":{"feedback":"Correct! That is the right answer."},"score":"1.00","title":"Educated till College"},{"id":359,"order":4,"props":{"feedback":"Sorry, that is not the right answer.&amp;nbsp;"},"score":"0.00","title":"\u00a0Working"}],"title":"What is Monica's education?","type":"multichoice"}},{"id":106,"order":3,"question":{"id":106,"props":{"maxscore":1},"responses":[{"id":360,"order":1,"props":{"feedback":"Sorry, that is not the right answer.&amp;nbsp;"},"score":"0.00","title":"Adolescent"},{"id":361,"order":2,"props":{"feedback":"Correct! Monica is newly married."},"score":"1.00","title":"Newly married"},{"id":362,"order":3,"props":{"feedback":"Sorry, that is not the right answer.&amp;nbsp;"},"score":"0.00","title":"Married with one child"},{"id":363,"order":4,"props":{"feedback":"Sorry, that is not the right answer.&amp;nbsp;"},"score":"0.00","title":"Married with two children"},{"id":364,"order":5,"props":{"feedback":"Sorry, that is not the right answer."},"score":"0.00","title":"Pregnant woman"}],"title":"What is current Monica's Lifestage?","type":"multichoice"}},{"id":107,"order":4,"question":{"id":107,"props":{"maxscore":1},"responses":[{"id":365,"order":1,"props":{"feedback":"Correct! Monica does not have any children."},"score":"1.00","title":"0"},{"id":366,"order":2,"props":{"feedback":"Sorry, that is not the right answer.&amp;nbsp;"},"score":"0.00","title":"1"},{"id":367,"order":3,"props":{"feedback":"Sorry, that is not the right answer.&amp;nbsp;"},"score":"0.00","title":"2"},{"id":368,"order":4,"props":{"feedback":"Sorry, that is not the right answer.&amp;nbsp;"},"score":"0.00","title":"3 or more"}],"title":"How many children does Monica have?\u00a0","type":"multichoice"}}],"resource_uri":"\/api\/v1\/quiz\/23\/","title":"us-app 1 Practice Identifying your Audience"}</content><image filename="/images/20635.png"/></activity></activities></section><section order="2"><title lang="hi">&#x932;&#x93E;&#x92D;&#x93E;&#x930;&#x94D;&#x925;&#x940; &#x915;&#x94B; &#x91C;&#x93E;&#x928;&#x947;&#x902; </title><title lang="en">Assess a client</title><activities><activity type="page" order="1" digest="00ea284ce31da58d5eda9872582a0ee220680"><title lang="hi">&#x932;&#x93E;&#x92D;&#x93E;&#x930;&#x94D;&#x925;&#x940; &#x915;&#x940; &#x95B;&#x930;&#x942;&#x930;&#x924;&#x94B;&#x902; &#x915;&#x94B; &#x938;&#x92E;&#x91D;&#x947;&#x902; </title><title lang="en">Assess a client's needs</title><location lang="hi">02_20680_hi.html</location><location lang="en">02_20680_en.html</location></activity><activity type="page" order="2" digest="05d289605bfaa32ae0ac81df36c2fed820862"><title lang="hi">&#x92A;&#x930;&#x93E;&#x92E;&#x930;&#x94D;&#x936; &#x938;&#x947;&#x936;&#x928; &#x92E;&#x947;&#x902; &#x932;&#x93E;&#x92D;&#x93E;&#x930;&#x94D;&#x925;&#x940; &#x915;&#x940; &#x95B;&#x930;&#x942;&#x930;&#x924; </title><title lang="en">Applying Client's Needs to Counseling Session</title><image filename="/images/20862.png"/><location lang="en">02_20862_en.html</location></activity></activities></section><section order="3"><title lang="hi">&#x906;&#x908;.&#x92A;&#x940;.&#x938;&#x940;. &#x915;&#x947; &#x932;&#x93F;&#x90F; &#x92E;&#x939;&#x924;&#x94D;&#x935;&#x92A;&#x942;&#x930;&#x94D;&#x923; &#x91F;&#x93F;&#x92A;&#x94D;&#x938;</title><title lang="en">Tips for IPC (Interpersonal Communication) </title><activities><activity type="page" order="1" digest="58eda32fa1aabbb66b6c59c71c4a61bd20636"><title lang="hi">&#x906;&#x908;.&#x92A;&#x940;.&#x938;&#x940;. &#x915;&#x93E; &#x906;&#x930;&#x902;&#x92D; &#x915;&#x948;&#x938;&#x947; &#x915;&#x930;&#x947;&#x902;</title><title lang="en">How to initiate interpersonal communication</title><location lang="hi">03_20636_hi.html</location><location lang="en">03_20636_en.html</location></activity><activity type="page" order="2" digest="1277c9d41a25487ae6db2d07686433fd20682"><title lang="hi">&#x905;&#x92A;&#x928;&#x947; &#x92B;&#x94B;&#x928; &#x915;&#x947; &#x926;&#x94D;&#x935;&#x93E;&#x930;&#x93E; &#x932;&#x93E;&#x92D;&#x93E;&#x930;&#x94D;&#x925;&#x940; &#x915;&#x94B; &#x92A;&#x930;&#x93E;&#x92E;&#x930;&#x94D;&#x936; &#x926;&#x947;&#x928;&#x93E; </title><title lang="en">Counseling a client with your phone</title><location lang="hi">03_20682_hi.html</location><location lang="en">03_20682_en.html</location></activity></activities></section><section order="4"><title lang="hi">&#x92A;&#x930;&#x93E;&#x92E;&#x930;&#x94D;&#x936; &#x915;&#x947; &#x938;&#x930;&#x932; &#x91F;&#x93F;&#x92A;&#x94D;&#x938;</title><title lang="en">Quick tips on Counseling</title><activities><activity type="page" order="1" digest="8442c34b4355dd8ab5ce45aae29910ea20639"><title lang="hi">&#x92A;&#x930;&#x93E;&#x92E;&#x930;&#x94D;&#x936; &#x915;&#x93E; &#x917;&#x948;&#x926;&#x930; &#x938;&#x93F;&#x926;&#x94D;&#x927;&#x93E;&#x902;&#x924; </title><title lang="en">GATHER counseling method</title><location lang="hi">04_20639_hi.html</location><location lang="en">04_20639_en.html</location></activity><activity type="page" order="2" digest="268dbcc8682eb6720910886d0c4321b820684"><title lang="hi">&#x92A;&#x930;&#x93E;&#x92E;&#x930;&#x94D;&#x936; &#x938;&#x947;&#x936;&#x928; &#x915;&#x947; &#x932;&#x93F;&#x90F; &#x938;&#x930;&#x932; &#x91F;&#x93F;&#x92A;&#x94D;&#x938;</title><title lang="en">Quick tips for counseling sessions </title><location lang="hi">04_20684_hi.html</location><location lang="en">04_20684_en.html</location></activity></activities></section><section order="5"><title lang="hi">&#x938;&#x93E;&#x927;&#x928; &#x938;&#x92E;&#x94D;&#x92C;&#x902;&#x927;&#x93F;&#x924; &#x928;&#x93F;&#x930;&#x94D;&#x923;&#x92F; </title><title lang="en">Deciding on a method</title><activities><activity type="page" order="1" digest="d13b33f7da98d5416780170732aaaef020642"><title lang="hi">&#x905;&#x92A;&#x928;&#x947; &#x932;&#x93E;&#x92D;&#x93E;&#x930;&#x94D;&#x925;&#x940; &#x915;&#x94B; &#x915;&#x93E;&#x930;&#x94D;&#x92F; &#x92F;&#x94B;&#x91C;&#x928;&#x93E; &#x915;&#x947; &#x932;&#x93F;&#x90F; &#x915;&#x948;&#x938;&#x947; &#x938;&#x932;&#x93E;&#x939; &#x926;&#x947;&#x902;</title><title lang="en">How to devise an action plan with your client</title><location lang="hi">05_20642_hi.html</location><location lang="en">05_20642_en.html</location></activity><activity type="page" order="2" digest="cbc00afabc2b2825f9a1013fdae5649f20683"><title lang="hi">&#x92A;&#x930;&#x93F;&#x935;&#x93E;&#x930; &#x928;&#x93F;&#x92F;&#x94B;&#x91C;&#x928; &#x938;&#x92E;&#x94D;&#x92C;&#x902;&#x927;&#x93F;&#x924; &#x92A;&#x94D;&#x930;&#x936;&#x94D;&#x928;&#x94B;&#x902; &#x915;&#x93E; &#x909;&#x924;&#x94D;&#x924;&#x930;</title><title lang="en">Answering Queries on Family Planning</title><location lang="hi">05_20683_hi.html</location><location lang="en">05_20683_en.html</location></activity></activities></section><section order="6"><title lang="hi">&#x92A;&#x930;&#x93E;&#x92E;&#x930;&#x94D;&#x936; &#x915;&#x947; &#x92C;&#x93E;&#x926; &#x915;&#x93E; &#x938;&#x947;&#x936;&#x928; </title><title lang="en">Post- Counseling Session</title><activities><activity type="page" order="1" digest="1138085e34f136e1752d4996baca631320644"><title lang="hi">&#x932;&#x94B;&#x917;&#x94B;&#x902; &#x915;&#x94B; &#x938;&#x902;&#x91A;&#x93E;&#x930; &#x915;&#x947; &#x926;&#x941;&#x938;&#x930;&#x947; &#x938;&#x93E;&#x927;&#x928; &#x938;&#x947; &#x915;&#x948;&#x938;&#x947; &#x91C;&#x94B;&#x95C;&#x947;&#x902;</title><title lang="en">How to link the community additional resources </title><location lang="hi">06_20644_hi.html</location><location lang="en">06_20644_en.html</location></activity><activity type="page" order="2" digest="b0e5bd6d0aa041bd3da425122f8a203820681"><title lang="hi">&#x92A;&#x930;&#x93E;&#x92E;&#x930;&#x94D;&#x936; &#x915;&#x947; &#x92C;&#x93E;&#x926; &#x92B;&#x94C;&#x932;&#x94B; &#x905;&#x92A; &#x915;&#x930;&#x928;&#x93E; </title><title lang="en">Follow up post counseling</title><location lang="hi">06_20681_hi.html</location><location lang="en">06_20681_en.html</location></activity></activities></section></structure></module>
