<?xml version="1.0"?>
<module><meta><versionid>20141009101148</versionid><priority>7</priority><server>http://ujjwal.oppia-mobile.org/</server><title lang="en">Client Counselling</title><shortname>us-counsel</shortname><description lang="en"></description><image filename="/images/21558.png"/><langs><lang>en</lang><lang>hi</lang></langs></meta><structure><section order="1"><title lang="hi">&#x906;&#x908;.&#x92F;&#x942;.&#x938;&#x947;.&#x921;&#x940;.</title><title lang="en">IUCD</title><activities><activity type="page" order="1" digest="0f6cf4d983a5191815823e0a9301ad2b20676"><title lang="hi">&#x906;&#x908;.&#x92F;&#x942;.&#x938;&#x947;.&#x921;&#x940;.</title><title lang="en">IUCD</title><image filename="/images/20676.png"/><location lang="en">01_20676_en.html</location></activity><activity type="page" order="2" digest="3239f72beae9f99080da65858ed4bbe720588"><title lang="hi">&#x921;&#x949;&#x915;&#x94D;&#x91F;&#x930; &#x92B;&#x93F;&#x932;&#x94D;&#x92E;</title><title lang="en">Doctor Speaks</title><media><file filename="doctor-speaks-on-iucd.m4v" download_url="http://downloads.digital-campus.org/media/ujjwal/doctor-speaks-on-iucd.m4v" digest="3095ccc0d6405f85b53cfbb3dde1fd9d" filesize="8451962" length="345"/></media><image filename="/images/20588.png"/><location lang="en">01_20588_en.html</location></activity><activity type="page" order="3" digest="fb83678ce3cdc2f5760364cd2e0a3acd20593"><title lang="hi">&#x938;&#x91A;&#x94D;&#x91A;&#x940; &#x915;&#x939;&#x93E;&#x928;&#x93F;&#x92F;&#x93E;&#x902;</title><title lang="en">Real Stories</title><media><file filename="amrita-and-gajendra.m4v" download_url="http://downloads.digital-campus.org/media/ujjwal/amrita-and-gajendra.m4v" digest="c9ad170ecf1844a8685dbf08b83a50bf" filesize="8182807" length="180"/></media><image filename="/images/20593.png"/><location lang="en">01_20593_en.html</location></activity><activity type="page" order="4" digest="2e5462cbbf4521c0ba2a3dca5634c8a920596"><title lang="hi">&#x92E;&#x928;&#x94B;&#x930;&#x902;&#x91C;&#x915; &#x92B;&#x93F;&#x932;&#x94D;&#x92E;&#x947;&#x902;</title><title lang="en">Entertainment Films</title><media><file filename="iucd-right-choice.m4v" download_url="http://downloads.digital-campus.org/media/ujjwal/iucd-right-choice.m4v" digest="6344725d8baa519f65d5ce564a5d82c2" filesize="12883802" length="440"/></media><image filename="/images/20596.png"/><location lang="en">01_20596_en.html</location></activity><activity type="page" order="5" digest="9cee01ee98ad3c690bb9b96c0c6db24020599"><title lang="hi">&#x91F;&#x940;.&#x935;&#x940;. &#x935;&#x93F;&#x91C;&#x94D;&#x91E;&#x93E;&#x92A;&#x928;</title><title lang="en">TV Advertisements</title><media><file filename="rajesh-kumar.m4v" download_url="http://downloads.digital-campus.org/media/ujjwal/rajesh-kumar.m4v" digest="e44451268715a1c9acef8883db6a4af5" filesize="2520203" length="72"/></media><image filename="/images/20599.png"/><location lang="en">01_20599_en.html</location></activity><activity type="page" order="6" digest="549c150c12ff8a18317530b96983f8a820608"><title lang="hi">&#x906;&#x908;.&#x92F;&#x942;.&#x938;&#x947;.&#x921;&#x940;.</title><title lang="en">IUCD</title><image filename="/images/20608.png"/><location lang="hi">01_20608_hi.html</location><location lang="en">01_20608_en.html</location></activity><activity type="page" order="7" digest="4adfe0819aa8e5f804cdab404684bfa420777"><title lang="hi">&#x915;&#x930;&#x935;&#x93E;&#x908; &#x915;&#x947; &#x91A;&#x930;&#x923;</title><title lang="en">Action Steps</title><location lang="hi">01_20777_hi.html</location><location lang="en">01_20777_en.html</location></activity></activities></section><section order="2"><title lang="hi">&#x917;&#x930;&#x94D;&#x92D;&#x928;&#x93F;&#x930;&#x94B;&#x927;&#x915; &#x938;&#x942;&#x908;</title><title lang="en">Injectable</title><activities><activity type="page" order="1" digest="95d884c1ea1a956c89e1e3e348e3d94120678"><title lang="hi">&#x917;&#x930;&#x94D;&#x92D;&#x928;&#x93F;&#x930;&#x94B;&#x927;&#x915; &#x938;&#x942;&#x908;</title><title lang="en">Injectable</title><image filename="/images/20678.png"/><location lang="en">02_20678_en.html</location></activity><activity type="page" order="2" digest="de7635ca98adac426f914c0c7da68e8220778"><title lang="hi">&#x921;&#x949;&#x915;&#x94D;&#x91F;&#x930; &#x92B;&#x93F;&#x932;&#x94D;&#x92E;</title><title lang="en">Doctor Speaks</title><media><file filename="doctor-speaks-on-injectable.m4v" download_url="http://downloads.digital-campus.org/media/ujjwal/doctor-speaks-on-injectable.m4v" digest="ab08306ca4722aa3bf450e417fdd39f6" filesize="6142156" length="250"/></media><image filename="/images/20778.png"/><location lang="en">02_20778_en.html</location></activity><activity type="page" order="3" digest="d9660369af9911e23612c7301e5d544f20779"><title lang="hi">&#x938;&#x91A;&#x94D;&#x91A;&#x940; &#x915;&#x939;&#x93E;&#x928;&#x93F;&#x92F;&#x93E;&#x902;</title><title lang="en">Real Stories</title><media><file filename="nishu-and-jitendra.m4v" download_url="http://downloads.digital-campus.org/media/ujjwal/nishu-and-jitendra.m4v" digest="ea08ab70165899d1c04e8c9ef24b191b" filesize="9974916" length="180"/><file filename="shamsun-and-aas-mohammed.m4v" download_url="http://downloads.digital-campus.org/media/ujjwal/shamsun-and-aas-mohammed.m4v" digest="c42e2f1e5bfc639ef85ad9b46a29894a" filesize="8359273" length="180"/></media><image filename="/images/20779.png"/><location lang="en">02_20779_en.html</location></activity><activity type="page" order="4" digest="fcef55e895d6fbfde8a4e5c79380d3ea20780"><title lang="hi">&#x92E;&#x928;&#x94B;&#x930;&#x902;&#x91C;&#x915; &#x92B;&#x93F;&#x932;&#x94D;&#x92E;&#x947;&#x902;</title><title lang="en">Entertainment Films</title><media><file filename="love-befikr.m4v" download_url="http://downloads.digital-campus.org/media/ujjwal/love-befikr.m4v" digest="cdc496f7575a277c232458828b311e45" filesize="14313716" length="442"/></media><image filename="/images/20780.png"/><location lang="en">02_20780_en.html</location></activity><activity type="page" order="5" digest="cc9894a8cb93256746cad13ed239143a20781"><title lang="hi">&#x91F;&#x940;.&#x935;&#x940;. &#x935;&#x93F;&#x91C;&#x94D;&#x91E;&#x93E;&#x92A;&#x928;</title><title lang="en">TV Advertisements</title><media><file filename="bahana.m4v" download_url="http://downloads.digital-campus.org/media/ujjwal/bahana.m4v" digest="a3e689f6f27af41fc00a6f4d1c397b3c" filesize="1267262" length="51"/></media><image filename="/images/20781.png"/><location lang="en">02_20781_en.html</location></activity><activity type="page" order="6" digest="e52f38179e69df95432e8ac13af7cec120782"><title lang="hi">&#x917;&#x930;&#x94D;&#x92D;&#x928;&#x93F;&#x930;&#x94B;&#x927;&#x915; &#x938;&#x942;&#x908;</title><title lang="en">Injectable</title><image filename="/images/20782.png"/><location lang="hi">02_20782_hi.html</location><location lang="en">02_20782_en.html</location></activity><activity type="page" order="7" digest="018cc56df2cd94c4d7ee7376adc1ca9d20900"><title lang="hi">&#x915;&#x930;&#x935;&#x93E;&#x908; &#x915;&#x947; &#x91A;&#x930;&#x923;</title><title lang="en">Action Steps</title><location lang="hi">02_20900_hi.html</location><location lang="en">02_20900_en.html</location></activity></activities></section><section order="3"><title lang="hi">&#x915;&#x902;&#x921;&#x94B;&#x92E;</title><title lang="en">Condom</title><activities><activity type="page" order="1" digest="72a426c9989ac153ee9c8df8496d607120679"><title lang="hi">&#x915;&#x902;&#x921;&#x94B;&#x92E;</title><title lang="en">Condom</title><image filename="/images/20679.png"/><location lang="en">03_20679_en.html</location></activity><activity type="page" order="2" digest="570843f5fc340212b5c6e0ab2dd986b820592"><title lang="hi">&#x921;&#x949;&#x915;&#x94D;&#x91F;&#x930; &#x92B;&#x93F;&#x932;&#x94D;&#x92E;</title><title lang="en">Doctor Speaks</title><media><file filename="doctor-speaks-on-condom.m4v" download_url="http://downloads.digital-campus.org/media/ujjwal/doctor-speaks-on-condom.m4v" digest="eb2f0739f8c03c431c8eeb4eb966cc6b" filesize="3731126" length="227"/></media><image filename="/images/20592.png"/><location lang="en">03_20592_en.html</location></activity><activity type="page" order="3" digest="cc10667d9010c6e70969026ca82d578420786"><title lang="hi">&#x938;&#x91A;&#x94D;&#x91A;&#x940; &#x915;&#x939;&#x93E;&#x928;&#x93F;&#x92F;&#x93E;&#x902;</title><title lang="en">Real Stories</title><media><file filename="raj-kumar-and-suman.m4v" download_url="http://downloads.digital-campus.org/media/ujjwal/raj-kumar-and-suman.m4v" digest="01f01a1a7f9e5277489b6ea1eeef8dbb" filesize="4742281" length="169"/></media><image filename="/images/20786.png"/><location lang="en">03_20786_en.html</location></activity><activity type="page" order="4" digest="c0dbfe7037ec2f0fd28c3d65216f1ca420600"><title lang="hi">&#x92E;&#x928;&#x94B;&#x930;&#x902;&#x91C;&#x915; &#x92B;&#x93F;&#x932;&#x94D;&#x92E;&#x947;&#x902;</title><title lang="en">Entertainment Films</title><media><file filename="smart-soch.m4v" download_url="http://downloads.digital-campus.org/media/ujjwal/smart-soch.m4v" digest="4ee512c4fd54c2e481a085ebb43e6c6e" filesize="17877131" length="499"/></media><image filename="/images/20600.png"/><location lang="en">03_20600_en.html</location></activity><activity type="page" order="5" digest="83bf9cf1df64f58b98dca017b852fb4420612"><title lang="hi">&#x915;&#x902;&#x921;&#x94B;&#x92E;&#xA0;&#x915;&#x940;&#xA0;&#x91C;&#x93E;&#x928;&#x915;&#x93E;&#x930;&#x940;&#xA0;&#x932;&#x947;&#x902;</title><title lang="en">Condom</title><image filename="/images/20612.png"/><location lang="hi">03_20612_hi.html</location><location lang="en">03_20612_en.html</location></activity><activity type="page" order="6" digest="018cc56df2cd94c4d7ee7376adc1ca9d20901"><title lang="hi">&#x915;&#x930;&#x935;&#x93E;&#x908; &#x915;&#x947; &#x91A;&#x930;&#x923;</title><title lang="en">Action Steps</title><location lang="hi">03_20901_hi.html</location><location lang="en">03_20901_en.html</location></activity></activities></section><section order="4"><title lang="hi">&#x917;&#x930;&#x94D;&#x92D; &#x928;&#x93F;&#x930;&#x94B;&#x927;&#x915; &#x917;&#x94B;&#x932;&#x940;</title><title lang="en">OCP</title><activities><activity type="page" order="1" digest="220a352e040ccc46aabe3f3491d37b6820677"><title lang="hi">&#x917;&#x930;&#x94D;&#x92D; &#x928;&#x93F;&#x930;&#x94B;&#x927;&#x915; &#x917;&#x94B;&#x932;&#x940;</title><title lang="en">OCP</title><image filename="/images/20677.png"/><location lang="en">04_20677_en.html</location></activity><activity type="page" order="2" digest="8d5611f8b5ab2872c66739977269990920590"><title lang="hi">&#x921;&#x949;&#x915;&#x94D;&#x91F;&#x930; &#x92B;&#x93F;&#x932;&#x94D;&#x92E;</title><title lang="en">Doctor Speaks</title><media><file filename="doctor-speaks-on-ocp.m4v" download_url="http://downloads.digital-campus.org/media/ujjwal/doctor-speaks-on-ocp.m4v" digest="9ebcc29dc792259283e8d495ebae4b03" filesize="7530833" length="304"/></media><image filename="/images/20590.png"/><location lang="en">04_20590_en.html</location></activity><activity type="page" order="3" digest="e368fd7a74c2bec1a5a0fcb90b42204020594"><title lang="hi">&#x938;&#x91A;&#x94D;&#x91A;&#x940; &#x915;&#x939;&#x93E;&#x928;&#x93F;&#x92F;&#x93E;&#x902;</title><title lang="en">Real Stories</title><media><file filename="sarita-and-raj-kishore.m4v" download_url="http://downloads.digital-campus.org/media/ujjwal/sarita-and-raj-kishore.m4v" digest="1389ec0a080ca9b3b39bfe357c78c46e" filesize="8110915" length="180"/></media><image filename="/images/20594.png"/><location lang="en">04_20594_en.html</location></activity><activity type="page" order="4" digest="03ddaefc4d75b969575aa6b7cbd3e11220610"><title lang="hi">&#x917;&#x930;&#x94D;&#x92D; &#x928;&#x93F;&#x930;&#x94B;&#x927;&#x915; &#x917;&#x94B;&#x932;&#x940;</title><title lang="en">OCP</title><image filename="/images/20610.png"/><location lang="hi">04_20610_hi.html</location><location lang="en">04_20610_en.html</location></activity><activity type="page" order="5" digest="018cc56df2cd94c4d7ee7376adc1ca9d20902"><title lang="hi">&#x915;&#x930;&#x935;&#x93E;&#x908; &#x915;&#x947; &#x91A;&#x930;&#x923;</title><title lang="en">Action Steps</title><location lang="hi">04_20902_hi.html</location><location lang="en">04_20902_en.html</location></activity></activities></section><section order="5"><title lang="hi">&#x92E;&#x939;&#x93F;&#x932;&#x93E; &#x928;&#x938;&#x92C;&#x902;&#x926;&#x940;</title><title lang="en">Female Sterilization</title><activities><activity type="page" order="1" digest="5e338251cb46f10adbdfb527a14e513b20949"><title lang="hi">&#x92E;&#x939;&#x93F;&#x932;&#x93E; &#x928;&#x938;&#x92C;&#x902;&#x926;&#x940;</title><title lang="en">Female Sterilization</title><image filename="/images/20949.png"/><location lang="en">05_20949_en.html</location></activity><activity type="page" order="2" digest="874858721bb40a6d27bcf9456a94973320950"><title lang="hi">&#x921;&#x949;&#x915;&#x94D;&#x91F;&#x930; &#x92B;&#x93F;&#x932;&#x94D;&#x92E;</title><title lang="en">Doctor Speaks</title><media><file filename="doctor-speaks-on-female-sterilisation.m4v" download_url="http://downloads.digital-campus.org/media/ujjwal/doctor-speaks-on-female-sterilisation.m4v" digest="4d245381d44d7e3a533d7b915d268eb8" filesize="8038494" length="295"/></media><image filename="/images/20950.png"/><location lang="en">05_20950_en.html</location></activity><activity type="page" order="3" digest="e7f73fe50efc86a30d30fd372a8edebb20951"><title lang="hi">&#x938;&#x91A;&#x94D;&#x91A;&#x940; &#x915;&#x939;&#x93E;&#x928;&#x93F;&#x92F;&#x93E;&#x902;</title><title lang="en">Real Stories</title><media><file filename="sangeeta-and-amresh.m4v" download_url="http://downloads.digital-campus.org/media/ujjwal/sangeeta-and-amresh.m4v" digest="7a140d550832220ca21a4b3136dea6e9" filesize="8595856" length="180"/></media><image filename="/images/20951.png"/><location lang="en">05_20951_en.html</location></activity><activity type="page" order="4" digest="4d2c81c1f00bf12a31f163a7c45be2db20952"><title lang="hi">&#x92E;&#x928;&#x94B;&#x930;&#x902;&#x91C;&#x915; &#x92B;&#x93F;&#x932;&#x94D;&#x92E;&#x947;&#x902;</title><title lang="en">Entertainment Films</title><media><file filename="zindagi-ka-plan.m4v" download_url="http://downloads.digital-campus.org/media/ujjwal/zindagi-ka-plan.m4v" digest="cda103bcd27eb7bd8c47e88de021937e" filesize="16631736" length="576"/></media><image filename="/images/20952.png"/><location lang="en">05_20952_en.html</location></activity><activity type="page" order="5" digest="a244ff6680d59aef4d3e95aa7be6935f20953"><title lang="hi">&#x91F;&#x940;.&#x935;&#x940;. &#x935;&#x93F;&#x91C;&#x94D;&#x91E;&#x93E;&#x92A;&#x928;</title><title lang="en">TV Advertisements</title><media><file filename="bunty-and-wife.m4v" download_url="http://downloads.digital-campus.org/media/ujjwal/bunty-and-wife.m4v" digest="1daae3885fbbfdc907e3bbca2b23b4d1" filesize="2802034" length="72"/></media><image filename="/images/20953.png"/><location lang="en">05_20953_en.html</location></activity><activity type="page" order="6" digest="4470aac3306a97fcf8bbc3c6ebb01f7620954"><title lang="hi">&#x92E;&#x939;&#x93F;&#x932;&#x93E; &#x928;&#x938;&#x92C;&#x902;&#x926;&#x940;</title><title lang="en">Female Sterilization</title><image filename="/images/20954.png"/><location lang="hi">05_20954_hi.html</location><location lang="en">05_20954_en.html</location></activity><activity type="page" order="7" digest="f863228ce950d34b95eb3d3deb26a2e420955"><title lang="hi">&#x915;&#x930;&#x935;&#x93E;&#x908; &#x915;&#x947; &#x91A;&#x930;&#x923;</title><title lang="en">Action Steps</title><location lang="hi">05_20955_hi.html</location><location lang="en">05_20955_en.html</location></activity></activities></section><section order="6"><title lang="hi">&#x90F;&#x928;.&#x90F;&#x938;.&#x935;&#x940;.(&#x92A;&#x941;&#x930;&#x941;&#x937; &#x928;&#x938;&#x92C;&#x902;&#x926;&#x940;)</title><title lang="en">NSV (Male Sterilization)</title><activities><activity type="page" order="1" digest="2557a511e56d790a5acb25c5a1bec26220956"><title lang="hi">&#x90F;&#x928;.&#x90F;&#x938;.&#x935;&#x940;.(&#x92A;&#x941;&#x930;&#x941;&#x937; &#x928;&#x938;&#x92C;&#x902;&#x926;&#x940;)</title><title lang="en">NSV (Male Sterilization)</title><image filename="/images/20956.png"/><location lang="en">06_20956_en.html</location></activity><activity type="page" order="2" digest="ffe996751883c338619435549d67d9f420957"><title lang="hi">&#x921;&#x949;&#x915;&#x94D;&#x91F;&#x930; &#x92B;&#x93F;&#x932;&#x94D;&#x92E;</title><title lang="en">Doctor Speaks</title><media><file filename="doctor-speaks-on-nsv.m4v" download_url="http://downloads.digital-campus.org/media/ujjwal/doctor-speaks-on-nsv.m4v" digest="3e987d62ebd7e3c7ecf6aa58cbdb9938" filesize="5908493" length="247"/></media><image filename="/images/20957.png"/><location lang="en">06_20957_en.html</location></activity><activity type="page" order="3" digest="004ea5a225b11a04c132a078f0a49a7620958"><title lang="hi">&#x938;&#x91A;&#x94D;&#x91A;&#x940; &#x915;&#x939;&#x93E;&#x928;&#x93F;&#x92F;&#x93E;&#x902;</title><title lang="en">Real Stories</title><media><file filename="shubham-and-poonam.m4v" download_url="http://downloads.digital-campus.org/media/ujjwal/shubham-and-poonam.m4v" digest="376096c5faa46bb83e0865ff37c1d406" filesize="7747287" length="180"/></media><image filename="/images/20958.png"/><location lang="en">06_20958_en.html</location></activity><activity type="page" order="4" digest="215f21b074823a1b5727949ef5e5625a20960"><title lang="hi">&#x92E;&#x928;&#x94B;&#x930;&#x902;&#x91C;&#x915; &#x92B;&#x93F;&#x932;&#x94D;&#x92E;&#x947;&#x902;</title><title lang="en">Entertainment Films</title><media><file filename="asli-dabangg.m4v" download_url="http://downloads.digital-campus.org/media/ujjwal/asli-dabangg.m4v" digest="73043300268362dd5410db827ec4bac7" filesize="21658083" length="588"/></media><image filename="/images/20960.png"/><location lang="en">06_20960_en.html</location></activity><activity type="page" order="5" digest="4d8ce6fcbe4d9f2d319be817cc495e1620959"><title lang="hi">&#x91F;&#x940;.&#x935;&#x940;. &#x935;&#x93F;&#x91C;&#x94D;&#x91E;&#x93E;&#x92A;&#x928;</title><title lang="en">TV Advertisements</title><media><file filename="munna-ki-kahani.m4v" download_url="http://downloads.digital-campus.org/media/ujjwal/munna-ki-kahani.m4v" digest="ee1493df1ae1e15879ae9c4c54f675b4" filesize="2648961" length="71"/></media><image filename="/images/20959.png"/><location lang="en">06_20959_en.html</location></activity><activity type="page" order="6" digest="b120221add8b9de0c76bdd36a068137720961"><title lang="hi">&#x90F;&#x928;.&#x90F;&#x938;.&#x935;&#x940;.(&#x92A;&#x941;&#x930;&#x941;&#x937; &#x928;&#x938;&#x92C;&#x902;&#x926;&#x940;) &#x915;&#x940; &#x91C;&#x93E;&#x928;&#x915;&#x93E;&#x930;&#x940;</title><title lang="en">NSV (Male Sterilization)</title><image filename="/images/20961.png"/><location lang="hi">06_20961_hi.html</location><location lang="en">06_20961_en.html</location></activity><activity type="page" order="7" digest="f863228ce950d34b95eb3d3deb26a2e420962"><title lang="hi">&#x915;&#x930;&#x935;&#x93E;&#x908; &#x915;&#x947; &#x91A;&#x930;&#x923;</title><title lang="en">Action Steps</title><location lang="hi">06_20962_hi.html</location><location lang="en">06_20962_en.html</location></activity></activities></section><section order="7"><title lang="hi">&#x906;&#x92A;&#x93E;&#x924;&#x915;&#x93E;&#x932;&#x940;&#x928; &#x917;&#x94B;&#x932;&#x940;</title><title lang="en">ECP</title><activities><activity type="page" order="1" digest="5d051b85e0cfe2fd1662527c5e31f67620963"><title lang="hi">&#x906;&#x92A;&#x93E;&#x924;&#x915;&#x93E;&#x932;&#x940;&#x928; &#x917;&#x94B;&#x932;&#x940;</title><title lang="en">ECP</title><image filename="/images/20963.png"/><location lang="en">07_20963_en.html</location></activity><activity type="page" order="2" digest="6dda0ddac97fd7ba3868ddb5898a38e920964"><title lang="hi">&#x921;&#x949;&#x915;&#x94D;&#x91F;&#x930; &#x92B;&#x93F;&#x932;&#x94D;&#x92E;</title><title lang="en">Doctor Speaks</title><media><file filename="doctor-speaks-on-ecp.m4v" download_url="http://downloads.digital-campus.org/media/ujjwal/doctor-speaks-on-ecp.m4v" digest="7165be69b073af011e11ba23bac2a1ce" filesize="5653819" length="236"/></media><image filename="/images/20964.png"/><location lang="en">07_20964_en.html</location></activity><activity type="page" order="3" digest="068ddc280e8806160bd5c71c62c9c59a20965"><title lang="hi">&#x92E;&#x928;&#x94B;&#x930;&#x902;&#x91C;&#x915; &#x92B;&#x93F;&#x932;&#x94D;&#x92E;&#x947;&#x902;</title><title lang="en">Entertainment Films</title><media><file filename="life-partner.m4v" download_url="http://downloads.digital-campus.org/media/ujjwal/life-partner.m4v" digest="68d60bdd92b4c93b82a46fb967b6f476" filesize="22224581" length="523"/></media><image filename="/images/20965.png"/><location lang="en">07_20965_en.html</location></activity><activity type="page" order="4" digest="98fe8499411fcbf8b2f53df555144d0c20966"><title lang="hi">&#x906;&#x92A;&#x93E;&#x924;&#x915;&#x93E;&#x932;&#x940;&#x928; &#x917;&#x94B;&#x932;&#x940;</title><title lang="en">Emergency Contraceptive Pills</title><image filename="/images/20966.png"/><location lang="hi">07_20966_hi.html</location><location lang="en">07_20966_en.html</location></activity><activity type="page" order="5" digest="f863228ce950d34b95eb3d3deb26a2e420967"><title lang="hi">&#x915;&#x930;&#x935;&#x93E;&#x908; &#x915;&#x947; &#x91A;&#x930;&#x923;</title><title lang="en">Action Steps</title><location lang="hi">07_20967_hi.html</location><location lang="en">07_20967_en.html</location></activity></activities></section><section order="8"><title lang="hi">&#x917;&#x930;&#x94D;&#x92D;&#x92A;&#x93E;&#x924; &#x909;&#x92A;&#x930;&#x93E;&#x902;&#x924; &#x92A;&#x930;&#x93F;&#x935;&#x93E;&#x930; &#x928;&#x93F;&#x92F;&#x94B;&#x91C;&#x928;</title><title lang="en">Post abortion</title><activities><activity type="page" order="1" digest="004c680040f330d31c8e356fc4d17f7320968"><title lang="hi">&#x926;&#x935;&#x93E; &#x926;&#x94D;&#x935;&#x93E;&#x930;&#x93E; &#x917;&#x930;&#x94D;&#x92D;&#x92A;&#x93E;&#x924;</title><title lang="en">Medical abortion kit</title><image filename="/images/20968.png"/><location lang="en">08_20968_en.html</location></activity><activity type="page" order="2" digest="9817a145b70d704fb5d2365be1b6a4a920969"><title lang="hi">&#x921;&#x949;&#x915;&#x94D;&#x91F;&#x930; &#x92B;&#x93F;&#x932;&#x94D;&#x92E;</title><title lang="en">Doctor Speaks</title><media><file filename="doctor-speaks-on-medical-abortion-kit.m4v" download_url="http://downloads.digital-campus.org/media/ujjwal/doctor-speaks-on-medical-abortion-kit.m4v" digest="5c89210f566778371db01db500d8c8c7" filesize="5302483" length="229"/></media><image filename="/images/20969.png"/><location lang="en">08_20969_en.html</location></activity><activity type="page" order="3" digest="96a6f72fe9e8d3ff02fbe0830b56275e20970"><title lang="hi">&#x938;&#x91A;&#x94D;&#x91A;&#x940; &#x915;&#x939;&#x93E;&#x928;&#x93F;&#x92F;&#x93E;&#x902;</title><title lang="en">Real Stories</title><media><file filename="suresh-and-kusum.m4v" download_url="http://downloads.digital-campus.org/media/ujjwal/suresh-and-kusum.m4v" digest="a01dc1ee31c0cd167b41cab7e49c20ce" filesize="4125397" length="176"/></media><image filename="/images/20970.png"/><location lang="en">08_20970_en.html</location></activity><activity type="page" order="4" digest="f7312afe0a20148da7a27dc84b7ca91320971"><title lang="hi">&#x92E;&#x928;&#x94B;&#x930;&#x902;&#x91C;&#x915; &#x92B;&#x93F;&#x932;&#x94D;&#x92E;&#x947;&#x902;</title><title lang="en">Entertainment Films</title><media><file filename="poora-answer.m4v" download_url="http://downloads.digital-campus.org/media/ujjwal/poora-answer.m4v" digest="8e7073ededed4f4d7ac6f97ad1071aed" filesize="15256507" length="549"/></media><image filename="/images/20971.png"/><location lang="en">08_20971_en.html</location></activity><activity type="page" order="5" digest="aae4487b84dd9574b13e0c5e6f50095a20972"><title lang="hi">&#x926;&#x935;&#x93E; &#x926;&#x94D;&#x935;&#x93E;&#x930;&#x93E; &#x917;&#x930;&#x94D;&#x92D;&#x92A;&#x93E;&#x924;</title><title lang="en">Medical abortion kit</title><image filename="/images/20972.png"/><location lang="hi">08_20972_hi.html</location><location lang="en">08_20972_en.html</location></activity><activity type="page" order="6" digest="f863228ce950d34b95eb3d3deb26a2e420973"><title lang="hi">&#x915;&#x930;&#x935;&#x93E;&#x908; &#x915;&#x947; &#x91A;&#x930;&#x923;</title><title lang="en">Action Steps</title><location lang="hi">08_20973_hi.html</location><location lang="en">08_20973_en.html</location></activity></activities></section><section order="9"><title lang="hi">&#x92A;&#x94D;&#x930;&#x938;&#x935; &#x909;&#x92A;&#x930;&#x93E;&#x902;&#x924; &#x92A;&#x930;&#x93F;&#x935;&#x93E;&#x930; &#x928;&#x93F;&#x92F;&#x94B;&#x91C;&#x928;</title><title lang="en">Postpartum Family Planning</title><activities><activity type="page" order="1" digest="4a5b70cc38927ddfa7c5b235786b7e0320974"><title lang="hi">&#x92A;&#x94D;&#x930;&#x938;&#x935; &#x909;&#x92A;&#x930;&#x93E;&#x902;&#x924; &#x92A;&#x930;&#x93F;&#x935;&#x93E;&#x930; &#x928;&#x93F;&#x92F;&#x94B;&#x91C;&#x928;</title><title lang="en">Postpartum Family Planning</title><image filename="/images/20974.png"/><location lang="en">09_20974_en.html</location></activity><activity type="page" order="2" digest="a2bb035d6900aaf56b87efb14e3714c920975"><title lang="hi">&#x921;&#x949;&#x915;&#x94D;&#x91F;&#x930; &#x92B;&#x93F;&#x932;&#x94D;&#x92E;</title><title lang="en">Doctor Speaks</title><media><file filename="doctor-speaks-on-post-partum-fp.m4v" download_url="http://downloads.digital-campus.org/media/ujjwal/doctor-speaks-on-post-partum-fp.m4v" digest="1aab67ca70f4ebd255869a009749a8da" filesize="4369993" length="180"/></media><image filename="/images/20975.png"/><location lang="en">09_20975_en.html</location></activity><activity type="page" order="3" digest="4ab9aad88e7405e01cb880b1c4d56c3320976"><title lang="hi">&#x938;&#x91A;&#x94D;&#x91A;&#x940; &#x915;&#x939;&#x93E;&#x928;&#x93F;&#x92F;&#x93E;&#x902;</title><title lang="en">Real Stories</title><media><file filename="ranjeet-and-deepika.m4v" download_url="http://downloads.digital-campus.org/media/ujjwal/ranjeet-and-deepika.m4v" digest="32aa75641771957c923f8a89d81ac482" filesize="3976525" length="178"/></media><image filename="/images/20976.png"/><location lang="en">09_20976_en.html</location></activity><activity type="page" order="4" digest="b910134df5c19b082c15659020eb9aca20977"><title lang="hi">&#x92E;&#x928;&#x94B;&#x930;&#x902;&#x91C;&#x915; &#x92B;&#x93F;&#x932;&#x94D;&#x92E;&#x947;&#x902;</title><title lang="en">Entertainment Films</title><media><file filename="double-badhai.m4v" download_url="http://downloads.digital-campus.org/media/ujjwal/double-badhai.m4v" digest="01c3b7413a0f3ce9c5a45075ad010ce2" filesize="13384521" length="499"/></media><image filename="/images/20977.png"/><location lang="en">09_20977_en.html</location></activity><activity type="page" order="5" digest="b89ea1837ec830f67a10204910fe51f520978"><title lang="hi">&#x92A;&#x94D;&#x930;&#x938;&#x935; &#x909;&#x92A;&#x930;&#x93E;&#x902;&#x924; &#x92A;&#x930;&#x93F;&#x935;&#x93E;&#x930; &#x928;&#x93F;&#x92F;&#x94B;&#x91C;&#x928;</title><title lang="en">Postpartum Family Planning</title><image filename="/images/20978.png"/><location lang="hi">09_20978_hi.html</location><location lang="en">09_20978_en.html</location></activity><activity type="page" order="6" digest="f863228ce950d34b95eb3d3deb26a2e420979"><title lang="hi">&#x915;&#x930;&#x935;&#x93E;&#x908; &#x915;&#x947; &#x91A;&#x930;&#x923;</title><title lang="en">Action Steps</title><location lang="hi">09_20979_hi.html</location><location lang="en">09_20979_en.html</location></activity></activities></section></structure><media><file filename="doctor-speaks-on-iucd.m4v" download_url="http://downloads.digital-campus.org/media/ujjwal/doctor-speaks-on-iucd.m4v" digest="3095ccc0d6405f85b53cfbb3dde1fd9d" filesize="8451962" length="345"/><file filename="amrita-and-gajendra.m4v" download_url="http://downloads.digital-campus.org/media/ujjwal/amrita-and-gajendra.m4v" digest="c9ad170ecf1844a8685dbf08b83a50bf" filesize="8182807" length="180"/><file filename="iucd-right-choice.m4v" download_url="http://downloads.digital-campus.org/media/ujjwal/iucd-right-choice.m4v" digest="6344725d8baa519f65d5ce564a5d82c2" filesize="12883802" length="440"/><file filename="rajesh-kumar.m4v" download_url="http://downloads.digital-campus.org/media/ujjwal/rajesh-kumar.m4v" digest="e44451268715a1c9acef8883db6a4af5" filesize="2520203" length="72"/><file filename="doctor-speaks-on-injectable.m4v" download_url="http://downloads.digital-campus.org/media/ujjwal/doctor-speaks-on-injectable.m4v" digest="ab08306ca4722aa3bf450e417fdd39f6" filesize="6142156" length="250"/><file filename="nishu-and-jitendra.m4v" download_url="http://downloads.digital-campus.org/media/ujjwal/nishu-and-jitendra.m4v" digest="ea08ab70165899d1c04e8c9ef24b191b" filesize="9974916" length="180"/><file filename="shamsun-and-aas-mohammed.m4v" download_url="http://downloads.digital-campus.org/media/ujjwal/shamsun-and-aas-mohammed.m4v" digest="c42e2f1e5bfc639ef85ad9b46a29894a" filesize="8359273" length="180"/><file filename="love-befikr.m4v" download_url="http://downloads.digital-campus.org/media/ujjwal/love-befikr.m4v" digest="cdc496f7575a277c232458828b311e45" filesize="14313716" length="442"/><file filename="bahana.m4v" download_url="http://downloads.digital-campus.org/media/ujjwal/bahana.m4v" digest="a3e689f6f27af41fc00a6f4d1c397b3c" filesize="1267262" length="51"/><file filename="doctor-speaks-on-condom.m4v" download_url="http://downloads.digital-campus.org/media/ujjwal/doctor-speaks-on-condom.m4v" digest="eb2f0739f8c03c431c8eeb4eb966cc6b" filesize="3731126" length="227"/><file filename="raj-kumar-and-suman.m4v" download_url="http://downloads.digital-campus.org/media/ujjwal/raj-kumar-and-suman.m4v" digest="01f01a1a7f9e5277489b6ea1eeef8dbb" filesize="4742281" length="169"/><file filename="smart-soch.m4v" download_url="http://downloads.digital-campus.org/media/ujjwal/smart-soch.m4v" digest="4ee512c4fd54c2e481a085ebb43e6c6e" filesize="17877131" length="499"/><file filename="doctor-speaks-on-ocp.m4v" download_url="http://downloads.digital-campus.org/media/ujjwal/doctor-speaks-on-ocp.m4v" digest="9ebcc29dc792259283e8d495ebae4b03" filesize="7530833" length="304"/><file filename="sarita-and-raj-kishore.m4v" download_url="http://downloads.digital-campus.org/media/ujjwal/sarita-and-raj-kishore.m4v" digest="1389ec0a080ca9b3b39bfe357c78c46e" filesize="8110915" length="180"/><file filename="doctor-speaks-on-female-sterilisation.m4v" download_url="http://downloads.digital-campus.org/media/ujjwal/doctor-speaks-on-female-sterilisation.m4v" digest="4d245381d44d7e3a533d7b915d268eb8" filesize="8038494" length="295"/><file filename="sangeeta-and-amresh.m4v" download_url="http://downloads.digital-campus.org/media/ujjwal/sangeeta-and-amresh.m4v" digest="7a140d550832220ca21a4b3136dea6e9" filesize="8595856" length="180"/><file filename="zindagi-ka-plan.m4v" download_url="http://downloads.digital-campus.org/media/ujjwal/zindagi-ka-plan.m4v" digest="cda103bcd27eb7bd8c47e88de021937e" filesize="16631736" length="576"/><file filename="bunty-and-wife.m4v" download_url="http://downloads.digital-campus.org/media/ujjwal/bunty-and-wife.m4v" digest="1daae3885fbbfdc907e3bbca2b23b4d1" filesize="2802034" length="72"/><file filename="doctor-speaks-on-nsv.m4v" download_url="http://downloads.digital-campus.org/media/ujjwal/doctor-speaks-on-nsv.m4v" digest="3e987d62ebd7e3c7ecf6aa58cbdb9938" filesize="5908493" length="247"/><file filename="shubham-and-poonam.m4v" download_url="http://downloads.digital-campus.org/media/ujjwal/shubham-and-poonam.m4v" digest="376096c5faa46bb83e0865ff37c1d406" filesize="7747287" length="180"/><file filename="asli-dabangg.m4v" download_url="http://downloads.digital-campus.org/media/ujjwal/asli-dabangg.m4v" digest="73043300268362dd5410db827ec4bac7" filesize="21658083" length="588"/><file filename="munna-ki-kahani.m4v" download_url="http://downloads.digital-campus.org/media/ujjwal/munna-ki-kahani.m4v" digest="ee1493df1ae1e15879ae9c4c54f675b4" filesize="2648961" length="71"/><file filename="doctor-speaks-on-ecp.m4v" download_url="http://downloads.digital-campus.org/media/ujjwal/doctor-speaks-on-ecp.m4v" digest="7165be69b073af011e11ba23bac2a1ce" filesize="5653819" length="236"/><file filename="life-partner.m4v" download_url="http://downloads.digital-campus.org/media/ujjwal/life-partner.m4v" digest="68d60bdd92b4c93b82a46fb967b6f476" filesize="22224581" length="523"/><file filename="doctor-speaks-on-medical-abortion-kit.m4v" download_url="http://downloads.digital-campus.org/media/ujjwal/doctor-speaks-on-medical-abortion-kit.m4v" digest="5c89210f566778371db01db500d8c8c7" filesize="5302483" length="229"/><file filename="suresh-and-kusum.m4v" download_url="http://downloads.digital-campus.org/media/ujjwal/suresh-and-kusum.m4v" digest="a01dc1ee31c0cd167b41cab7e49c20ce" filesize="4125397" length="176"/><file filename="poora-answer.m4v" download_url="http://downloads.digital-campus.org/media/ujjwal/poora-answer.m4v" digest="8e7073ededed4f4d7ac6f97ad1071aed" filesize="15256507" length="549"/><file filename="doctor-speaks-on-post-partum-fp.m4v" download_url="http://downloads.digital-campus.org/media/ujjwal/doctor-speaks-on-post-partum-fp.m4v" digest="1aab67ca70f4ebd255869a009749a8da" filesize="4369993" length="180"/><file filename="ranjeet-and-deepika.m4v" download_url="http://downloads.digital-campus.org/media/ujjwal/ranjeet-and-deepika.m4v" digest="32aa75641771957c923f8a89d81ac482" filesize="3976525" length="178"/><file filename="double-badhai.m4v" download_url="http://downloads.digital-campus.org/media/ujjwal/double-badhai.m4v" digest="01c3b7413a0f3ce9c5a45075ad010ce2" filesize="13384521" length="499"/></media></module>
