<?xml version="1.0"?>
<module><meta><versionid>20140708145556</versionid><priority>0</priority><server>http://demo.oppia-mobile.org/</server><title lang="en">OCP-Condom</title><shortname>us-ocp</shortname><description lang="en"></description><langs><lang>en</lang></langs></meta><structure><section order="1"><title lang="en">Client pre-test</title><activities><activity type="feedback" order="1" digest="bc98b76f8846be141218cd57ac58cb6e16831"><title lang="en">Client Pre-test</title><content lang="en">{"description":"Client pre-test","id":1302,"lastupdated_date":"2014-07-08T15:52:46","owner":"\/api\/v1\/user\/1\/","props":{"courseversion":"20140708145556","digest":"bc98b76f8846be141218cd57ac58cb6e16831","maxscore":0},"questions":[{"id":11916,"order":1,"question":{"id":12122,"props":{"required":"true"},"responses":[],"title":"Name","type":"essay"}},{"id":11917,"order":2,"question":{"id":12123,"props":{"required":"true"},"responses":[],"title":"Age","type":"essay"}},{"id":11918,"order":3,"question":{"id":12124,"props":{"required":"true"},"responses":[{"id":32061,"order":1,"props":{},"score":"0.00","title":"Male"},{"id":32062,"order":2,"props":{},"score":"0.00","title":"Female"}],"title":"Gender","type":"multichoice"}},{"id":11919,"order":4,"question":{"id":12125,"props":{"required":"true"},"responses":[{"id":32063,"order":1,"props":{},"score":"0.00","title":"Yes"},{"id":32064,"order":2,"props":{},"score":"0.00","title":"No"}],"title":"Are you currently pregnant\/ expecting a child?","type":"multichoice"}},{"id":11920,"order":5,"question":{"id":12126,"props":{"required":"false"},"responses":[{"id":32065,"order":1,"props":{},"score":"0.00","title":"1"},{"id":32066,"order":2,"props":{},"score":"0.00","title":"2"},{"id":32067,"order":3,"props":{},"score":"0.00","title":"3"},{"id":32068,"order":4,"props":{},"score":"0.00","title":"4"},{"id":32069,"order":5,"props":{},"score":"0.00","title":"More than 4"}],"title":"How many children do you have?","type":"multichoice"}},{"id":11921,"order":6,"question":{"id":12127,"props":{"required":"true"},"responses":[{"id":32070,"order":1,"props":{},"score":"0.00","title":"Yes"},{"id":32071,"order":2,"props":{},"score":"0.00","title":"No"}],"title":"Do you believe it is important to space children?","type":"multichoice"}},{"id":11922,"order":7,"question":{"id":12128,"props":{"required":"true"},"responses":[{"id":32072,"order":1,"props":{},"score":"0.00","title":"Yes"},{"id":32073,"order":2,"props":{},"score":"0.00","title":"No"}],"title":"Do you believe it is important to limit family size?","type":"multichoice"}},{"id":11923,"order":8,"question":{"id":12129,"props":{"required":"true"},"responses":[{"id":32074,"order":1,"props":{},"score":"0.00","title":"Yes"},{"id":32075,"order":2,"props":{},"score":"0.00","title":"No"}],"title":"Are you aware of family planning?","type":"multichoice"}},{"id":11924,"order":9,"question":{"id":12130,"props":{"required":"true"},"responses":[{"id":32076,"order":1,"props":{},"score":"0.00","title":"Injectables"},{"id":32077,"order":2,"props":{},"score":"0.00","title":"IUCD or Copper T"},{"id":32078,"order":3,"props":{},"score":"0.00","title":"Condom"},{"id":32079,"order":4,"props":{},"score":"0.00","title":"Female Sterilization"},{"id":32080,"order":5,"props":{},"score":"0.00","title":"Male Sterilization"},{"id":32081,"order":6,"props":{},"score":"0.00","title":"OCPs"}],"title":"Which of the following family planning option are you aware of?","type":"multichoice"}},{"id":11925,"order":10,"question":{"id":12131,"props":{"required":"true"},"responses":[{"id":32082,"order":1,"props":{},"score":"0.00","title":"Yes"},{"id":32083,"order":2,"props":{},"score":"0.00","title":"No"}],"title":"Are you using of any the methods listed above?","type":"multichoice"}},{"id":11926,"order":11,"question":{"id":12132,"props":{"required":"false"},"responses":[{"id":32084,"order":1,"props":{},"score":"0.00","title":"Yes"},{"id":32085,"order":2,"props":{},"score":"0.00","title":"No"},{"id":32086,"order":3,"props":{},"score":"0.00","title":"Don't know\/can't say"}],"title":"Do you think family planning methods are safe to use?","type":"multichoice"}},{"id":11927,"order":12,"question":{"id":12133,"props":{"required":"true"},"responses":[{"id":32087,"order":1,"props":{},"score":"0.00","title":"Yes"},{"id":32088,"order":2,"props":{},"score":"0.00","title":"Perhaps, with some assistance"},{"id":32089,"order":3,"props":{},"score":"0.00","title":"No"},{"id":32090,"order":4,"props":{},"score":"0.00","title":"Not interested"}],"title":"Do you feel confident you will be able to use family planning?","type":"multichoice"}},{"id":11928,"order":13,"question":{"id":12134,"props":{"required":"true"},"responses":[{"id":32091,"order":1,"props":{},"score":"0.00","title":"Yes"},{"id":32092,"order":2,"props":{},"score":"0.00","title":"No"}],"title":"Do you intend to adopt family planning?","type":"multichoice"}},{"id":11929,"order":14,"question":{"id":12135,"props":{"required":"false"},"responses":[{"id":32093,"order":1,"props":{},"score":"0.00","title":"Today"},{"id":32094,"order":2,"props":{},"score":"0.00","title":"Within 1 week"},{"id":32095,"order":3,"props":{},"score":"0.00","title":"Within 2 weeks"},{"id":32096,"order":4,"props":{},"score":"0.00","title":"Within 1 month"},{"id":32097,"order":5,"props":{},"score":"0.00","title":"More than 1 month"},{"id":32098,"order":6,"props":{},"score":"0.00","title":"Never"}],"title":"How soon do you intend to begin using family planning?","type":"multichoice"}}],"resource_uri":"\/api\/v1\/quiz\/1302\/","title":"Client Pre-test"}</content></activity></activities></section></structure></module>
