<?xml version="1.0"?>
<module><meta><versionid>20140913061946</versionid><priority>10</priority><server>http://ujjwal.oppia-mobile.org/</server><title lang="hi">&#x92A;&#x930;&#x93F;&#x935;&#x93E;&#x930; &#x928;&#x93F;&#x92F;&#x94B;&#x91C;&#x928; &#x92B;&#x93E;&#x92F;&#x926;&#x947;   </title><title lang="en">Benefits of family planning  </title><shortname>us-benefits</shortname><description lang="en"></description><activity type="feedback" order="2" digest="a649a413769e5ad65f4136d8eb02b71b20867"><title lang="en">&#x92A;&#x930;&#x93F;&#x915;&#x94D;&#x937;&#x923; &#x938;&#x947; &#x92A;&#x939;&#x932;&#x947;</title><content lang="en">{"description":"\u092a\u0930\u093f\u0915\u094d\u0937\u0923 \u0938\u0947 \u092a\u0939\u0932\u0947","id":37,"lastupdated_date":"2014-09-13T00:18:48","owner":"\/api\/v1\/user\/1\/","props":{"courseversion":"20140913061918","digest":"a649a413769e5ad65f4136d8eb02b71b20867","maxscore":0},"questions":[{"id":171,"order":1,"question":{"id":171,"props":{"required":"true"},"responses":[{"id":571,"order":1,"props":{},"score":"0.00","title":"\u092c\u091a\u094d\u091a\u094b\u0902 \u092e\u0947\u0902 \u0905\u0902\u0924\u0930 \u0930\u0916\u0928\u0947 \u0915\u0947 \u0932\u093f\u090f"},{"id":572,"order":2,"props":{},"score":"0.00","title":"\u0905\u0928\u091a\u093e\u0939\u0947 \u0917\u0930\u094d\u092d \u0938\u0947 \u092c\u091a\u0928\u0947 \u0915\u0947 \u0932\u093f\u090f"},{"id":573,"order":3,"props":{},"score":"0.00","title":"\u092a\u0948\u0938\u093e \u092c\u091a\u093e\u0928\u0947 \u0915\u0947 \u0932\u093f\u090f"},{"id":574,"order":4,"props":{},"score":"0.00","title":"\u090a\u092a\u0930 \u0915\u0947 \u0938\u092d\u0940"}],"title":"\u092a\u0930\u093f\u0935\u093e\u0930 \u0928\u093f\u092f\u094b\u091c\u0928 \u0905\u092a\u0928\u093e\u0928\u093e \u0915\u094d\u092f\u094b\u0902 \u095b\u0930\u0942\u0930\u0940 \u0939\u0948? (\u090f\u0915 \u0915\u094b \u091a\u0941\u0928\u0947\u0902)","type":"multichoice"}},{"id":172,"order":2,"question":{"id":172,"props":{"required":"true"},"responses":[{"id":575,"order":1,"props":{},"score":"0.00","title":"\u0938\u0939\u0940"},{"id":576,"order":2,"props":{},"score":"0.00","title":"\u0917\u0932\u0924"}],"title":"\u092a\u0930\u093f\u0935\u093e\u0930 \u0928\u093f\u092f\u094b\u091c\u0928 \u0938\u093e\u0927\u0928 \u0905\u092a\u0928\u093e\u0928\u0947 \u0938\u0947 \u092c\u0939\u0941\u0924 \u0938\u093e\u0907\u0921 \u0907\u092b\u0947\u0915\u094d\u091f \u0939\u094b\u0924\u0947 \u0939\u0948\u0902. \u0907\u0938\u0947 \u0928\u0939\u0940\u0902 \u0905\u092a\u0928\u093e\u0928\u093e \u091a\u093e\u0939\u093f\u090f?","type":"multichoice"}},{"id":173,"order":3,"question":{"id":173,"props":{"required":"true"},"responses":[{"id":577,"order":1,"props":{},"score":"0.00","title":"\u0938\u0939\u0940"},{"id":578,"order":2,"props":{},"score":"0.00","title":"\u0917\u0932\u0924"}],"title":"\u092a\u0930\u093f\u0935\u093e\u0930 \u0928\u093f\u092f\u094b\u091c\u0928 \u0938\u093e\u0927\u0928 \u0905\u092a\u0928\u093e\u0928\u0947 \u0938\u0947 \u092e\u0939\u093f\u0932\u093e \u0915\u093e \u0936\u0930\u0940\u0930 \u092e\u095b\u092c\u0942\u0924 \u0939\u094b\u0924\u093e \u0939\u0948 \u0914\u0930 \u0926\u0942\u0938\u0930\u093e \u092c\u091a\u094d\u091a\u093e \u0938\u094d\u0935\u093e\u0938\u094d\u0925\u094d\u092f \u092a\u0948\u0926\u093e \u0939\u094b\u0924\u093e \u0939\u0948?","type":"multichoice"}},{"id":174,"order":4,"question":{"id":174,"props":{"required":"true"},"responses":[{"id":579,"order":1,"props":{},"score":"0.00","title":"\u0939\u093e\u0901"},{"id":580,"order":2,"props":{},"score":"0.00","title":"\u0928\u0939\u0940\u0902"},{"id":581,"order":3,"props":{},"score":"0.00","title":"\u092a\u0924\u093e \u0928\u0939\u0940\u0902"}],"title":"\u0915\u094d\u092f\u093e \u0906\u092a \u092a\u0930\u093f\u0935\u093e\u0930 \u0928\u093f\u092f\u094b\u091c\u0928 \u0915\u093e \u0938\u093e\u0927\u0928 \u0905\u092a\u0928\u093e\u0928\u093e \u091a\u093e\u0939\u0924\u0947 \u0939\u0948\u0902?","type":"multichoice"}},{"id":175,"order":5,"question":{"id":175,"props":{"required":"true"},"responses":[{"id":582,"order":1,"props":{},"score":"0.00","title":"\u0906\u091c"},{"id":583,"order":2,"props":{},"score":"0.00","title":"\u090f\u0915 \u0939\u092b\u094d\u0924\u0947"},{"id":584,"order":3,"props":{},"score":"0.00","title":"\u090f\u0915 \u092e\u0939\u0940\u0928\u0947"},{"id":585,"order":4,"props":{},"score":"0.00","title":"\u090f\u0915 \u092e\u0939\u0940\u0928\u0947 \u0938\u0947 \u091c\u094d\u092f\u093e\u0926\u093e"},{"id":586,"order":5,"props":{},"score":"0.00","title":"\u092a\u0924\u093e \u0928\u0939\u0940\u0902"}],"title":"\u0906\u092a \u0915\u092c \u0938\u0947 \u092a\u0930\u093f\u0935\u093e\u0930 \u0928\u093f\u092f\u094b\u091c\u0928 \u0915\u093e \u0938\u093e\u0927\u0928 \u0909\u092a\u092f\u094b\u0917 \u0915\u0930\u0928\u093e \u0936\u0930\u0942 \u0915\u0930\u0947\u0902\u0917\u0947 ? (\u090f\u0915 \u0915\u094b \u091a\u0941\u0928\u0947\u0902)","type":"multichoice"}}],"resource_uri":"\/api\/v1\/quiz\/37\/","title":"\u092a\u0930\u093f\u0915\u094d\u0937\u0923 \u0938\u0947 \u092a\u0939\u0932\u0947"}</content></activity><image filename="/images/21589.png"/><langs><lang>hi</lang><lang>en</lang></langs></meta><structure><section order="1"><title lang="hi">&#x92A;&#x94D;&#x930;&#x930;&#x93F;&#x935;&#x93E;&#x930; &#x928;&#x93F;&#x92F;&#x94B;&#x91C;&#x928; &#x92C;&#x93E;&#x938;&#x94D;&#x915;&#x947;&#x91F; &#x91A;&#x92F;&#x928; </title><title lang="en">Basket of Choice</title><activities><activity type="page" order="1" digest="630e2e3140b868365bb37141baef650720858"><title lang="hi">&#x92A;&#x94D;&#x930;&#x930;&#x93F;&#x935;&#x93E;&#x930; &#x928;&#x93F;&#x92F;&#x94B;&#x91C;&#x928; &#x92C;&#x93E;&#x938;&#x94D;&#x915;&#x947;&#x91F; &#x91A;&#x92F;&#x928; </title><title lang="en">Basket of Choice</title><image filename="/images/20858.png"/><location lang="en">01_20858_en.html</location></activity><activity type="page" order="2" digest="eb7d5f1c193510ed0c2c9ed0c004792620756"><title lang="hi">&#x921;&#x949;&#x915;&#x94D;&#x91F;&#x930; &#x92B;&#x93F;&#x932;&#x94D;&#x92E; </title><title lang="en">Doctor Speaks</title><media><file filename="basket-of-choices.m4v" download_url="http://downloads.digital-campus.org/media/ujjwal/basket-of-choices.m4v" digest="1e330ba8642177d42c2fda2c8382170a" filesize="4894921" length="193"/></media><image filename="/images/20756.png"/><location lang="en">01_20756_en.html</location></activity><activity type="page" order="3" digest="5f7c3224c2d1f0326517ffaf4a24a55920757"><title lang="hi">&#x91F;&#x940;.&#x935;&#x940;. &#x935;&#x93F;&#x91C;&#x94D;&#x91E;&#x93E;&#x92A;&#x928; </title><title lang="en">TV Advertisements</title><media><file filename="mehnat-spacing.m4v" download_url="http://downloads.digital-campus.org/media/ujjwal/mehnat-spacing.m4v" digest="a4186f306923e60263437eff68390d7f" filesize="1961852" length="71"/></media><image filename="/images/20757.png"/><location lang="en">01_20757_en.html</location></activity><activity type="page" order="4" digest="d5db85365154309e6da77919e56d6f8420614"><title lang="hi">&#x92E;&#x928;&#x94B;&#x930;&#x902;&#x91C;&#x915; &#x92B;&#x93F;&#x932;&#x94D;&#x92E;&#x947;&#x902; </title><title lang="en">Entertainment Films</title><media><file filename="life-partner-ecp.m4v" download_url="http://downloads.digital-campus.org/media/ujjwal/life-partner-ecp.m4v" digest="78de72f734d64297b0829bb56e6aa180" filesize="22224585" length="523"/></media><image filename="/images/20614.png"/><location lang="en">01_20614_en.html</location></activity><activity type="page" order="5" digest="456e2f96f95664669a01904bf67503ec20760"><title lang="hi">&#x92A;&#x94D;&#x930;&#x930;&#x93F;&#x935;&#x93E;&#x930; &#x928;&#x93F;&#x92F;&#x94B;&#x91C;&#x928; &#x92C;&#x93E;&#x938;&#x94D;&#x915;&#x947;&#x91F; &#x91A;&#x92F;&#x928;</title><title lang="en">Basket of Choice</title><location lang="hi">01_20760_hi.html</location><location lang="en">01_20760_en.html</location></activity><activity type="page" order="6" digest="e575b755a4e68809616f71b8cf24d21520765"><title lang="hi">&#x915;&#x930;&#x935;&#x93E;&#x908; &#x915;&#x947; &#x91A;&#x930;&#x923;</title><title lang="en">Action Steps</title><location lang="hi">01_20765_hi.html</location><location lang="en">01_20765_en.html</location></activity></activities></section><section order="2"><title lang="hi">&#x92A;&#x939;&#x932;&#x93E; &#x917;&#x930;&#x94D;&#x92D; &#x92E;&#x947;&#x902; &#x926;&#x947;&#x930;&#x940; </title><title lang="en">Delaying First Pregnancy</title><activities><activity type="page" order="1" digest="d05418ad1f0f4bf82008b94460e8ec0420864"><title lang="hi">&#x92A;&#x939;&#x932;&#x93E; &#x917;&#x930;&#x94D;&#x92D; &#x92E;&#x947;&#x902; &#x926;&#x947;&#x930;&#x940; </title><title lang="en">Delaying First Pregnancy</title><image filename="/images/20864.png"/><location lang="en">02_20864_en.html</location></activity><activity type="page" order="2" digest="89d5bf03614b54f972b57eb182f30e9b20759"><title lang="hi">&#x921;&#x949;&#x915;&#x94D;&#x91F;&#x930; &#x92B;&#x93F;&#x932;&#x94D;&#x92E; </title><title lang="en">Doctor Speaks</title><media><file filename="life-partner-ecp.m4v" download_url="http://downloads.digital-campus.org/media/ujjwal/life-partner-ecp.m4v" digest="78de72f734d64297b0829bb56e6aa180" filesize="22224585" length="523"/></media><image filename="/images/20759.png"/><location lang="en">02_20759_en.html</location></activity><activity type="page" order="3" digest="256df192f49782f7904b5010642eb81020758"><title lang="hi">&#x91F;&#x940;.&#x935;&#x940;. &#x935;&#x93F;&#x91C;&#x94D;&#x91E;&#x93E;&#x92A;&#x928; </title><title lang="en">TV Advertisements</title><media><file filename="aisi-bhi-kya-jaldi-hai-delaying.m4v" download_url="http://downloads.digital-campus.org/media/ujjwal/aisi-bhi-kya-jaldi-hai-delaying.m4v" digest="11603269fd1801b20024610db4f4cd11" filesize="2291435" length="72"/></media><image filename="/images/20758.png"/><location lang="en">02_20758_en.html</location></activity><activity type="page" order="4" digest="456e2f96f95664669a01904bf67503ec20761"><title lang="hi">&#x92A;&#x939;&#x932;&#x93E; &#x917;&#x930;&#x94D;&#x92D; &#x92E;&#x947;&#x902; &#x926;&#x947;&#x930;&#x940;</title><title lang="en">Delaying First Pregnancy</title><location lang="hi">02_20761_hi.html</location><location lang="en">02_20761_en.html</location></activity><activity type="page" order="5" digest="f863228ce950d34b95eb3d3deb26a2e420930"><title lang="hi">&#x915;&#x930;&#x935;&#x93E;&#x908; &#x915;&#x947; &#x91A;&#x930;&#x923;</title><title lang="en">Action Steps</title><location lang="hi">02_20930_hi.html</location><location lang="en">02_20930_en.html</location></activity></activities></section><section order="3"><title lang="hi">&#x92C;&#x91A;&#x94D;&#x91A;&#x94B;&#x902; &#x92E;&#x947;&#x902; &#x905;&#x902;&#x924;&#x930;  </title><title lang="en">Spacing </title><activities><activity type="page" order="1" digest="0e5643951ff8c0b52376a512bec1b48820865"><title lang="hi">&#x92C;&#x91A;&#x94D;&#x91A;&#x94B;&#x902; &#x92E;&#x947;&#x902; &#x905;&#x902;&#x924;&#x930;  </title><title lang="en">Spacing </title><image filename="/images/20865.png"/><location lang="en">03_20865_en.html</location></activity><activity type="page" order="2" digest="f7495f8e8654a3e0978613c7d221277420752"><title lang="hi">&#x921;&#x949;&#x915;&#x94D;&#x91F;&#x930; &#x92B;&#x93F;&#x932;&#x94D;&#x92E; </title><title lang="en">Doctor Speaks</title><media><file filename="importance-of-spacing.m4v" download_url="http://downloads.digital-campus.org/media/ujjwal/importance-of-spacing.m4v" digest="9d0c19c7df814bca62b70d59bb573746" filesize="3519929" length="160"/></media><image filename="/images/20752.png"/><location lang="en">03_20752_en.html</location></activity><activity type="page" order="3" digest="5f7c3224c2d1f0326517ffaf4a24a55920755"><title lang="hi">&#x91F;&#x940;.&#x935;&#x940;. &#x935;&#x93F;&#x91C;&#x94D;&#x91E;&#x93E;&#x92A;&#x928; </title><title lang="en">TV Advertisements</title><media><file filename="mehnat-spacing.m4v" download_url="http://downloads.digital-campus.org/media/ujjwal/mehnat-spacing.m4v" digest="a4186f306923e60263437eff68390d7f" filesize="1961852" length="71"/></media><image filename="/images/20755.png"/><location lang="en">03_20755_en.html</location></activity><activity type="page" order="4" digest="456e2f96f95664669a01904bf67503ec20762"><title lang="hi">&#x92C;&#x91A;&#x94D;&#x91A;&#x94B;&#x902; &#x92E;&#x947;&#x902; &#x905;&#x902;&#x924;&#x930; </title><title lang="en">Spacing</title><location lang="hi">03_20762_hi.html</location><location lang="en">03_20762_en.html</location></activity><activity type="page" order="5" digest="f863228ce950d34b95eb3d3deb26a2e420931"><title lang="hi">&#x915;&#x930;&#x935;&#x93E;&#x908; &#x915;&#x947; &#x91A;&#x930;&#x923;</title><title lang="en">Action Steps</title><location lang="hi">03_20931_hi.html</location><location lang="en">03_20931_en.html</location></activity></activities></section><section order="4"><title lang="hi">&#x92A;&#x930;&#x93F;&#x935;&#x93E;&#x930; &#x938;&#x93F;&#x92E;&#x93F;&#x924; &#x915;&#x930;&#x928;&#x93E; </title><title lang="en">Limiting </title><activities><activity type="page" order="1" digest="b0218f12a94ade22a8e12c159401a95620866"><title lang="hi">&#x92A;&#x930;&#x93F;&#x935;&#x93E;&#x930; &#x938;&#x93F;&#x92E;&#x93F;&#x924; &#x915;&#x930;&#x928;&#x93E;</title><title lang="en">Limiting</title><image filename="/images/20866.png"/><location lang="en">04_20866_en.html</location></activity><activity type="page" order="2" digest="704d7804b6b650c980ef1d90f5e6aa2120754"><title lang="hi">&#x921;&#x949;&#x915;&#x94D;&#x91F;&#x930; &#x92B;&#x93F;&#x932;&#x94D;&#x92E; </title><title lang="en">Doctor Speaks</title><media><file filename="importance-of-limiting.m4v" download_url="http://downloads.digital-campus.org/media/ujjwal/importance-of-limiting.m4v" digest="6a86223312d37ac3841dc060716be7ca" filesize="3692523" length="160"/></media><image filename="/images/20754.png"/><location lang="en">04_20754_en.html</location></activity><activity type="page" order="3" digest="456e2f96f95664669a01904bf67503ec20763"><title lang="hi">&#x92A;&#x930;&#x93F;&#x935;&#x93E;&#x930; &#x938;&#x93F;&#x92E;&#x93F;&#x924; &#x915;&#x930;&#x928;&#x93E;</title><title lang="en">Limiting</title><location lang="hi">04_20763_hi.html</location><location lang="en">04_20763_en.html</location></activity><activity type="page" order="4" digest="f863228ce950d34b95eb3d3deb26a2e420932"><title lang="hi">&#x915;&#x930;&#x935;&#x93E;&#x908; &#x915;&#x947; &#x91A;&#x930;&#x923;</title><title lang="en">Action Steps</title><location lang="hi">04_20932_hi.html</location><location lang="en">04_20932_en.html</location></activity></activities></section><section order="5"><title lang="en">Age of Marriage</title><activities><activity type="page" order="1" digest="d05418ad1f0f4bf82008b94460e8ec0420881"><title lang="en">Age at Marriage</title><image filename="/images/20881.png"/><location lang="en">05_20881_en.html</location></activity><activity type="page" order="2" digest="713c22b157b668bb968330ae1171d04c20751"><title lang="hi">&#x91F;&#x940;.&#x935;&#x940;. &#x935;&#x93F;&#x91C;&#x94D;&#x91E;&#x93E;&#x92A;&#x928; </title><title lang="en">TV Advertisements</title><media><file filename="mard-ki-daad-age-at-marriage.m4v" download_url="http://downloads.digital-campus.org/media/ujjwal/mard-ki-daad-age-at-marriage.m4v" digest="cfddcd90ff9814906d70bcecba9f4e17" filesize="2236080" length="71"/></media><image filename="/images/20751.png"/><location lang="en">05_20751_en.html</location></activity><activity type="page" order="3" digest="456e2f96f95664669a01904bf67503ec20764"><title lang="en">Get information</title><location lang="hi">05_20764_hi.html</location><location lang="en">05_20764_en.html</location></activity><activity type="page" order="4" digest="f863228ce950d34b95eb3d3deb26a2e420933"><title lang="hi">&#x915;&#x930;&#x935;&#x93E;&#x908; &#x915;&#x947; &#x91A;&#x930;&#x923;</title><title lang="en">Action Steps</title><location lang="hi">05_20933_hi.html</location><location lang="en">05_20933_en.html</location></activity></activities></section><section order="6"><title lang="hi">&#x92A;&#x930;&#x93F;&#x915;&#x94D;&#x937;&#x923; &#x915;&#x947; &#x92C;&#x93E;&#x926; </title><title lang="en">Post-Test</title><activities><activity type="feedback" order="1" digest="67485c01eeb0f29da461cdaeb271592320868"><title lang="en">&#x92A;&#x930;&#x93F;&#x915;&#x94D;&#x937;&#x923; &#x915;&#x947; &#x92C;&#x93E;&#x926;</title><content lang="en">{"description":"Post-Test\u092a\u0930\u093f\u0915\u094d\u0937\u0923 \u0915\u0947 \u092c\u093e\u0926 ","id":38,"lastupdated_date":"2014-09-13T00:19:01","owner":"\/api\/v1\/user\/1\/","props":{"courseversion":"20140913061918","digest":"67485c01eeb0f29da461cdaeb271592320868","maxscore":0},"questions":[{"id":176,"order":1,"question":{"id":176,"props":{"required":"true"},"responses":[{"id":587,"order":1,"props":{},"score":"0.00","title":"\u092c\u091a\u094d\u091a\u094b\u0902 \u092e\u0947\u0902 \u0905\u0902\u0924\u0930 \u0930\u0916\u0928\u0947 \u0915\u0947 \u0932\u093f\u090f"},{"id":588,"order":2,"props":{},"score":"0.00","title":"\u0905\u0928\u091a\u093e\u0939\u0947 \u0917\u0930\u094d\u092d \u0938\u0947 \u092c\u091a\u0928\u0947 \u0915\u0947 \u0932\u093f\u090f"},{"id":589,"order":3,"props":{},"score":"0.00","title":"\u092a\u0948\u0938\u093e \u092c\u091a\u093e\u0928\u0947 \u0915\u0947 \u0932\u093f\u090f"},{"id":590,"order":4,"props":{},"score":"0.00","title":"\u090a\u092a\u0930 \u0915\u0947 \u0938\u092d\u0940"}],"title":"\u092a\u0930\u093f\u0935\u093e\u0930 \u0928\u093f\u092f\u094b\u091c\u0928 \u0905\u092a\u0928\u093e\u0928\u093e \u0915\u094d\u092f\u094b\u0902 \u095b\u0930\u0942\u0930\u0940 \u0939\u0948? (\u090f\u0915 \u0915\u094b \u091a\u0941\u0928\u0947\u0902)","type":"multichoice"}},{"id":177,"order":2,"question":{"id":177,"props":{"required":"true"},"responses":[{"id":591,"order":1,"props":{},"score":"0.00","title":"\u0938\u0939\u0940"},{"id":592,"order":2,"props":{},"score":"0.00","title":"\u0917\u0932\u0924"}],"title":"\u092a\u0930\u093f\u0935\u093e\u0930 \u0928\u093f\u092f\u094b\u091c\u0928 \u0938\u093e\u0927\u0928 \u0905\u092a\u0928\u093e\u0928\u0947 \u0938\u0947 \u092c\u0939\u0941\u0924 \u0938\u093e\u0907\u0921 \u0907\u092b\u0947\u0915\u094d\u091f \u0939\u094b\u0924\u0947 \u0939\u0948\u0902. \u0907\u0938\u0947 \u0928\u0939\u0940\u0902 \u0905\u092a\u0928\u093e\u0928\u093e \u091a\u093e\u0939\u093f\u090f?","type":"multichoice"}},{"id":178,"order":3,"question":{"id":178,"props":{"required":"true"},"responses":[{"id":593,"order":1,"props":{},"score":"0.00","title":"\u0938\u0939\u0940"},{"id":594,"order":2,"props":{},"score":"0.00","title":"\u0917\u0932\u0924"}],"title":"\u092a\u0930\u093f\u0935\u093e\u0930 \u0928\u093f\u092f\u094b\u091c\u0928 \u0938\u093e\u0927\u0928 \u0905\u092a\u0928\u093e\u0928\u0947 \u0938\u0947 \u092e\u0939\u093f\u0932\u093e \u0915\u093e \u0936\u0930\u0940\u0930 \u092e\u095b\u092c\u0942\u0924 \u0939\u094b\u0924\u093e \u0939\u0948 \u0914\u0930 \u0926\u0942\u0938\u0930\u093e \u092c\u091a\u094d\u091a\u093e \u0938\u094d\u0935\u093e\u0938\u094d\u0925\u094d\u092f \u092a\u0948\u0926\u093e \u0939\u094b\u0924\u093e \u0939\u0948?","type":"multichoice"}},{"id":179,"order":4,"question":{"id":179,"props":{"required":"true"},"responses":[{"id":595,"order":1,"props":{},"score":"0.00","title":"\u0939\u093e\u0901"},{"id":596,"order":2,"props":{},"score":"0.00","title":"\u0928\u0939\u0940\u0902"},{"id":597,"order":3,"props":{},"score":"0.00","title":"\u092a\u0924\u093e \u0928\u0939\u0940\u0902"}],"title":"\u0915\u094d\u092f\u093e \u0906\u092a \u092a\u0930\u093f\u0935\u093e\u0930 \u0928\u093f\u092f\u094b\u091c\u0928 \u0915\u093e \u0938\u093e\u0927\u0928 \u0905\u092a\u0928\u093e\u0928\u093e \u091a\u093e\u0939\u0924\u0947 \u0939\u0948\u0902?","type":"multichoice"}},{"id":180,"order":5,"question":{"id":180,"props":{"required":"true"},"responses":[{"id":598,"order":1,"props":{},"score":"0.00","title":"\u0906\u091c"},{"id":599,"order":2,"props":{},"score":"0.00","title":"\u090f\u0915 \u0939\u092b\u094d\u0924\u0947"},{"id":600,"order":3,"props":{},"score":"0.00","title":"\u090f\u0915 \u092e\u0939\u0940\u0928\u0947"},{"id":601,"order":4,"props":{},"score":"0.00","title":"\u090f\u0915 \u092e\u0939\u0940\u0928\u0947 \u0938\u0947 \u091c\u094d\u092f\u093e\u0926\u093e"},{"id":602,"order":5,"props":{},"score":"0.00","title":"\u092a\u0924\u093e \u0928\u0939\u0940\u0902"}],"title":"\u0906\u092a \u0915\u092c \u0938\u0947 \u092a\u0930\u093f\u0935\u093e\u0930 \u0928\u093f\u092f\u094b\u091c\u0928 \u0915\u093e \u0938\u093e\u0927\u0928 \u0909\u092a\u092f\u094b\u0917 \u0915\u0930\u0928\u093e \u0936\u0930\u0942 \u0915\u0930\u0947\u0902\u0917\u0947 ? (\u090f\u0915 \u0915\u094b \u091a\u0941\u0928\u0947\u0902)","type":"multichoice"}}],"resource_uri":"\/api\/v1\/quiz\/38\/","title":"\u092a\u0930\u093f\u0915\u094d\u0937\u0923 \u0915\u0947 \u092c\u093e\u0926"}</content></activity></activities></section></structure><media><file filename="basket-of-choices.m4v" download_url="http://downloads.digital-campus.org/media/ujjwal/basket-of-choices.m4v" digest="1e330ba8642177d42c2fda2c8382170a" filesize="4894921" length="193"/><file filename="mehnat-spacing.m4v" download_url="http://downloads.digital-campus.org/media/ujjwal/mehnat-spacing.m4v" digest="a4186f306923e60263437eff68390d7f" filesize="1961852" length="71"/><file filename="life-partner-ecp.m4v" download_url="http://downloads.digital-campus.org/media/ujjwal/life-partner-ecp.m4v" digest="78de72f734d64297b0829bb56e6aa180" filesize="22224585" length="523"/><file filename="aisi-bhi-kya-jaldi-hai-delaying.m4v" download_url="http://downloads.digital-campus.org/media/ujjwal/aisi-bhi-kya-jaldi-hai-delaying.m4v" digest="11603269fd1801b20024610db4f4cd11" filesize="2291435" length="72"/><file filename="importance-of-spacing.m4v" download_url="http://downloads.digital-campus.org/media/ujjwal/importance-of-spacing.m4v" digest="9d0c19c7df814bca62b70d59bb573746" filesize="3519929" length="160"/><file filename="importance-of-limiting.m4v" download_url="http://downloads.digital-campus.org/media/ujjwal/importance-of-limiting.m4v" digest="6a86223312d37ac3841dc060716be7ca" filesize="3692523" length="160"/><file filename="mard-ki-daad-age-at-marriage.m4v" download_url="http://downloads.digital-campus.org/media/ujjwal/mard-ki-daad-age-at-marriage.m4v" digest="cfddcd90ff9814906d70bcecba9f4e17" filesize="2236080" length="71"/></media></module>
