<?xml version="1.0"?>
<module><meta><versionid>20140908103507</versionid><priority>8</priority><server>http://ujjwal.oppia-mobile.org/</server><title lang="en">Unprotected/Emergency</title><shortname>us-unprotected</shortname><description lang="en"></description><activity type="feedback" order="2" digest="7fd91818b48e0c0e38856a05659efaa120879"><title lang="en">Pre-Test</title><content lang="en">{"description":"Pre-Test","id":16,"lastupdated_date":"2014-08-30T06:17:41","owner":"\/api\/v1\/user\/1\/","props":{"courseversion":"20140830121756","digest":"7fd91818b48e0c0e38856a05659efaa120879","maxscore":0},"questions":[{"id":71,"order":1,"question":{"id":71,"props":{"required":"true"},"responses":[{"id":238,"order":1,"props":{},"score":"0.00","title":"ECP"},{"id":239,"order":2,"props":{},"score":"0.00","title":"OCP"},{"id":240,"order":3,"props":{},"score":"0.00","title":"IUCD"},{"id":241,"order":4,"props":{},"score":"0.00","title":"Injectable"},{"id":242,"order":5,"props":{},"score":"0.00","title":"Condom"},{"id":243,"order":6,"props":{},"score":"0.00","title":"Female Sterilization"},{"id":244,"order":7,"props":{},"score":"0.00","title":"Male Sterilization"},{"id":245,"order":8,"props":{},"score":"0.00","title":"all of the above"}],"title":"Which of the following are safe methods couples can use to avoid unwanted pregnancy?","type":"multichoice"}},{"id":72,"order":2,"question":{"id":72,"props":{"required":"true"},"responses":[{"id":246,"order":1,"props":{},"score":"0.00","title":"True"},{"id":247,"order":2,"props":{},"score":"0.00","title":"False"}],"title":"It is difficult to avoid an unwanted pregnancy","type":"multichoice"}},{"id":73,"order":3,"question":{"id":73,"props":{"required":"true"},"responses":[{"id":248,"order":1,"props":{},"score":"0.00","title":"Yes"},{"id":249,"order":2,"props":{},"score":"0.00","title":"No"},{"id":250,"order":3,"props":{},"score":"0.00","title":"Unsure"}],"title":"Do you intend to use a family planning method?","type":"multichoice"}},{"id":74,"order":4,"question":{"id":74,"props":{"required":"true"},"responses":[{"id":251,"order":1,"props":{},"score":"0.00","title":"Consult with spouse"},{"id":252,"order":2,"props":{},"score":"0.00","title":"Consult with relatives\/ friends"},{"id":253,"order":3,"props":{},"score":"0.00","title":"Call Ujjwal Helpline"},{"id":254,"order":4,"props":{},"score":"0.00","title":"Call Ujjwal Clinic"},{"id":255,"order":5,"props":{},"score":"0.00","title":"Visit another primary health clinic"},{"id":256,"order":6,"props":{},"score":"0.00","title":"No action plan"},{"id":257,"order":7,"props":{},"score":"0.00","title":"Will not use FP"}],"title":"Which action will you take to begin using a family planning method? (Choose one)","type":"multichoice"}}],"resource_uri":"\/api\/v1\/quiz\/16\/","title":"Pre-Test"}</content></activity><langs><lang>hi</lang><lang>en</lang></langs></meta><structure><section order="1"><title lang="hi">&#x906;&#x92A;&#x93E;&#x924;&#x915;&#x93E;&#x932;&#x940;&#x928; &#x917;&#x94B;&#x932;&#x940;  </title><title lang="en">IUCD</title><activities><activity type="page" order="1" digest="004c680040f330d31c8e356fc4d17f7320859"><title lang="hi">&#x906;&#x92A;&#x93E;&#x924;&#x915;&#x93E;&#x932;&#x940;&#x928; &#x917;&#x94B;&#x932;&#x940;  </title><title lang="en">ECP</title><image filename="/images/20859.png"/><location lang="en">01_20859_en.html</location></activity><activity type="page" order="2" digest="6dda0ddac97fd7ba3868ddb5898a38e920813"><title lang="hi">&#x921;&#x949;&#x915;&#x94D;&#x91F;&#x930; &#x92B;&#x93F;&#x932;&#x94D;&#x92E; </title><title lang="en">Doctor Speaks</title><media><file filename="doctor-speaks-on-ecp.m4v" download_url="http://downloads.digital-campus.org/media/ujjwal/doctor-speaks-on-ecp.m4v" digest="7165be69b073af011e11ba23bac2a1ce" filesize="5653819" length="236"/></media><image filename="/images/20813.png"/><location lang="en">01_20813_en.html</location></activity><activity type="page" order="3" digest="068ddc280e8806160bd5c71c62c9c59a20814"><title lang="hi">&#x92E;&#x928;&#x94B;&#x930;&#x902;&#x91C;&#x915; &#x92B;&#x93F;&#x932;&#x94D;&#x92E;&#x947;&#x902; </title><title lang="en">Entertainment Films</title><media><file filename="life-partner.m4v" download_url="http://downloads.digital-campus.org/media/ujjwal/life-partner.m4v" digest="68d60bdd92b4c93b82a46fb967b6f476" filesize="22224581" length="523"/></media><image filename="/images/20814.png"/><location lang="en">01_20814_en.html</location></activity><activity type="page" order="4" digest="1bca01025cbb4108846ac97c8507fc1920815"><title lang="en">Get information</title><location lang="hi">01_20815_hi.html</location><location lang="en">01_20815_en.html</location></activity><activity type="page" order="5" digest="4adfe0819aa8e5f804cdab404684bfa420816"><title lang="hi">&#x915;&#x930;&#x935;&#x93E;&#x908; &#x915;&#x947; &#x91A;&#x930;&#x923;</title><title lang="en">Action Steps</title><location lang="hi">01_20816_hi.html</location><location lang="en">01_20816_en.html</location></activity></activities></section><section order="2"><title lang="en">Post Test</title><activities><activity type="feedback" order="1" digest="750b1de6ac38385ee3727031ffc1f54520880"><title lang="en">Post-Test</title><content lang="en">{"description":"Post Test","id":17,"lastupdated_date":"2014-08-30T06:17:53","owner":"\/api\/v1\/user\/1\/","props":{"courseversion":"20140830121756","digest":"750b1de6ac38385ee3727031ffc1f54520880","maxscore":0},"questions":[{"id":75,"order":1,"question":{"id":75,"props":{"required":"true"},"responses":[{"id":258,"order":1,"props":{},"score":"0.00","title":"ECP"},{"id":259,"order":2,"props":{},"score":"0.00","title":"OCP"},{"id":260,"order":3,"props":{},"score":"0.00","title":"IUCD"},{"id":261,"order":4,"props":{},"score":"0.00","title":"Injectable"},{"id":262,"order":5,"props":{},"score":"0.00","title":"Condom"},{"id":263,"order":6,"props":{},"score":"0.00","title":"Female Sterilization"},{"id":264,"order":7,"props":{},"score":"0.00","title":"Male Sterilization"},{"id":265,"order":8,"props":{},"score":"0.00","title":"all of the above"}],"title":"Which of the following are safe methods couples can use to avoid unwanted pregnancy?","type":"multichoice"}},{"id":76,"order":2,"question":{"id":76,"props":{"required":"true"},"responses":[{"id":266,"order":1,"props":{},"score":"0.00","title":"True"},{"id":267,"order":2,"props":{},"score":"0.00","title":"False"}],"title":"It is difficult to avoid an unwanted pregnancy","type":"multichoice"}},{"id":77,"order":3,"question":{"id":77,"props":{"required":"true"},"responses":[{"id":268,"order":1,"props":{},"score":"0.00","title":"Yes"},{"id":269,"order":2,"props":{},"score":"0.00","title":"No"},{"id":270,"order":3,"props":{},"score":"0.00","title":"Unsure"}],"title":"Do you intend to use a family planning method?","type":"multichoice"}},{"id":78,"order":4,"question":{"id":78,"props":{"required":"true"},"responses":[{"id":271,"order":1,"props":{},"score":"0.00","title":"Consult with spouse"},{"id":272,"order":2,"props":{},"score":"0.00","title":"Consult with relatives\/ friends"},{"id":273,"order":3,"props":{},"score":"0.00","title":"Call Ujjwal Helpline"},{"id":274,"order":4,"props":{},"score":"0.00","title":"Call Ujjwal Clinic"},{"id":275,"order":5,"props":{},"score":"0.00","title":"Visit another primary health clinic"},{"id":276,"order":6,"props":{},"score":"0.00","title":"No action plan"},{"id":277,"order":7,"props":{},"score":"0.00","title":"Will not use FP"}],"title":"Which action will you take to begin using a family planning method? (Choose one)","type":"multichoice"}}],"resource_uri":"\/api\/v1\/quiz\/17\/","title":"Post-Test"}</content></activity></activities></section></structure><media><file filename="doctor-speaks-on-ecp.m4v" download_url="http://downloads.digital-campus.org/media/ujjwal/doctor-speaks-on-ecp.m4v" digest="7165be69b073af011e11ba23bac2a1ce" filesize="5653819" length="236"/><file filename="life-partner.m4v" download_url="http://downloads.digital-campus.org/media/ujjwal/life-partner.m4v" digest="68d60bdd92b4c93b82a46fb967b6f476" filesize="22224581" length="523"/></media></module>
