<?xml version="1.0"?>
<module><meta><versionid>20141014115629</versionid><priority>8</priority><server>http://ujjwal.oppia-mobile.org/</server><title lang="hi">&#x92A;&#x930;&#x93F;&#x935;&#x93E;&#x930; &#x928;&#x93F;&#x92F;&#x94B;&#x91C;&#x928; &#x915;&#x947; &#x935;&#x93F;&#x92D;&#x93F;&#x928;&#x94D;&#x928; &#x909;&#x92A;&#x93E;&#x92F; &#x915;&#x93E; &#x935;&#x93F;&#x935;&#x930;&#x923;</title><title lang="en">Descriptions of Family Planning Methods</title><shortname>us-info</shortname><description lang="en"></description><langs><lang>hi</lang><lang>en</lang></langs></meta><structure><section order="1"><title lang="hi">&#x938;&#x942;&#x91A;&#x928;&#x93E;</title><title lang="en">Information</title><activities><activity type="page" order="1" digest="60cf8d89f01862bf1845f82d602c600620861"><title lang="hi">&#x938;&#x942;&#x91A;&#x928;&#x93E;</title><title lang="en">Information</title><location lang="hi">01_20861_hi.html</location><location lang="en">01_20861_en.html</location></activity></activities></section><section order="2"><title lang="hi">&#x917;&#x930;&#x94D;&#x92D;&#x928;&#x93F;&#x930;&#x94B;&#x927;&#x915; &#x917;&#x94B;&#x932;&#x940;</title><title lang="en">Oral Contraceptive Pills</title><activities><activity type="page" order="1" digest="5e62f3cf4043d069121e395771bd111220645"><title lang="hi">&#x917;&#x930;&#x94D;&#x92D;&#x928;&#x93F;&#x930;&#x94B;&#x927;&#x915; &#x917;&#x94B;&#x932;&#x940;</title><title lang="en">Oral Contraceptive Pills</title><image filename="/images/20645.png"/><location lang="hi">02_20645_hi.html</location><location lang="en">02_20645_en.html</location></activity><activity type="page" order="2" digest="73b734c20a179b2c7b235a4ebc19745420646"><title lang="hi">&#x92A;&#x94D;&#x930;&#x93E;&#x92F;&#x903; &#x92A;&#x942;&#x91B;&#x947; &#x91C;&#x93E;&#x928;&#x947; &#x935;&#x93E;&#x932;&#x947; &#x92A;&#x94D;&#x930;&#x936;&#x94D;&#x928;</title><title lang="en">FAQs</title><location lang="hi">02_20646_hi.html</location><location lang="en">02_20646_en.html</location></activity><activity type="page" order="3" digest="d126ad37cea2d168c67c1b9cab760f1820669"><title lang="hi">&#x938;&#x941;&#x935;&#x93F;&#x927;&#x93E; &#x914;&#x930; &#x905;&#x938;&#x941;&#x935;&#x93F;&#x927;&#x93E;</title><title lang="en">Pros and cons</title><location lang="hi">02_20669_hi.html</location><location lang="en">02_20669_en.html</location></activity></activities></section><section order="3"><title lang="hi">&#x917;&#x930;&#x94D;&#x92D;&#x928;&#x93F;&#x930;&#x94B;&#x927;&#x915; &#x938;&#x942;&#x908;</title><title lang="en">Injectable</title><activities><activity type="page" order="1" digest="b7ef3a54ab25e9b09afca25054a35f3720647"><title lang="hi">&#x917;&#x930;&#x94D;&#x92D;&#x928;&#x93F;&#x930;&#x94B;&#x927;&#x915; &#x938;&#x942;&#x908;</title><title lang="en">Injectable</title><image filename="/images/20647.png"/><location lang="hi">03_20647_hi.html</location><location lang="en">03_20647_en.html</location></activity><activity type="page" order="2" digest="312d02c36e204462b792a81e84180bb220935"><title lang="hi">&#x92A;&#x94D;&#x930;&#x93E;&#x92F;&#x903; &#x92A;&#x942;&#x91B;&#x947; &#x91C;&#x93E;&#x928;&#x947; &#x935;&#x93E;&#x932;&#x947; &#x92A;&#x94D;&#x930;&#x936;&#x94D;&#x928;</title><title lang="en">FAQs</title><location lang="hi">03_20935_hi.html</location><location lang="en">03_20935_en.html</location></activity><activity type="page" order="3" digest="484621c60edc6fb9d33fbbf73271603420936"><title lang="hi">&#x938;&#x941;&#x935;&#x93F;&#x927;&#x93E; &#x914;&#x930; &#x905;&#x938;&#x941;&#x935;&#x93F;&#x927;&#x93E;</title><title lang="en">Pros and cons</title><location lang="hi">03_20936_hi.html</location><location lang="en">03_20936_en.html</location></activity></activities></section><section order="4"><title lang="hi">&#x906;&#x908;.&#x92F;&#x942;&#x902;.&#x938;&#x940;.&#x921;&#x940;.</title><title lang="en">IUCD</title><activities><activity type="page" order="1" digest="81e5ec8798c5b00acf496302457cabf120937"><title lang="hi">&#x906;&#x908;.&#x92F;&#x942;&#x902;.&#x938;&#x940;.&#x921;&#x940;.</title><title lang="en">IUCD</title><location lang="hi">04_20937_hi.html</location><location lang="en">04_20937_en.html</location></activity><activity type="page" order="2" digest="c06852d7e6b05cb127f9a2a93cc26de620938"><title lang="hi">&#x92A;&#x94D;&#x930;&#x93E;&#x92F;&#x903; &#x92A;&#x942;&#x91B;&#x947; &#x91C;&#x93E;&#x928;&#x947; &#x935;&#x93E;&#x932;&#x947; &#x92A;&#x94D;&#x930;&#x936;&#x94D;&#x928;</title><title lang="en">FAQs</title><location lang="hi">04_20938_hi.html</location><location lang="en">04_20938_en.html</location></activity><activity type="page" order="3" digest="874c378632fb0e6ee624e396ef7bb35520939"><title lang="hi">&#x938;&#x941;&#x935;&#x93F;&#x927;&#x93E; &#x914;&#x930; &#x905;&#x938;&#x941;&#x935;&#x93F;&#x927;&#x93E;</title><title lang="en">Pros and cons</title><location lang="hi">04_20939_hi.html</location><location lang="en">04_20939_en.html</location></activity><activity type="page" order="4" digest="e2efa3a258bf8375436cd76cf01f684a20940"><title lang="hi">&#x92A;&#x94D;&#x930;&#x938;&#x935; &#x909;&#x92A;&#x930;&#x93E;&#x902;&#x924; &#x906;&#x908;.&#x92F;&#x942;.&#x938;&#x940;.&#x921;&#x940;.</title><title lang="en">Postpartum IUCD Information</title><location lang="hi">04_20940_hi.html</location><location lang="en">04_20940_en.html</location></activity></activities></section><section order="5"><title lang="hi">&#x915;&#x902;&#x921;&#x94B;&#x92E;</title><title lang="en">Condom</title><activities><activity type="page" order="1" digest="acdbdcadee15d95acf8c71109ea9b87720651"><title lang="hi">&#x915;&#x902;&#x921;&#x94B;&#x92E;</title><title lang="en">Condom</title><image filename="/images/20651.png"/><location lang="hi">05_20651_hi.html</location><location lang="en">05_20651_en.html</location></activity><activity type="page" order="2" digest="ee1607e22ffa0ad094ab4b0122bcaa4520941"><title lang="hi">&#x92A;&#x94D;&#x930;&#x93E;&#x92F;&#x903; &#x92A;&#x942;&#x91B;&#x947; &#x91C;&#x93E;&#x928;&#x947; &#x935;&#x93E;&#x932;&#x947; &#x92A;&#x94D;&#x930;&#x936;&#x94D;&#x928;</title><title lang="en">FAQs</title><location lang="hi">05_20941_hi.html</location><location lang="en">05_20941_en.html</location></activity><activity type="page" order="3" digest="fd41a8cd0f65d4e05b94b53606aa4b1920942"><title lang="hi">&#x938;&#x941;&#x935;&#x93F;&#x927;&#x93E; &#x914;&#x930; &#x905;&#x938;&#x941;&#x935;&#x93F;&#x927;&#x93E;</title><title lang="en">Pros and cons</title><location lang="hi">05_20942_hi.html</location><location lang="en">05_20942_en.html</location></activity><activity type="page" order="4" digest="f04a015a0fd294c53e56c10487b0188a20672"><title lang="hi">&#x915;&#x902;&#x921;&#x94B;&#x92E; &#x915;&#x93E; &#x909;&#x92A;&#x92F;&#x94B;&#x917; &#x90F;&#x935;&#x902; &#x938;&#x93E;&#x935;&#x927;&#x93E;&#x928;&#x940;</title><title lang="en">Care &amp; use of Condoms</title><location lang="hi">05_20672_hi.html</location><location lang="en">05_20672_en.html</location></activity></activities></section><section order="6"><title lang="hi">&#x92E;&#x939;&#x93F;&#x932;&#x93E; &#x928;&#x938;&#x92C;&#x902;&#x926;&#x940;</title><title lang="en">Female Sterilization</title><activities><activity type="page" order="1" digest="e6158ab620ebc622787b7e2cabe8855120653"><title lang="hi">&#x92E;&#x939;&#x93F;&#x932;&#x93E; &#x928;&#x938;&#x92C;&#x902;&#x926;&#x940;</title><title lang="en">Female Sterilization</title><image filename="/images/20653.png"/><location lang="hi">06_20653_hi.html</location><location lang="en">06_20653_en.html</location></activity><activity type="page" order="2" digest="ae2c5b7d54b614eeb9bb54f63576529220943"><title lang="hi">&#x92A;&#x94D;&#x930;&#x93E;&#x92F;&#x903; &#x92A;&#x942;&#x91B;&#x947; &#x91C;&#x93E;&#x928;&#x947; &#x935;&#x93E;&#x932;&#x947; &#x92A;&#x94D;&#x930;&#x936;&#x94D;&#x928;</title><title lang="en">FAQs</title><location lang="hi">06_20943_hi.html</location><location lang="en">06_20943_en.html</location></activity><activity type="page" order="3" digest="0546001cd9d771ff0a23751728c3661b20944"><title lang="hi">&#x938;&#x941;&#x935;&#x93F;&#x927;&#x93E; &#x914;&#x930; &#x905;&#x938;&#x941;&#x935;&#x93F;&#x927;&#x93E;</title><title lang="en">Pros and cons</title><location lang="hi">06_20944_hi.html</location><location lang="en">06_20944_en.html</location></activity><activity type="page" order="4" digest="4773a44088f2d6d92d9ccc3f89c2aa7620821"><title lang="hi">&#x92A;&#x94D;&#x930;&#x938;&#x935; &#x909;&#x92A;&#x930;&#x93E;&#x902;&#x924; &#x92E;&#x939;&#x93F;&#x932;&#x93E; &#x928;&#x938;&#x92C;&#x902;&#x926;&#x940;</title><title lang="en">Post partum Female Sterilization</title><location lang="hi">06_20821_hi.html</location><location lang="en">06_20821_en.html</location></activity></activities></section><section order="7"><title lang="hi">&#x92A;&#x941;&#x930;&#x941;&#x937; &#x928;&#x938;&#x92C;&#x902;&#x926;&#x940;</title><title lang="en">Male Sterilization</title><activities><activity type="page" order="1" digest="c0a6c681632b71b43f38dc14333832c120655"><title lang="hi">&#x92A;&#x941;&#x930;&#x941;&#x937; &#x928;&#x938;&#x92C;&#x902;&#x926;&#x940;</title><title lang="en">Male Sterilization</title><image filename="/images/20655.png"/><location lang="hi">07_20655_hi.html</location><location lang="en">07_20655_en.html</location></activity><activity type="page" order="2" digest="48ffd71957afdc8a4bb84bc0744eb7e620945"><title lang="hi">&#x92A;&#x94D;&#x930;&#x93E;&#x92F;&#x903; &#x92A;&#x942;&#x91B;&#x947; &#x91C;&#x93E;&#x928;&#x947; &#x935;&#x93E;&#x932;&#x947; &#x92A;&#x94D;&#x930;&#x936;&#x94D;&#x928;</title><title lang="en">FAQs</title><location lang="hi">07_20945_hi.html</location><location lang="en">07_20945_en.html</location></activity><activity type="page" order="3" digest="9c83e3d29cc672ca0d64b92da83f3f0120946"><title lang="hi">&#x938;&#x941;&#x935;&#x93F;&#x927;&#x93E; &#x914;&#x930; &#x905;&#x938;&#x941;&#x935;&#x93F;&#x927;&#x93E;</title><title lang="en">Pros and cons</title><location lang="hi">07_20946_hi.html</location><location lang="en">07_20946_en.html</location></activity></activities></section><section order="8"><title lang="hi">&#x905;&#x92A;&#x93E;&#x924;&#x915;&#x93E;&#x932;&#x940;&#x928; &#x917;&#x930;&#x94D;&#x92D;&#x928;&#x93F;&#x930;&#x94B;&#x927;&#x915; &#x917;&#x94B;&#x932;&#x940;</title><title lang="en">Emergency Contraceptive Pills</title><activities><activity type="page" order="1" digest="16f62a58a53d708ab01e1ff13aa4d25d20657"><title lang="hi">&#x905;&#x92A;&#x93E;&#x924;&#x915;&#x93E;&#x932;&#x940;&#x928; &#x917;&#x930;&#x94D;&#x92D;&#x928;&#x93F;&#x930;&#x94B;&#x927;&#x915; &#x917;&#x94B;&#x932;&#x940;</title><title lang="en">Emergency Contraceptive Pills</title><image filename="/images/20657.png"/><location lang="hi">08_20657_hi.html</location><location lang="en">08_20657_en.html</location></activity><activity type="page" order="2" digest="96ef4641b41c33961ab9c31b6661bc9e20948"><title lang="hi">&#x938;&#x941;&#x935;&#x93F;&#x927;&#x93E; &#x914;&#x930; &#x905;&#x938;&#x941;&#x935;&#x93F;&#x927;&#x93E;</title><title lang="en">Pros and cons</title><location lang="hi">08_20948_hi.html</location><location lang="en">08_20948_en.html</location></activity></activities></section><section order="9"><title lang="hi">&#x926;&#x935;&#x93E; &#x926;&#x94D;&#x935;&#x93E;&#x930;&#x93E; &#x917;&#x930;&#x94D;&#x92D;&#x92A;&#x93E;&#x924; &#x915;&#x93F;&#x91F;</title><title lang="en">Medical Abortion Kit</title><activities><activity type="page" order="1" digest="7b4d636eade0963f578e01d3cae5fffd20822"><title lang="hi">&#x926;&#x935;&#x93E; &#x926;&#x94D;&#x935;&#x93E;&#x930;&#x93E; &#x917;&#x930;&#x94D;&#x92D;&#x92A;&#x93E;&#x924; &#x915;&#x93F;&#x91F;</title><title lang="en">Medical Abortion Kit</title><image filename="/images/20822.png"/><location lang="hi">09_20822_hi.html</location><location lang="en">09_20822_en.html</location></activity></activities></section></structure></module>
