<?xml version="1.0"?>
<module><meta><versionid>20140827152620</versionid><priority>10</priority><server>http://ujjwal.oppia-mobile.org/</server><title lang="en">Benefits of family planning	   </title><shortname>us-benefits</shortname><description lang="en"></description><image filename="/images/21589.png"/><langs><lang>en</lang></langs></meta><structure><section order="1"><title lang="en">Basket of Choice</title><activities><activity type="page" order="1" digest="eb7d5f1c193510ed0c2c9ed0c004792620756"><title lang="en">Doctor Speaks</title><media><file filename="basket-of-choices.m4v" download_url="http://downloads.digital-campus.org/media/ujjwal/basket-of-choices.m4v" digest="1e330ba8642177d42c2fda2c8382170a" filesize="4894921" length="193"/></media><image filename="/images/20756.png"/><location lang="en">01_20756_en.html</location></activity><activity type="page" order="2" digest="5f7c3224c2d1f0326517ffaf4a24a55920757"><title lang="en">TVC</title><media><file filename="mehnat-spacing.m4v" download_url="http://downloads.digital-campus.org/media/ujjwal/mehnat-spacing.m4v" digest="a4186f306923e60263437eff68390d7f" filesize="1961852" length="71"/></media><image filename="/images/20757.png"/><location lang="en">01_20757_en.html</location></activity><activity type="page" order="3" digest="d5db85365154309e6da77919e56d6f8420614"><title lang="en">Entertainment Film</title><media><file filename="life-partner-ecp.m4v" download_url="http://downloads.digital-campus.org/media/ujjwal/life-partner-ecp.m4v" digest="78de72f734d64297b0829bb56e6aa180" filesize="22224585" length="523"/></media><image filename="/images/20614.png"/><location lang="en">01_20614_en.html</location></activity><activity type="page" order="4" digest="2ac8dee4a0fcbcc7a4ac465765f1247b20760"><title lang="en">Get information</title><location lang="en">01_20760_en.html</location></activity><activity type="page" order="5" digest="a0be0a5659fc01896ee26dbf3b57806f20765"><title lang="en">Action steps</title><location lang="en">01_20765_en.html</location></activity></activities></section><section order="2"><title lang="en">Delaying First Birth</title><activities><activity type="page" order="1" digest="89d5bf03614b54f972b57eb182f30e9b20759"><title lang="en">Doctor Speaks</title><media><file filename="life-partner-ecp.m4v" download_url="http://downloads.digital-campus.org/media/ujjwal/life-partner-ecp.m4v" digest="78de72f734d64297b0829bb56e6aa180" filesize="22224585" length="523"/></media><image filename="/images/20759.png"/><location lang="en">02_20759_en.html</location></activity><activity type="page" order="2" digest="256df192f49782f7904b5010642eb81020758"><title lang="en">TVC</title><media><file filename="aisi-bhi-kya-jaldi-hai-delaying.m4v" download_url="http://downloads.digital-campus.org/media/ujjwal/aisi-bhi-kya-jaldi-hai-delaying.m4v" digest="11603269fd1801b20024610db4f4cd11" filesize="2291435" length="72"/></media><image filename="/images/20758.png"/><location lang="en">02_20758_en.html</location></activity><activity type="page" order="3" digest="2ac8dee4a0fcbcc7a4ac465765f1247b20761"><title lang="en">Get information</title><location lang="en">02_20761_en.html</location></activity><activity type="page" order="4" digest="7bafc753596c20cb2f49ede0be5cc27920766"><title lang="en">Action steps</title><location lang="en">02_20766_en.html</location></activity></activities></section><section order="3"><title lang="en">Spacing</title><activities><activity type="page" order="1" digest="f7495f8e8654a3e0978613c7d221277420752"><title lang="en">Doctor Speaks</title><media><file filename="importance-of-spacing.m4v" download_url="http://downloads.digital-campus.org/media/ujjwal/importance-of-spacing.m4v" digest="9d0c19c7df814bca62b70d59bb573746" filesize="3519929" length="160"/></media><image filename="/images/20752.png"/><location lang="en">03_20752_en.html</location></activity><activity type="page" order="2" digest="5f7c3224c2d1f0326517ffaf4a24a55920755"><title lang="en">TVC</title><media><file filename="mehnat-spacing.m4v" download_url="http://downloads.digital-campus.org/media/ujjwal/mehnat-spacing.m4v" digest="a4186f306923e60263437eff68390d7f" filesize="1961852" length="71"/></media><image filename="/images/20755.png"/><location lang="en">03_20755_en.html</location></activity><activity type="page" order="3" digest="2ac8dee4a0fcbcc7a4ac465765f1247b20762"><title lang="en">Get information</title><location lang="en">03_20762_en.html</location></activity><activity type="page" order="4" digest="7bafc753596c20cb2f49ede0be5cc27920767"><title lang="en">Action steps</title><location lang="en">03_20767_en.html</location></activity></activities></section><section order="4"><title lang="en">Limiting</title><activities><activity type="page" order="1" digest="704d7804b6b650c980ef1d90f5e6aa2120754"><title lang="en">Doctor Speaks</title><media><file filename="importance-of-limiting.m4v" download_url="http://downloads.digital-campus.org/media/ujjwal/importance-of-limiting.m4v" digest="6a86223312d37ac3841dc060716be7ca" filesize="3692523" length="160"/></media><image filename="/images/20754.png"/><location lang="en">04_20754_en.html</location></activity><activity type="page" order="2" digest="2ac8dee4a0fcbcc7a4ac465765f1247b20763"><title lang="en">Get information</title><location lang="en">04_20763_en.html</location></activity><activity type="page" order="3" digest="7bafc753596c20cb2f49ede0be5cc27920768"><title lang="en">Action steps</title><location lang="en">04_20768_en.html</location></activity></activities></section><section order="5"><title lang="en">Age of Marriage</title><activities><activity type="page" order="1" digest="713c22b157b668bb968330ae1171d04c20751"><title lang="en">TVC</title><media><file filename="mard-ki-daad-age-at-marriage.m4v" download_url="http://downloads.digital-campus.org/media/ujjwal/mard-ki-daad-age-at-marriage.m4v" digest="cfddcd90ff9814906d70bcecba9f4e17" filesize="2236080" length="71"/></media><image filename="/images/20751.png"/><location lang="en">05_20751_en.html</location></activity><activity type="page" order="2" digest="2ac8dee4a0fcbcc7a4ac465765f1247b20764"><title lang="en">Get information</title><location lang="en">05_20764_en.html</location></activity><activity type="page" order="3" digest="7bafc753596c20cb2f49ede0be5cc27920769"><title lang="en">Action steps</title><location lang="en">05_20769_en.html</location></activity></activities></section></structure><media><file filename="basket-of-choices.m4v" download_url="http://downloads.digital-campus.org/media/ujjwal/basket-of-choices.m4v" digest="1e330ba8642177d42c2fda2c8382170a" filesize="4894921" length="193"/><file filename="mehnat-spacing.m4v" download_url="http://downloads.digital-campus.org/media/ujjwal/mehnat-spacing.m4v" digest="a4186f306923e60263437eff68390d7f" filesize="1961852" length="71"/><file filename="life-partner-ecp.m4v" download_url="http://downloads.digital-campus.org/media/ujjwal/life-partner-ecp.m4v" digest="78de72f734d64297b0829bb56e6aa180" filesize="22224585" length="523"/><file filename="aisi-bhi-kya-jaldi-hai-delaying.m4v" download_url="http://downloads.digital-campus.org/media/ujjwal/aisi-bhi-kya-jaldi-hai-delaying.m4v" digest="11603269fd1801b20024610db4f4cd11" filesize="2291435" length="72"/><file filename="importance-of-spacing.m4v" download_url="http://downloads.digital-campus.org/media/ujjwal/importance-of-spacing.m4v" digest="9d0c19c7df814bca62b70d59bb573746" filesize="3519929" length="160"/><file filename="importance-of-limiting.m4v" download_url="http://downloads.digital-campus.org/media/ujjwal/importance-of-limiting.m4v" digest="6a86223312d37ac3841dc060716be7ca" filesize="3692523" length="160"/><file filename="mard-ki-daad-age-at-marriage.m4v" download_url="http://downloads.digital-campus.org/media/ujjwal/mard-ki-daad-age-at-marriage.m4v" digest="cfddcd90ff9814906d70bcecba9f4e17" filesize="2236080" length="71"/></media></module>
