<?xml version="1.0"?>
<module><meta><versionid>20140725204013</versionid><priority>9</priority><server>http://demo.oppia-mobile.org/</server><title lang="en">Injectables</title><shortname>us-inj</shortname><description lang="en"></description><activity type="feedback" order="2" digest="a468a8f005238067d38c0643afb9220714726"><title lang="en">Client Pre-test</title><content lang="en">{"description":"Client Pre-test","id":1744,"lastupdated_date":"2014-07-25T18:27:52","owner":"\/api\/v1\/user\/1\/","props":{"courseversion":"20140725172826","digest":"a468a8f005238067d38c0643afb9220714726","maxscore":0},"questions":[{"id":17605,"order":1,"question":{"id":17812,"props":{"required":"true"},"responses":[],"title":"Name","type":"essay"}},{"id":17606,"order":2,"question":{"id":17813,"props":{"required":"true"},"responses":[],"title":"Age","type":"numerical"}},{"id":17607,"order":3,"question":{"id":17814,"props":{"required":"true"},"responses":[{"id":47530,"order":1,"props":{},"score":"0.00","title":"Male"},{"id":47531,"order":2,"props":{},"score":"0.00","title":"Female"}],"title":"Gender","type":"multichoice"}},{"id":17608,"order":4,"question":{"id":17815,"props":{"required":"true"},"responses":[{"id":47532,"order":1,"props":{},"score":"0.00","title":"Yes"},{"id":47533,"order":2,"props":{},"score":"0.00","title":"No"}],"title":"Are you currently pregnant\/ expecting a child?","type":"multichoice"}},{"id":17609,"order":5,"question":{"id":17816,"props":{"required":"false"},"responses":[{"id":47534,"order":1,"props":{},"score":"0.00","title":"0"},{"id":47535,"order":2,"props":{},"score":"0.00","title":"1"},{"id":47536,"order":3,"props":{},"score":"0.00","title":"2"},{"id":47537,"order":4,"props":{},"score":"0.00","title":"3"},{"id":47538,"order":5,"props":{},"score":"0.00","title":"4"},{"id":47539,"order":6,"props":{},"score":"0.00","title":"More than 4"}],"title":"How many children do you have?","type":"multichoice"}},{"id":17610,"order":6,"question":{"id":17817,"props":{"required":"true"},"responses":[{"id":47540,"order":1,"props":{},"score":"0.00","title":"Yes"},{"id":47541,"order":2,"props":{},"score":"0.00","title":"No"},{"id":47542,"order":3,"props":{},"score":"0.00","title":"Don't know\/can't say"}],"title":"Do you believe it is important to space children?","type":"multichoice"}},{"id":17611,"order":7,"question":{"id":17818,"props":{"required":"true"},"responses":[{"id":47543,"order":1,"props":{},"score":"0.00","title":"Yes"},{"id":47544,"order":2,"props":{},"score":"0.00","title":"No"},{"id":47545,"order":3,"props":{},"score":"0.00","title":"Don't know\/can't say"}],"title":"Do you believe it is important to limit family size?","type":"multichoice"}},{"id":17612,"order":8,"question":{"id":17819,"props":{"required":"true"},"responses":[{"id":47546,"order":1,"props":{},"score":"0.00","title":"Yes"},{"id":47547,"order":2,"props":{},"score":"0.00","title":"No"}],"title":"Are you aware of family planning?","type":"multichoice"}},{"id":17613,"order":9,"question":{"id":17820,"props":{"required":"true"},"responses":[{"id":47548,"order":1,"props":{},"score":"0.00","title":"OCPs"},{"id":47549,"order":2,"props":{},"score":"0.00","title":"Condom"},{"id":47550,"order":3,"props":{},"score":"0.00","title":"Injectables"},{"id":47551,"order":4,"props":{},"score":"0.00","title":"IUCD or Copper T"},{"id":47552,"order":5,"props":{},"score":"0.00","title":"Female Sterilization"},{"id":47553,"order":6,"props":{},"score":"0.00","title":"Male Sterilization"},{"id":47554,"order":7,"props":{},"score":"0.00","title":"ECP"},{"id":47555,"order":8,"props":{},"score":"0.00","title":"Other"}],"title":"Which of the following family planning option are you aware of?","type":"multiselect"}},{"id":17614,"order":10,"question":{"id":17821,"props":{"required":"false"},"responses":[],"title":"If you selected other then please specify here","type":"shortanswer"}},{"id":17615,"order":11,"question":{"id":17822,"props":{"required":"true"},"responses":[{"id":47556,"order":1,"props":{},"score":"0.00","title":"Yes"},{"id":47557,"order":2,"props":{},"score":"0.00","title":"No"}],"title":"Are you using of any the methods listed above?","type":"multichoice"}},{"id":17616,"order":12,"question":{"id":17823,"props":{"required":"false"},"responses":[{"id":47558,"order":1,"props":{},"score":"0.00","title":"Yes"},{"id":47559,"order":2,"props":{},"score":"0.00","title":"No"},{"id":47560,"order":3,"props":{},"score":"0.00","title":"Don't know\/can't say"}],"title":"Do you think family planning methods are safe to use?","type":"multichoice"}},{"id":17617,"order":13,"question":{"id":17824,"props":{"required":"true"},"responses":[{"id":47561,"order":1,"props":{},"score":"0.00","title":"Yes"},{"id":47562,"order":2,"props":{},"score":"0.00","title":"Perhaps, with some assistance"},{"id":47563,"order":3,"props":{},"score":"0.00","title":"No"},{"id":47564,"order":4,"props":{},"score":"0.00","title":"Not interested"}],"title":"Do you feel confident you will be able to use family planning?","type":"multichoice"}},{"id":17618,"order":14,"question":{"id":17825,"props":{"required":"true"},"responses":[{"id":47565,"order":1,"props":{},"score":"0.00","title":"Yes"},{"id":47566,"order":2,"props":{},"score":"0.00","title":"No"}],"title":"Do you intend to adopt family planning?","type":"multichoice"}},{"id":17619,"order":15,"question":{"id":17826,"props":{"required":"false"},"responses":[{"id":47567,"order":1,"props":{},"score":"0.00","title":"Today"},{"id":47568,"order":2,"props":{},"score":"0.00","title":"Within 1 week"},{"id":47569,"order":3,"props":{},"score":"0.00","title":"Within 2 weeks"},{"id":47570,"order":4,"props":{},"score":"0.00","title":"Within 1 month"},{"id":47571,"order":5,"props":{},"score":"0.00","title":"More than 1 month"},{"id":47572,"order":6,"props":{},"score":"0.00","title":"Never"}],"title":"How soon do you intend to begin using family planning?","type":"multichoice"}}],"resource_uri":"\/api\/v1\/quiz\/1744\/","title":"Client Pre-test"}</content></activity><image filename="/images/15618.png"/><langs><lang>en</lang></langs></meta><structure><section order="1"><title lang="en">Doctor Speaks</title><activities><activity type="page" order="1" digest="e0391758c882d7d51ac0a639ff2a0b2e14721"><title lang="en">Injectables</title><media><file filename="Injectables.m4v" download_url="http://downloads.digital-campus.org/media/ujjwal/injectables/Injectables.m4v" digest="b054afcd0ae9f7bcd26ebd955a6e4ee0" filesize="20737238" length="250"/></media><image filename="/images/14721.png"/><location lang="en">01_14721_en.html</location></activity></activities></section><section order="2"><title lang="en">Entertainment Films</title><activities><activity type="page" order="1" digest="7b0400000f0121a3c1cd4525b971212214722"><title lang="en">Love Befikr</title><media><file filename="love-befikr.m4v" download_url="http://downloads.digital-campus.org/media/ujjwal/injectables/love-befikr.m4v" digest="981f4d5a01b33748294e1915d5a62dfd" filesize="14313716" length="442"/></media><image filename="/images/14722.png"/><location lang="en">02_14722_en.html</location></activity></activities></section><section order="3"><title lang="en">Real Stories</title><activities><activity type="page" order="1" digest="d9d9cecea3b34a742bf446a858f4b25b14723"><title lang="en">Govind n Rachna</title><media><file filename="Govind-n-Rachna.m4v" download_url="http://downloads.digital-campus.org/media/ujjwal/injectables/Govind-n-Rachna.m4v" digest="a0192d0e3ebbfa304f2991f8252e7e29" filesize="34278623" length="150"/></media><image filename="/images/14723.png"/><location lang="en">03_14723_en.html</location></activity></activities></section><section order="4"><title lang="en">TV Advertisement</title><activities><activity type="page" order="1" digest="d8160b4a05474360b02752ec95b504e514724"><title lang="en">Rajesh Kumar</title><media><file filename="rajesh-kumar.m4v" download_url="http://downloads.digital-campus.org/media/ujjwal/injectables/rajesh-kumar.m4v" digest="e8fedd2d4b8e453192ab1ba1a18a9bee" filesize="13403589" length="61"/></media><image filename="/images/14724.png"/><location lang="en">04_14724_en.html</location></activity><activity type="page" order="2" digest="6331d0340fdb0410deeba51e858e807714725"><title lang="en">Excuse</title><media><file filename="advert.m4v" download_url="http://downloads.digital-campus.org/media/ujjwal/injectables/advert.m4v" digest="a926bbfe57c627cb315551cff8b0dc81" filesize="1267271" length="51"/></media><image filename="/images/14725.png"/><location lang="en">04_14725_en.html</location></activity></activities></section><section order="5"><title lang="en">Client Exit Interview</title><activities><activity type="feedback" order="1" digest="0eed06f943b1f1adc0b757ce25d76d9c14727"><title lang="en">Client Exit Interview</title><content lang="en">{"description":"Client Exit Interview","id":1745,"lastupdated_date":"2014-07-25T18:28:57","owner":"\/api\/v1\/user\/1\/","props":{"courseversion":"20140725172826","digest":"0eed06f943b1f1adc0b757ce25d76d9c14727","maxscore":0},"questions":[{"id":17620,"order":1,"question":{"id":17827,"props":{"required":"true"},"responses":[{"id":47573,"order":1,"props":{},"score":"0.00","title":"0"},{"id":47574,"order":2,"props":{},"score":"0.00","title":"1"},{"id":47575,"order":3,"props":{},"score":"0.00","title":"2"},{"id":47576,"order":4,"props":{},"score":"0.00","title":"3"},{"id":47577,"order":5,"props":{},"score":"0.00","title":"4"},{"id":47578,"order":6,"props":{},"score":"0.00","title":"More than 4"}],"title":"How many videos did you see?","type":"multichoice"}},{"id":17621,"order":2,"question":{"id":17828,"props":{"required":"false"},"responses":[{"id":47579,"order":1,"props":{},"score":"0.00","title":"Delaying the first child"},{"id":47580,"order":2,"props":{},"score":"0.00","title":"Spacing between children"},{"id":47581,"order":3,"props":{},"score":"0.00","title":"Limiting family size"},{"id":47582,"order":4,"props":{},"score":"0.00","title":"Unwanted pregnancy"},{"id":47583,"order":5,"props":{},"score":"0.00","title":"Post abortion family planning"},{"id":47584,"order":6,"props":{},"score":"0.00","title":"Family planning methods"}],"title":"What was the main message of the video(s) you watched?","type":"multiselect"}},{"id":17622,"order":3,"question":{"id":17829,"props":{"required":"false"},"responses":[{"id":47585,"order":1,"props":{},"score":"0.00","title":"Yes"},{"id":47586,"order":2,"props":{},"score":"0.00","title":"No"}],"title":"Was the information in the video(s) useful for you in selecting a family planning method?","type":"multichoice"}},{"id":17623,"order":4,"question":{"id":17830,"props":{"required":"false"},"responses":[{"id":47587,"order":1,"props":{},"score":"0.00","title":"Doctor Speaks"},{"id":47588,"order":2,"props":{},"score":"0.00","title":"Entertainment Films"},{"id":47589,"order":3,"props":{},"score":"0.00","title":"Real Stories"},{"id":47590,"order":4,"props":{},"score":"0.00","title":"TV Commercials"}],"title":"Which videos did you find most relevant?","type":"multiselect"}},{"id":17624,"order":5,"question":{"id":17831,"props":{"required":"true"},"responses":[{"id":47591,"order":1,"props":{},"score":"0.00","title":"Yes"},{"id":47592,"order":2,"props":{},"score":"0.00","title":"No"},{"id":47593,"order":3,"props":{},"score":"0.00","title":"Don't know\/can't say"}],"title":"Do you believe it is important to space children?","type":"multichoice"}},{"id":17625,"order":6,"question":{"id":17832,"props":{"required":"false"},"responses":[{"id":47594,"order":1,"props":{},"score":"0.00","title":"Yes"},{"id":47595,"order":2,"props":{},"score":"0.00","title":"No"},{"id":47596,"order":3,"props":{},"score":"0.00","title":"Don't know\/can't say"}],"title":"Do you believe it is important to limit family size?","type":"multichoice"}},{"id":17626,"order":7,"question":{"id":17833,"props":{"required":"true"},"responses":[{"id":47597,"order":1,"props":{},"score":"0.00","title":"Yes"},{"id":47598,"order":2,"props":{},"score":"0.00","title":"No"},{"id":47599,"order":3,"props":{},"score":"0.00","title":"Don't know\/Can't say"}],"title":"Do you think family planning methods are safe to use?","type":"multichoice"}},{"id":17627,"order":8,"question":{"id":17834,"props":{"required":"true"},"responses":[{"id":47600,"order":1,"props":{},"score":"0.00","title":"True"},{"id":47601,"order":2,"props":{},"score":"0.00","title":"False"},{"id":47602,"order":3,"props":{},"score":"0.00","title":"Don't know\/can't say"}],"title":"It is normal for women to have irregular periods \/ spotting when starting to use this method","type":"multichoice"}},{"id":17628,"order":9,"question":{"id":17835,"props":{"required":"true"},"responses":[{"id":47603,"order":1,"props":{},"score":"0.00","title":"True"},{"id":47604,"order":2,"props":{},"score":"0.00","title":"False"}],"title":"It is normal if a woman's period stops with regular use of this method","type":"multichoice"}},{"id":17629,"order":10,"question":{"id":17836,"props":{"required":"true"},"responses":[{"id":47605,"order":1,"props":{},"score":"0.00","title":"True"},{"id":47606,"order":2,"props":{},"score":"0.00","title":"False"}],"title":"If you use this method you will NOT be able to have another child","type":"multichoice"}},{"id":17630,"order":11,"question":{"id":17837,"props":{"required":"true"},"responses":[{"id":47607,"order":1,"props":{},"score":"0.00","title":"Yes"},{"id":47608,"order":2,"props":{},"score":"0.00","title":"Perhaps, with some assistance"},{"id":47609,"order":3,"props":{},"score":"0.00","title":"No"},{"id":47610,"order":4,"props":{},"score":"0.00","title":"Not interested"}],"title":"Do you feel confident you will be able to use family planning?","type":"multichoice"}},{"id":17631,"order":12,"question":{"id":17838,"props":{"required":"true"},"responses":[{"id":47611,"order":1,"props":{},"score":"0.00","title":"Yes"},{"id":47612,"order":2,"props":{},"score":"0.00","title":"No"}],"title":"Do you intend to adopt family planning?","type":"multichoice"}},{"id":17632,"order":13,"question":{"id":17839,"props":{"required":"true"},"responses":[{"id":47613,"order":1,"props":{},"score":"0.00","title":"Today"},{"id":47614,"order":2,"props":{},"score":"0.00","title":"Within 1 week"},{"id":47615,"order":3,"props":{},"score":"0.00","title":"Within 2 weeks"},{"id":47616,"order":4,"props":{},"score":"0.00","title":"Within 1 month"},{"id":47617,"order":5,"props":{},"score":"0.00","title":"Never"}],"title":"How soon do you intend to begin using family planning?","type":"multichoice"}},{"id":17633,"order":14,"question":{"id":17840,"props":{"required":"true"},"responses":[{"id":47618,"order":1,"props":{},"score":"0.00","title":"Consult with spouse and family"},{"id":47619,"order":2,"props":{},"score":"0.00","title":"Visit Ujjwal Clinic"},{"id":47620,"order":3,"props":{},"score":"0.00","title":"Call Ujjwal Helpline"},{"id":47621,"order":4,"props":{},"score":"0.00","title":"Visit PHC"},{"id":47622,"order":5,"props":{},"score":"0.00","title":"No action plan"}],"title":"How will you start family planning?","type":"multichoice"}},{"id":17634,"order":15,"question":{"id":17841,"props":{"required":"true"},"responses":[{"id":47623,"order":1,"props":{},"score":"0.00","title":"IUCD"},{"id":47624,"order":2,"props":{},"score":"0.00","title":"Pills"},{"id":47625,"order":3,"props":{},"score":"0.00","title":"Injectables"},{"id":47626,"order":4,"props":{},"score":"0.00","title":"Condom"},{"id":47627,"order":5,"props":{},"score":"0.00","title":"Female Sterilization"},{"id":47628,"order":6,"props":{},"score":"0.00","title":"Male Sterilization"}],"title":"Which family planning method will you choose?","type":"multichoice"}}],"resource_uri":"\/api\/v1\/quiz\/1745\/","title":"Client Exit Interview"}</content></activity></activities></section></structure><media><file filename="Injectables.m4v" download_url="http://downloads.digital-campus.org/media/ujjwal/injectables/Injectables.m4v" digest="b054afcd0ae9f7bcd26ebd955a6e4ee0" filesize="20737238" length="250"/><file filename="love-befikr.m4v" download_url="http://downloads.digital-campus.org/media/ujjwal/injectables/love-befikr.m4v" digest="981f4d5a01b33748294e1915d5a62dfd" filesize="14313716" length="442"/><file filename="Govind-n-Rachna.m4v" download_url="http://downloads.digital-campus.org/media/ujjwal/injectables/Govind-n-Rachna.m4v" digest="a0192d0e3ebbfa304f2991f8252e7e29" filesize="34278623" length="150"/><file filename="rajesh-kumar.m4v" download_url="http://downloads.digital-campus.org/media/ujjwal/injectables/rajesh-kumar.m4v" digest="e8fedd2d4b8e453192ab1ba1a18a9bee" filesize="13403589" length="61"/><file filename="advert.m4v" download_url="http://downloads.digital-campus.org/media/ujjwal/injectables/advert.m4v" digest="a926bbfe57c627cb315551cff8b0dc81" filesize="1267271" length="51"/></media></module>
