<?xml version="1.0"?>
<module><meta><versionid>20140908102715</versionid><priority>4</priority><server>http://ujjwal.oppia-mobile.org/</server><title lang="en">Adopting an FP method post partum</title><shortname>us-postpartum</shortname><description lang="en"></description><activity type="feedback" order="2" digest="567e6acf0fb2d7fdfbc0fbe9315300c120871"><title lang="en">Pre-Test</title><content lang="en">{"description":"Pre-Test","id":10,"lastupdated_date":"2014-08-30T06:14:07","owner":"\/api\/v1\/user\/1\/","props":{"courseversion":"20140830121422","digest":"567e6acf0fb2d7fdfbc0fbe9315300c120871","maxscore":0},"questions":[{"id":41,"order":1,"question":{"id":41,"props":{"required":"true"},"responses":[{"id":150,"order":1,"props":{},"score":"0.00","title":"True"},{"id":151,"order":2,"props":{},"score":"0.00","title":"False"}],"title":"If a women does not choose a method immediately after birth, she can still choose a method 6 weeks after giving birth.","type":"multichoice"}},{"id":42,"order":2,"question":{"id":42,"props":{"required":"true"},"responses":[{"id":152,"order":1,"props":{},"score":"0.00","title":"True"},{"id":153,"order":2,"props":{},"score":"0.00","title":"False"}],"title":"It is not healthy to begin using family planning after giving birth.","type":"multichoice"}},{"id":43,"order":3,"question":{"id":43,"props":{"required":"true"},"responses":[{"id":154,"order":1,"props":{},"score":"0.00","title":"True"},{"id":155,"order":2,"props":{},"score":"0.00","title":"False"}],"title":"Practicing family planning helps a woman regain her strength before having her next baby","type":"multichoice"}},{"id":44,"order":4,"question":{"id":44,"props":{"required":"true"},"responses":[{"id":156,"order":1,"props":{},"score":"0.00","title":"Yes"},{"id":157,"order":2,"props":{},"score":"0.00","title":"No"},{"id":158,"order":3,"props":{},"score":"0.00","title":"Unsure"}],"title":"Do you intend to use a family planning method?","type":"multichoice"}},{"id":45,"order":5,"question":{"id":45,"props":{"required":"true"},"responses":[{"id":159,"order":1,"props":{},"score":"0.00","title":"Today"},{"id":160,"order":2,"props":{},"score":"0.00","title":"1 week"},{"id":161,"order":3,"props":{},"score":"0.00","title":"1 month"},{"id":162,"order":4,"props":{},"score":"0.00","title":"more than 1 month"},{"id":163,"order":5,"props":{},"score":"0.00","title":"unsure"}],"title":"How soon do you intend to start using a family planning method?","type":"multichoice"}}],"resource_uri":"\/api\/v1\/quiz\/10\/","title":"Pre-Test"}</content></activity><image filename="/images/21624.png"/><langs><lang>hi</lang><lang>en</lang><lang>YY</lang><lang>XX</lang></langs></meta><structure><section order="1"><title lang="hi">&#x92A;&#x94D;&#x930;&#x938;&#x935; &#x909;&#x92A;&#x930;&#x93E;&#x902;&#x924; &#x92A;&#x930;&#x93F;&#x935;&#x93E;&#x930; &#x928;&#x93F;&#x92F;&#x94B;&#x91C;&#x928; </title><title lang="en">Postpartum Family Planning</title><activities><activity type="page" order="1" digest="4a5b70cc38927ddfa7c5b235786b7e0320626"><title lang="hi">&#x92A;&#x94D;&#x930;&#x938;&#x935; &#x909;&#x92A;&#x930;&#x93E;&#x902;&#x924; &#x92A;&#x930;&#x93F;&#x935;&#x93E;&#x930; &#x928;&#x93F;&#x92F;&#x94B;&#x91C;&#x928; </title><title lang="en">Postpartum Family Planning</title><image filename="/images/20626.png"/><location lang="en">01_20626_en.html</location></activity><activity type="page" order="2" digest="a2bb035d6900aaf56b87efb14e3714c920696"><title lang="hi">&#x921;&#x949;&#x915;&#x94D;&#x91F;&#x930; &#x92B;&#x93F;&#x932;&#x94D;&#x92E; </title><title lang="en">Doctor Speaks</title><media><file filename="doctor-speaks-on-post-partum-fp.m4v" download_url="http://downloads.digital-campus.org/media/ujjwal/doctor-speaks-on-post-partum-fp.m4v" digest="1aab67ca70f4ebd255869a009749a8da" filesize="4369993" length="180"/></media><image filename="/images/20696.png"/><location lang="en">01_20696_en.html</location></activity><activity type="page" order="3" digest="4ab9aad88e7405e01cb880b1c4d56c3320703"><title lang="hi">&#x938;&#x91A;&#x94D;&#x91A;&#x940; &#x915;&#x939;&#x93E;&#x928;&#x93F;&#x92F;&#x93E;&#x902; </title><title lang="en">Real Stories</title><media><file filename="ranjeet-and-deepika.m4v" download_url="http://downloads.digital-campus.org/media/ujjwal/ranjeet-and-deepika.m4v" digest="32aa75641771957c923f8a89d81ac482" filesize="3976525" length="178"/></media><image filename="/images/20703.png"/><location lang="en">01_20703_en.html</location></activity><activity type="page" order="4" digest="b910134df5c19b082c15659020eb9aca20710"><title lang="hi">&#x92E;&#x928;&#x94B;&#x930;&#x902;&#x91C;&#x915; &#x92B;&#x93F;&#x932;&#x94D;&#x92E;&#x947;&#x902; </title><title lang="en">Entertainment Films</title><media><file filename="double-badhai.m4v" download_url="http://downloads.digital-campus.org/media/ujjwal/double-badhai.m4v" digest="01c3b7413a0f3ce9c5a45075ad010ce2" filesize="13384521" length="499"/></media><image filename="/images/20710.png"/><location lang="en">01_20710_en.html</location></activity><activity type="page" order="5" digest="e38b8bf5b671ba7700a1d4829dfd223420799"><title lang="en">Get information</title><location lang="hi">01_20799_hi.html</location><location lang="en">01_20799_en.html</location></activity><activity type="page" order="6" digest="4adfe0819aa8e5f804cdab404684bfa420800"><title lang="hi">&#x915;&#x930;&#x935;&#x93E;&#x908; &#x915;&#x947; &#x91A;&#x930;&#x923;</title><title lang="en">Action Steps</title><location lang="hi">01_20800_hi.html</location><location lang="en">01_20800_en.html</location></activity></activities></section><section order="2"><title lang="hi">&#x906;&#x908;.&#x92F;&#x942;.&#x938;&#x947;.&#x921;&#x940;. </title><title lang="en">IUCD</title><activities><activity type="page" order="1" digest="4a5b70cc38927ddfa7c5b235786b7e0320817"><title lang="en">Postpartum IUCD</title><image filename="/images/20817.png"/><location lang="en">02_20817_en.html</location></activity><activity type="page" order="2" digest="3239f72beae9f99080da65858ed4bbe720697"><title lang="hi">&#x921;&#x949;&#x915;&#x94D;&#x91F;&#x930; &#x92B;&#x93F;&#x932;&#x94D;&#x92E; </title><title lang="en">Doctor Speaks</title><media><file filename="doctor-speaks-on-iucd.m4v" download_url="http://downloads.digital-campus.org/media/ujjwal/doctor-speaks-on-iucd.m4v" digest="3095ccc0d6405f85b53cfbb3dde1fd9d" filesize="8451962" length="345"/></media><image filename="/images/20697.png"/><location lang="en">02_20697_en.html</location></activity><activity type="page" order="3" digest="fb83678ce3cdc2f5760364cd2e0a3acd20704"><title lang="hi">&#x938;&#x91A;&#x94D;&#x91A;&#x940; &#x915;&#x939;&#x93E;&#x928;&#x93F;&#x92F;&#x93E;&#x902; </title><title lang="en">Real Stories</title><media><file filename="amrita-and-gajendra.m4v" download_url="http://downloads.digital-campus.org/media/ujjwal/amrita-and-gajendra.m4v" digest="c9ad170ecf1844a8685dbf08b83a50bf" filesize="8182807" length="180"/></media><image filename="/images/20704.png"/><location lang="en">02_20704_en.html</location></activity><activity type="page" order="4" digest="c819f4c096b91f86ef668f3cfbe131fc20711"><title lang="hi">&#x92E;&#x928;&#x94B;&#x930;&#x902;&#x91C;&#x915; &#x92B;&#x93F;&#x932;&#x94D;&#x92E;&#x947;&#x902; </title><title lang="en">Entertainment Films</title><media><file filename="right-choice.m4v" download_url="http://downloads.digital-campus.org/media/ujjwal/right-choice.m4v" digest="2d0aa6644b2802e831290229c93537b6" filesize="12883797" length="440"/></media><image filename="/images/20711.png"/><location lang="en">02_20711_en.html</location></activity><activity type="page" order="5" digest="9d9076af7dd8f03445ee69fff7bdc6d920718"><title lang="hi">&#x91F;&#x940;.&#x935;&#x940;. &#x935;&#x93F;&#x91C;&#x94D;&#x91E;&#x93E;&#x92A;&#x928; </title><title lang="en">TV Advertisements</title><media><file filename="upaya-ppiucd.m4v" download_url="http://downloads.digital-campus.org/media/ujjwal/upaya-ppiucd.m4v" digest="5919f8a2dc1c72ec6238f8dda26bfaf2" filesize="2178261" length="71"/></media><image filename="/images/20718.png"/><location lang="en">02_20718_en.html</location></activity><activity type="page" order="6" digest="a525e05d8a84ad2c859cacf27ea616ce20801"><title lang="en">Get information</title><location lang="hi">02_20801_hi.html</location><location lang="en">02_20801_en.html</location></activity><activity type="page" order="7" digest="018cc56df2cd94c4d7ee7376adc1ca9d20903"><title lang="hi">&#x915;&#x930;&#x935;&#x93E;&#x908; &#x915;&#x947; &#x91A;&#x930;&#x923;</title><title lang="en">Action Steps</title><location lang="hi">02_20903_hi.html</location><location lang="en">02_20903_en.html</location></activity></activities></section><section order="3"><title lang="hi">&#x917;&#x930;&#x94D;&#x92D;&#x928;&#x93F;&#x930;&#x94B;&#x927;&#x915; &#x938;&#x942;&#x908; </title><title lang="en">Injectable</title><activities><activity type="page" order="1" digest="21e795d0d21cbd444edcf0bc43aa8e4d20833"><title lang="hi">&#x917;&#x930;&#x94D;&#x92D;&#x928;&#x93F;&#x930;&#x94B;&#x927;&#x915; &#x938;&#x942;&#x908; </title><title lang="en">Injectable</title><image filename="/images/20833.png"/><location lang="en">03_20833_en.html</location></activity><activity type="page" order="2" digest="cc776cbe4dc555f6089a46f2890d553c20698"><title lang="hi">&#x921;&#x949;&#x915;&#x94D;&#x91F;&#x930; &#x92B;&#x93F;&#x932;&#x94D;&#x92E; </title><title lang="en">Doctor Speaks</title><media><file filename="doctor-speaks-on-injectable.m4v" download_url="http://downloads.digital-campus.org/media/ujjwal/doctor-speaks-on-injectable.m4v" digest="ab08306ca4722aa3bf450e417fdd39f6" filesize="6142156" length="250"/></media><image filename="/images/20698.png"/><location lang="en">03_20698_en.html</location></activity><activity type="page" order="3" digest="3282570c64dd60a0eacb42f8d52bfc0620705"><title lang="hi">&#x938;&#x91A;&#x94D;&#x91A;&#x940; &#x915;&#x939;&#x93E;&#x928;&#x93F;&#x92F;&#x93E;&#x902; </title><title lang="en">Real Stories</title><media><file filename="nishu-and-jitendra.m4v" download_url="http://downloads.digital-campus.org/media/ujjwal/nishu-and-jitendra.m4v" digest="ea08ab70165899d1c04e8c9ef24b191b" filesize="9974916" length="180"/><file filename="shamsun-and-aas-mohammed.m4v" download_url="http://downloads.digital-campus.org/media/ujjwal/shamsun-and-aas-mohammed.m4v" digest="c42e2f1e5bfc639ef85ad9b46a29894a" filesize="8359273" length="180"/></media><image filename="/images/20705.png"/><location lang="en">03_20705_en.html</location></activity><activity type="page" order="4" digest="327c6175e8e15ca6e4bad9dd2384e70620712"><title lang="hi">&#x92E;&#x928;&#x94B;&#x930;&#x902;&#x91C;&#x915; &#x92B;&#x93F;&#x932;&#x94D;&#x92E;&#x947;&#x902; </title><title lang="en">Entertainment Films</title><media><file filename="love-befikr.m4v" download_url="http://downloads.digital-campus.org/media/ujjwal/love-befikr.m4v" digest="cdc496f7575a277c232458828b311e45" filesize="14313716" length="442"/></media><image filename="/images/20712.png"/><location lang="en">03_20712_en.html</location></activity><activity type="page" order="5" digest="cc9894a8cb93256746cad13ed239143a20719"><title lang="hi">&#x91F;&#x940;.&#x935;&#x940;. &#x935;&#x93F;&#x91C;&#x94D;&#x91E;&#x93E;&#x92A;&#x928; </title><title lang="en">TV Advertisements</title><media><file filename="bahana.m4v" download_url="http://downloads.digital-campus.org/media/ujjwal/bahana.m4v" digest="a3e689f6f27af41fc00a6f4d1c397b3c" filesize="1267262" length="51"/></media><image filename="/images/20719.png"/><location lang="en">03_20719_en.html</location></activity><activity type="page" order="6" digest="b4a1c97631653e317944eba373c748ca20803"><title lang="en">Get information</title><location lang="hi">03_20803_hi.html</location><location lang="en">03_20803_en.html</location></activity><activity type="page" order="7" digest="018cc56df2cd94c4d7ee7376adc1ca9d20904"><title lang="hi">&#x915;&#x930;&#x935;&#x93E;&#x908; &#x915;&#x947; &#x91A;&#x930;&#x923;</title><title lang="en">Action Steps</title><location lang="hi">03_20904_hi.html</location><location lang="en">03_20904_en.html</location></activity></activities></section><section order="4"><title lang="hi">&#x915;&#x902;&#x921;&#x94B;&#x92E; </title><title lang="en">Condom</title><activities><activity type="page" order="1" digest="bd8388551776a62b3f523a4fd070a04220835"><title lang="hi">&#x915;&#x902;&#x921;&#x94B;&#x92E; </title><title lang="en">Condom</title><image filename="/images/20835.png"/><location lang="en">04_20835_en.html</location></activity><activity type="page" order="2" digest="570843f5fc340212b5c6e0ab2dd986b820699"><title lang="hi">&#x921;&#x949;&#x915;&#x94D;&#x91F;&#x930; &#x92B;&#x93F;&#x932;&#x94D;&#x92E; </title><title lang="en">Doctor Speaks</title><media><file filename="doctor-speaks-on-condom.m4v" download_url="http://downloads.digital-campus.org/media/ujjwal/doctor-speaks-on-condom.m4v" digest="eb2f0739f8c03c431c8eeb4eb966cc6b" filesize="3731126" length="227"/></media><image filename="/images/20699.png"/><location lang="en">04_20699_en.html</location></activity><activity type="page" order="3" digest="cc10667d9010c6e70969026ca82d578420706"><title lang="hi">&#x938;&#x91A;&#x94D;&#x91A;&#x940; &#x915;&#x939;&#x93E;&#x928;&#x93F;&#x92F;&#x93E;&#x902; </title><title lang="en">Real Stories</title><media><file filename="raj-kumar-and-suman.m4v" download_url="http://downloads.digital-campus.org/media/ujjwal/raj-kumar-and-suman.m4v" digest="01f01a1a7f9e5277489b6ea1eeef8dbb" filesize="4742281" length="169"/></media><image filename="/images/20706.png"/><location lang="en">04_20706_en.html</location></activity><activity type="page" order="4" digest="c0dbfe7037ec2f0fd28c3d65216f1ca420713"><title lang="hi">&#x92E;&#x928;&#x94B;&#x930;&#x902;&#x91C;&#x915; &#x92B;&#x93F;&#x932;&#x94D;&#x92E;&#x947;&#x902; </title><title lang="en">Entertainment Films</title><media><file filename="smart-soch.m4v" download_url="http://downloads.digital-campus.org/media/ujjwal/smart-soch.m4v" digest="4ee512c4fd54c2e481a085ebb43e6c6e" filesize="17877131" length="499"/></media><image filename="/images/20713.png"/><location lang="en">04_20713_en.html</location></activity><activity type="page" order="5" digest="2a080ff1247faa42a27edd04994b9ff020805"><title lang="YY">Get Condom Info</title><title lang="XX">Get Condom Info</title><location lang="en">04_20805_en.html</location></activity><activity type="page" order="6" digest="018cc56df2cd94c4d7ee7376adc1ca9d20905"><title lang="hi">&#x915;&#x930;&#x935;&#x93E;&#x908; &#x915;&#x947; &#x91A;&#x930;&#x923;</title><title lang="en">Action Steps</title><location lang="hi">04_20905_hi.html</location><location lang="en">04_20905_en.html</location></activity></activities></section><section order="5"><title lang="hi">&#x917;&#x930;&#x94D;&#x92D; &#x928;&#x93F;&#x930;&#x94B;&#x927;&#x915; &#x917;&#x94B;&#x932;&#x940; </title><title lang="en">OCP</title><activities><activity type="page" order="1" digest="220a352e040ccc46aabe3f3491d37b6820836"><title lang="hi">&#x917;&#x930;&#x94D;&#x92D; &#x928;&#x93F;&#x930;&#x94B;&#x927;&#x915; &#x917;&#x94B;&#x932;&#x940; </title><title lang="en">OCP</title><image filename="/images/20836.png"/><location lang="en">05_20836_en.html</location></activity><activity type="page" order="2" digest="8d5611f8b5ab2872c66739977269990920700"><title lang="hi">&#x921;&#x949;&#x915;&#x94D;&#x91F;&#x930; &#x92B;&#x93F;&#x932;&#x94D;&#x92E; </title><title lang="en">Doctor Speaks</title><media><file filename="doctor-speaks-on-ocp.m4v" download_url="http://downloads.digital-campus.org/media/ujjwal/doctor-speaks-on-ocp.m4v" digest="9ebcc29dc792259283e8d495ebae4b03" filesize="7530833" length="304"/></media><image filename="/images/20700.png"/><location lang="en">05_20700_en.html</location></activity><activity type="page" order="3" digest="e368fd7a74c2bec1a5a0fcb90b42204020707"><title lang="hi">&#x938;&#x91A;&#x94D;&#x91A;&#x940; &#x915;&#x939;&#x93E;&#x928;&#x93F;&#x92F;&#x93E;&#x902; </title><title lang="en">Real Stories</title><media><file filename="sarita-and-raj-kishore.m4v" download_url="http://downloads.digital-campus.org/media/ujjwal/sarita-and-raj-kishore.m4v" digest="1389ec0a080ca9b3b39bfe357c78c46e" filesize="8110915" length="180"/></media><image filename="/images/20707.png"/><location lang="en">05_20707_en.html</location></activity><activity type="page" order="4" digest="155a96b8db2325e66ad8c40fe6f2aa8b20807"><title lang="hi">&#x917;&#x930;&#x94D;&#x92D; &#x928;&#x93F;&#x930;&#x94B;&#x927;&#x915; &#x917;&#x94B;&#x932;&#x940; </title><title lang="en">OCP</title><location lang="hi">05_20807_hi.html</location><location lang="en">05_20807_en.html</location></activity><activity type="page" order="5" digest="018cc56df2cd94c4d7ee7376adc1ca9d20906"><title lang="hi">&#x915;&#x930;&#x935;&#x93E;&#x908; &#x915;&#x947; &#x91A;&#x930;&#x923;</title><title lang="en">Action Steps</title><location lang="hi">05_20906_hi.html</location><location lang="en">05_20906_en.html</location></activity></activities></section><section order="6"><title lang="hi">&#x92E;&#x939;&#x93F;&#x932;&#x93E; &#x928;&#x938;&#x92C;&#x902;&#x926;&#x940;  </title><title lang="en">Get Female Sterilization</title><activities><activity type="page" order="1" digest="5e338251cb46f10adbdfb527a14e513b20837"><title lang="hi">&#x92E;&#x939;&#x93F;&#x932;&#x93E; &#x928;&#x938;&#x92C;&#x902;&#x926;&#x940;  </title><title lang="en">Female Sterilization</title><image filename="/images/20837.png"/><location lang="en">06_20837_en.html</location></activity><activity type="page" order="2" digest="874858721bb40a6d27bcf9456a94973320701"><title lang="hi">&#x921;&#x949;&#x915;&#x94D;&#x91F;&#x930; &#x92B;&#x93F;&#x932;&#x94D;&#x92E; </title><title lang="en">Doctor Speaks</title><media><file filename="doctor-speaks-on-female-sterilisation.m4v" download_url="http://downloads.digital-campus.org/media/ujjwal/doctor-speaks-on-female-sterilisation.m4v" digest="4d245381d44d7e3a533d7b915d268eb8" filesize="8038494" length="295"/></media><image filename="/images/20701.png"/><location lang="en">06_20701_en.html</location></activity><activity type="page" order="3" digest="e7f73fe50efc86a30d30fd372a8edebb20708"><title lang="hi">&#x938;&#x91A;&#x94D;&#x91A;&#x940; &#x915;&#x939;&#x93E;&#x928;&#x93F;&#x92F;&#x93E;&#x902; </title><title lang="en">Real Stories</title><media><file filename="sangeeta-and-amresh.m4v" download_url="http://downloads.digital-campus.org/media/ujjwal/sangeeta-and-amresh.m4v" digest="7a140d550832220ca21a4b3136dea6e9" filesize="8595856" length="180"/></media><image filename="/images/20708.png"/><location lang="en">06_20708_en.html</location></activity><activity type="page" order="4" digest="b910134df5c19b082c15659020eb9aca20714"><title lang="hi">&#x92E;&#x928;&#x94B;&#x930;&#x902;&#x91C;&#x915; &#x92B;&#x93F;&#x932;&#x94D;&#x92E;&#x947;&#x902; </title><title lang="en">Entertainment Films</title><media><file filename="double-badhai.m4v" download_url="http://downloads.digital-campus.org/media/ujjwal/double-badhai.m4v" digest="01c3b7413a0f3ce9c5a45075ad010ce2" filesize="13384521" length="499"/></media><image filename="/images/20714.png"/><location lang="en">06_20714_en.html</location></activity><activity type="page" order="5" digest="a244ff6680d59aef4d3e95aa7be6935f20717"><title lang="hi">&#x91F;&#x940;.&#x935;&#x940;. &#x935;&#x93F;&#x91C;&#x94D;&#x91E;&#x93E;&#x92A;&#x928; </title><title lang="en">TV Advertisements</title><media><file filename="bunty-and-wife.m4v" download_url="http://downloads.digital-campus.org/media/ujjwal/bunty-and-wife.m4v" digest="1daae3885fbbfdc907e3bbca2b23b4d1" filesize="2802034" length="72"/></media><image filename="/images/20717.png"/><location lang="en">06_20717_en.html</location></activity><activity type="page" order="6" digest="e38b8bf5b671ba7700a1d4829dfd223420810"><title lang="en">Get Information</title><location lang="hi">06_20810_hi.html</location><location lang="en">06_20810_en.html</location></activity><activity type="page" order="7" digest="018cc56df2cd94c4d7ee7376adc1ca9d20907"><title lang="hi">&#x915;&#x930;&#x935;&#x93E;&#x908; &#x915;&#x947; &#x91A;&#x930;&#x923;</title><title lang="en">Action Steps</title><location lang="hi">06_20907_hi.html</location><location lang="en">06_20907_en.html</location></activity></activities></section><section order="7"><title lang="hi">&#x90F;&#x928;.&#x90F;&#x938;.&#x935;&#x940;.(&#x92A;&#x941;&#x930;&#x941;&#x937; &#x928;&#x938;&#x92C;&#x902;&#x926;&#x940;) &#x915;&#x940; &#x91C;&#x93E;&#x928;&#x915;&#x93E;&#x930;&#x940;</title><title lang="en">NSV (Male Sterilization) Information</title><activities><activity type="page" order="1" digest="2557a511e56d790a5acb25c5a1bec26220831"><title lang="hi">&#x90F;&#x928;.&#x90F;&#x938;.&#x935;&#x940;.(&#x92A;&#x941;&#x930;&#x941;&#x937; &#x928;&#x938;&#x92C;&#x902;&#x926;&#x940;) &#x915;&#x940; &#x91C;&#x93E;&#x928;&#x915;&#x93E;&#x930;&#x940;</title><title lang="en">NSV (Male Sterilization) Information</title><image filename="/images/20831.png"/><location lang="en">07_20831_en.html</location></activity><activity type="page" order="2" digest="ffe996751883c338619435549d67d9f420702"><title lang="hi">&#x921;&#x949;&#x915;&#x94D;&#x91F;&#x930; &#x92B;&#x93F;&#x932;&#x94D;&#x92E; </title><title lang="en">Doctor Speaks</title><media><file filename="doctor-speaks-on-nsv.m4v" download_url="http://downloads.digital-campus.org/media/ujjwal/doctor-speaks-on-nsv.m4v" digest="3e987d62ebd7e3c7ecf6aa58cbdb9938" filesize="5908493" length="247"/></media><image filename="/images/20702.png"/><location lang="en">07_20702_en.html</location></activity><activity type="page" order="3" digest="e4048ed941af258b3527f460a9113e3920709"><title lang="hi"> &#x938;&#x91A;&#x94D;&#x91A;&#x940; &#x915;&#x939;&#x93E;&#x928;&#x93F;&#x92F;&#x93E;&#x902; </title><title lang="en"> Real Stories</title><media><file filename="shubham-and-poonam.m4v" download_url="http://downloads.digital-campus.org/media/ujjwal/shubham-and-poonam.m4v" digest="376096c5faa46bb83e0865ff37c1d406" filesize="7747287" length="180"/></media><image filename="/images/20709.png"/><location lang="en">07_20709_en.html</location></activity><activity type="page" order="4" digest="4e021791c13446f00a708a5a3df5280220715"><title lang="hi">&#x92E;&#x928;&#x94B;&#x930;&#x902;&#x91C;&#x915; &#x92B;&#x93F;&#x932;&#x94D;&#x92E;&#x947;&#x902; </title><title lang="en">Entertainment Films</title><media><file filename="asli-dabangg.m4v" download_url="http://downloads.digital-campus.org/media/ujjwal/asli-dabangg.m4v" digest="73043300268362dd5410db827ec4bac7" filesize="21658083" length="588"/></media><image filename="/images/20715.png"/><location lang="en">07_20715_en.html</location></activity><activity type="page" order="5" digest="4d8ce6fcbe4d9f2d319be817cc495e1620716"><title lang="hi">&#x91F;&#x940;.&#x935;&#x940;. &#x935;&#x93F;&#x91C;&#x94D;&#x91E;&#x93E;&#x92A;&#x928; </title><title lang="en">TV Advertisements</title><media><file filename="munna-ki-kahani.m4v" download_url="http://downloads.digital-campus.org/media/ujjwal/munna-ki-kahani.m4v" digest="ee1493df1ae1e15879ae9c4c54f675b4" filesize="2648961" length="71"/></media><image filename="/images/20716.png"/><location lang="en">07_20716_en.html</location></activity><activity type="page" order="6" digest="3ca415fad08dd198a2c235d1e8a4e48e20811"><title lang="hi">&#x90F;&#x928;.&#x90F;&#x938;.&#x935;&#x940;.(&#x92A;&#x941;&#x930;&#x941;&#x937; &#x928;&#x938;&#x92C;&#x902;&#x926;&#x940;) &#x915;&#x940; &#x91C;&#x93E;&#x928;&#x915;&#x93E;&#x930;&#x940;</title><title lang="en">NSV (Male Sterilization) Information</title><location lang="hi">07_20811_hi.html</location><location lang="en">07_20811_en.html</location></activity><activity type="page" order="7" digest="018cc56df2cd94c4d7ee7376adc1ca9d20908"><title lang="hi">&#x915;&#x930;&#x935;&#x93E;&#x908; &#x915;&#x947; &#x91A;&#x930;&#x923;</title><title lang="en">Action Steps</title><location lang="hi">07_20908_hi.html</location><location lang="en">07_20908_en.html</location></activity></activities></section><section order="8"><title lang="en">Post test</title><activities><activity type="feedback" order="1" digest="e465eaa500bb506a26df51b50e1fd4bd20872"><title lang="en">Post-Test</title><content lang="en">{"description":"Post test","id":11,"lastupdated_date":"2014-08-30T06:14:20","owner":"\/api\/v1\/user\/1\/","props":{"courseversion":"20140830121422","digest":"e465eaa500bb506a26df51b50e1fd4bd20872","maxscore":0},"questions":[{"id":46,"order":1,"question":{"id":46,"props":{"required":"true"},"responses":[{"id":164,"order":1,"props":{},"score":"0.00","title":"True"},{"id":165,"order":2,"props":{},"score":"0.00","title":"False"}],"title":"If a women does not choose a method immediately after birth, she can still choose a method 6 weeks after giving birth.","type":"multichoice"}},{"id":47,"order":2,"question":{"id":47,"props":{"required":"true"},"responses":[{"id":166,"order":1,"props":{},"score":"0.00","title":"True"},{"id":167,"order":2,"props":{},"score":"0.00","title":"False"}],"title":"It is not healthy to begin using family planning after giving birth.","type":"multichoice"}},{"id":48,"order":3,"question":{"id":48,"props":{"required":"true"},"responses":[{"id":168,"order":1,"props":{},"score":"0.00","title":"True"},{"id":169,"order":2,"props":{},"score":"0.00","title":"False"}],"title":"Practicing family planning helps a woman regain her strength before having her next baby","type":"multichoice"}},{"id":49,"order":4,"question":{"id":49,"props":{"required":"true"},"responses":[{"id":170,"order":1,"props":{},"score":"0.00","title":"Yes"},{"id":171,"order":2,"props":{},"score":"0.00","title":"No"},{"id":172,"order":3,"props":{},"score":"0.00","title":"Unsure"}],"title":"Do you intend to use a family planning method?","type":"multichoice"}},{"id":50,"order":5,"question":{"id":50,"props":{"required":"true"},"responses":[{"id":173,"order":1,"props":{},"score":"0.00","title":"Today"},{"id":174,"order":2,"props":{},"score":"0.00","title":"1 week"},{"id":175,"order":3,"props":{},"score":"0.00","title":"1 month"},{"id":176,"order":4,"props":{},"score":"0.00","title":"more than 1 month"},{"id":177,"order":5,"props":{},"score":"0.00","title":"unsure"}],"title":"How soon do you intend to start using a family planning method?","type":"multichoice"}}],"resource_uri":"\/api\/v1\/quiz\/11\/","title":"Post-Test"}</content></activity></activities></section></structure><media><file filename="doctor-speaks-on-post-partum-fp.m4v" download_url="http://downloads.digital-campus.org/media/ujjwal/doctor-speaks-on-post-partum-fp.m4v" digest="1aab67ca70f4ebd255869a009749a8da" filesize="4369993" length="180"/><file filename="ranjeet-and-deepika.m4v" download_url="http://downloads.digital-campus.org/media/ujjwal/ranjeet-and-deepika.m4v" digest="32aa75641771957c923f8a89d81ac482" filesize="3976525" length="178"/><file filename="double-badhai.m4v" download_url="http://downloads.digital-campus.org/media/ujjwal/double-badhai.m4v" digest="01c3b7413a0f3ce9c5a45075ad010ce2" filesize="13384521" length="499"/><file filename="doctor-speaks-on-iucd.m4v" download_url="http://downloads.digital-campus.org/media/ujjwal/doctor-speaks-on-iucd.m4v" digest="3095ccc0d6405f85b53cfbb3dde1fd9d" filesize="8451962" length="345"/><file filename="amrita-and-gajendra.m4v" download_url="http://downloads.digital-campus.org/media/ujjwal/amrita-and-gajendra.m4v" digest="c9ad170ecf1844a8685dbf08b83a50bf" filesize="8182807" length="180"/><file filename="right-choice.m4v" download_url="http://downloads.digital-campus.org/media/ujjwal/right-choice.m4v" digest="2d0aa6644b2802e831290229c93537b6" filesize="12883797" length="440"/><file filename="upaya-ppiucd.m4v" download_url="http://downloads.digital-campus.org/media/ujjwal/upaya-ppiucd.m4v" digest="5919f8a2dc1c72ec6238f8dda26bfaf2" filesize="2178261" length="71"/><file filename="doctor-speaks-on-injectable.m4v" download_url="http://downloads.digital-campus.org/media/ujjwal/doctor-speaks-on-injectable.m4v" digest="ab08306ca4722aa3bf450e417fdd39f6" filesize="6142156" length="250"/><file filename="nishu-and-jitendra.m4v" download_url="http://downloads.digital-campus.org/media/ujjwal/nishu-and-jitendra.m4v" digest="ea08ab70165899d1c04e8c9ef24b191b" filesize="9974916" length="180"/><file filename="shamsun-and-aas-mohammed.m4v" download_url="http://downloads.digital-campus.org/media/ujjwal/shamsun-and-aas-mohammed.m4v" digest="c42e2f1e5bfc639ef85ad9b46a29894a" filesize="8359273" length="180"/><file filename="love-befikr.m4v" download_url="http://downloads.digital-campus.org/media/ujjwal/love-befikr.m4v" digest="cdc496f7575a277c232458828b311e45" filesize="14313716" length="442"/><file filename="bahana.m4v" download_url="http://downloads.digital-campus.org/media/ujjwal/bahana.m4v" digest="a3e689f6f27af41fc00a6f4d1c397b3c" filesize="1267262" length="51"/><file filename="doctor-speaks-on-condom.m4v" download_url="http://downloads.digital-campus.org/media/ujjwal/doctor-speaks-on-condom.m4v" digest="eb2f0739f8c03c431c8eeb4eb966cc6b" filesize="3731126" length="227"/><file filename="raj-kumar-and-suman.m4v" download_url="http://downloads.digital-campus.org/media/ujjwal/raj-kumar-and-suman.m4v" digest="01f01a1a7f9e5277489b6ea1eeef8dbb" filesize="4742281" length="169"/><file filename="smart-soch.m4v" download_url="http://downloads.digital-campus.org/media/ujjwal/smart-soch.m4v" digest="4ee512c4fd54c2e481a085ebb43e6c6e" filesize="17877131" length="499"/><file filename="doctor-speaks-on-ocp.m4v" download_url="http://downloads.digital-campus.org/media/ujjwal/doctor-speaks-on-ocp.m4v" digest="9ebcc29dc792259283e8d495ebae4b03" filesize="7530833" length="304"/><file filename="sarita-and-raj-kishore.m4v" download_url="http://downloads.digital-campus.org/media/ujjwal/sarita-and-raj-kishore.m4v" digest="1389ec0a080ca9b3b39bfe357c78c46e" filesize="8110915" length="180"/><file filename="doctor-speaks-on-female-sterilisation.m4v" download_url="http://downloads.digital-campus.org/media/ujjwal/doctor-speaks-on-female-sterilisation.m4v" digest="4d245381d44d7e3a533d7b915d268eb8" filesize="8038494" length="295"/><file filename="sangeeta-and-amresh.m4v" download_url="http://downloads.digital-campus.org/media/ujjwal/sangeeta-and-amresh.m4v" digest="7a140d550832220ca21a4b3136dea6e9" filesize="8595856" length="180"/><file filename="bunty-and-wife.m4v" download_url="http://downloads.digital-campus.org/media/ujjwal/bunty-and-wife.m4v" digest="1daae3885fbbfdc907e3bbca2b23b4d1" filesize="2802034" length="72"/><file filename="doctor-speaks-on-nsv.m4v" download_url="http://downloads.digital-campus.org/media/ujjwal/doctor-speaks-on-nsv.m4v" digest="3e987d62ebd7e3c7ecf6aa58cbdb9938" filesize="5908493" length="247"/><file filename="shubham-and-poonam.m4v" download_url="http://downloads.digital-campus.org/media/ujjwal/shubham-and-poonam.m4v" digest="376096c5faa46bb83e0865ff37c1d406" filesize="7747287" length="180"/><file filename="asli-dabangg.m4v" download_url="http://downloads.digital-campus.org/media/ujjwal/asli-dabangg.m4v" digest="73043300268362dd5410db827ec4bac7" filesize="21658083" length="588"/><file filename="munna-ki-kahani.m4v" download_url="http://downloads.digital-campus.org/media/ujjwal/munna-ki-kahani.m4v" digest="ee1493df1ae1e15879ae9c4c54f675b4" filesize="2648961" length="71"/></media></module>
