<?xml version="1.0"?>
<module><meta><versionid>20140725203925</versionid><priority>5</priority><server>http://demo.oppia-mobile.org/</server><title lang="en">Unwanted Pregnancy</title><shortname>us-up</shortname><description lang="en"></description><activity type="feedback" order="2" digest="f89c873479bda66d6325cb432cf096ab20553"><title lang="en">Client Pre-test</title><content lang="en">{"description":"Client Pre-test","id":1754,"lastupdated_date":"2014-07-25T19:45:28","owner":"\/api\/v1\/user\/1\/","props":{"courseversion":"20140725184602","digest":"f89c873479bda66d6325cb432cf096ab20553","maxscore":0},"questions":[{"id":17755,"order":1,"question":{"id":17962,"props":{"required":"true"},"responses":[],"title":"Name","type":"essay"}},{"id":17756,"order":2,"question":{"id":17963,"props":{"required":"true"},"responses":[],"title":"Age","type":"numerical"}},{"id":17757,"order":3,"question":{"id":17964,"props":{"required":"true"},"responses":[{"id":48029,"order":1,"props":{},"score":"0.00","title":"Male"},{"id":48030,"order":2,"props":{},"score":"0.00","title":"Female"}],"title":"Gender","type":"multichoice"}},{"id":17758,"order":4,"question":{"id":17965,"props":{"required":"true"},"responses":[{"id":48031,"order":1,"props":{},"score":"0.00","title":"Yes"},{"id":48032,"order":2,"props":{},"score":"0.00","title":"No"}],"title":"Are you currently pregnant\/ expecting a child?","type":"multichoice"}},{"id":17759,"order":5,"question":{"id":17966,"props":{"required":"false"},"responses":[{"id":48033,"order":1,"props":{},"score":"0.00","title":"0"},{"id":48034,"order":2,"props":{},"score":"0.00","title":"1"},{"id":48035,"order":3,"props":{},"score":"0.00","title":"2"},{"id":48036,"order":4,"props":{},"score":"0.00","title":"3"},{"id":48037,"order":5,"props":{},"score":"0.00","title":"4"},{"id":48038,"order":6,"props":{},"score":"0.00","title":"More than 4"}],"title":"How many children do you have?","type":"multichoice"}},{"id":17760,"order":6,"question":{"id":17967,"props":{"required":"true"},"responses":[{"id":48039,"order":1,"props":{},"score":"0.00","title":"Yes"},{"id":48040,"order":2,"props":{},"score":"0.00","title":"No"},{"id":48041,"order":3,"props":{},"score":"0.00","title":"Don't know\/can't say"}],"title":"Do you believe it is important to space children?","type":"multichoice"}},{"id":17761,"order":7,"question":{"id":17968,"props":{"required":"true"},"responses":[{"id":48042,"order":1,"props":{},"score":"0.00","title":"Yes"},{"id":48043,"order":2,"props":{},"score":"0.00","title":"No"},{"id":48044,"order":3,"props":{},"score":"0.00","title":"Don't know\/can't say"}],"title":"Do you believe it is important to limit family size?","type":"multichoice"}},{"id":17762,"order":8,"question":{"id":17969,"props":{"required":"true"},"responses":[{"id":48045,"order":1,"props":{},"score":"0.00","title":"Yes"},{"id":48046,"order":2,"props":{},"score":"0.00","title":"No"}],"title":"Are you aware of family planning?","type":"multichoice"}},{"id":17763,"order":9,"question":{"id":17970,"props":{"required":"true"},"responses":[{"id":48047,"order":1,"props":{},"score":"0.00","title":"OCPs"},{"id":48048,"order":2,"props":{},"score":"0.00","title":"Condom"},{"id":48049,"order":3,"props":{},"score":"0.00","title":"Injectables"},{"id":48050,"order":4,"props":{},"score":"0.00","title":"IUCD or Copper T"},{"id":48051,"order":5,"props":{},"score":"0.00","title":"Female Sterilization"},{"id":48052,"order":6,"props":{},"score":"0.00","title":"Male Sterilization"},{"id":48053,"order":7,"props":{},"score":"0.00","title":"ECP"},{"id":48054,"order":8,"props":{},"score":"0.00","title":"Other"}],"title":"Which of the following family planning option are you aware of?","type":"multiselect"}},{"id":17764,"order":10,"question":{"id":17971,"props":{"required":"false"},"responses":[],"title":"If you selected other then please specify here","type":"shortanswer"}},{"id":17765,"order":11,"question":{"id":17972,"props":{"required":"true"},"responses":[{"id":48055,"order":1,"props":{},"score":"0.00","title":"Yes"},{"id":48056,"order":2,"props":{},"score":"0.00","title":"No"}],"title":"Are you using of any the methods listed above?","type":"multichoice"}},{"id":17766,"order":12,"question":{"id":17973,"props":{"required":"false"},"responses":[{"id":48057,"order":1,"props":{},"score":"0.00","title":"Yes"},{"id":48058,"order":2,"props":{},"score":"0.00","title":"No"},{"id":48059,"order":3,"props":{},"score":"0.00","title":"Don't know\/can't say"}],"title":"Do you think family planning methods are safe to use?","type":"multichoice"}},{"id":17767,"order":13,"question":{"id":17974,"props":{"required":"true"},"responses":[{"id":48060,"order":1,"props":{},"score":"0.00","title":"Yes"},{"id":48061,"order":2,"props":{},"score":"0.00","title":"Perhaps, with some assistance"},{"id":48062,"order":3,"props":{},"score":"0.00","title":"No"},{"id":48063,"order":4,"props":{},"score":"0.00","title":"Not interested"}],"title":"Do you feel confident you will be able to use family planning?","type":"multichoice"}},{"id":17768,"order":14,"question":{"id":17975,"props":{"required":"true"},"responses":[{"id":48064,"order":1,"props":{},"score":"0.00","title":"Yes"},{"id":48065,"order":2,"props":{},"score":"0.00","title":"No"}],"title":"Do you intend to adopt family planning?","type":"multichoice"}},{"id":17769,"order":15,"question":{"id":17976,"props":{"required":"false"},"responses":[{"id":48066,"order":1,"props":{},"score":"0.00","title":"Today"},{"id":48067,"order":2,"props":{},"score":"0.00","title":"Within 1 week"},{"id":48068,"order":3,"props":{},"score":"0.00","title":"Within 2 weeks"},{"id":48069,"order":4,"props":{},"score":"0.00","title":"Within 1 month"},{"id":48070,"order":5,"props":{},"score":"0.00","title":"More than 1 month"},{"id":48071,"order":6,"props":{},"score":"0.00","title":"Never"}],"title":"How soon do you intend to begin using family planning?","type":"multichoice"}}],"resource_uri":"\/api\/v1\/quiz\/1754\/","title":"Client Pre-test"}</content></activity><image filename="/images/21505.png"/><langs><lang>en</lang></langs></meta><structure><section order="1"><title lang="en">Doctor Speaks</title><activities><activity type="page" order="1" digest="d2219747b0497d06e1f3cef8f9c303a720554"><title lang="en">&#x906;&#x908;.&#x92F;&#x942;.&#x938;&#x940;.&#x921;&#x940;</title><media><file filename="iucd-ailulsil.m4v" download_url="http://downloads.digital-campus.org/media/ujjwal/iucd/iucd-ailulsil.m4v" digest="0205d436790267760fbb886221eb0c73" filesize="8451954" length="345"/></media><image filename="/images/20554.png"/><location lang="en">01_20554_en.html</location></activity></activities></section><section order="2"><title lang="en">Entertainment Films</title><activities><activity type="page" order="1" digest="05e9b31da8fe520bd60bc62aea076f6d20555"><title lang="en">&#x930;&#x93E;&#x908;&#x91F; &#x91A;&#x949;&#x907;&#x938;</title><media><file filename="iucd-right-choice.m4v" download_url="http://downloads.digital-campus.org/media/ujjwal/iucd/iucd-right-choice.m4v" digest="6344725d8baa519f65d5ce564a5d82c2" filesize="12883802" length="440"/></media><image filename="/images/20555.png"/><location lang="en">02_20555_en.html</location></activity></activities></section><section order="3"><title lang="en">Real Stories</title><activities><activity type="page" order="1" digest="7269bf57563d36dbdaaa3b1d1873262e20556"><title lang="en">&#x939;&#x938;&#x940;&#x928; &#x914;&#x930; &#x936;&#x93E;&#x939;&#x940;&#x928;</title><media><file filename="iucd-sweet-and-shaheen.m4v" download_url="http://downloads.digital-campus.org/media/ujjwal/iucd/iucd-sweet-and-shaheen.m4v" digest="bfcba1dad464b4b363d7e8bad8225702" filesize="3781330" length="148"/></media><image filename="/images/20556.png"/><location lang="en">03_20556_en.html</location></activity></activities></section><section order="4"><title lang="en">TV Advertisement</title><activities><activity type="page" order="1" digest="f1e8cecc8bdba61f949b5c2f4925871920557"><title lang="en">&#x906;&#x908;&#x92F;&#x942;&#x938;&#x940;&#x921;&#x940; &#x92E;&#x93E;&#x901; &#x92C;&#x91A;&#x94D;&#x91A;&#x93E;</title><media><file filename="iucd-mother-child.m4v" download_url="http://downloads.digital-campus.org/media/ujjwal/iucd/iucd-mother-child.m4v" digest="fb1db910e4d12e695e7b9b540fb451cc" filesize="1969213" length="71"/></media><image filename="/images/20557.png"/><location lang="en">04_20557_en.html</location></activity><activity type="page" order="2" digest="367840d94c9bd1950cf45d7d7fbf851420558"><title lang="en">&#x909;&#x92A;&#x93E;&#x92F;</title><media><file filename="iucd-remedy.m4v" download_url="http://downloads.digital-campus.org/media/ujjwal/iucd/iucd-remedy.m4v" digest="629b828d78ffe1c54a5d38400f625a4f" filesize="2178260" length="71"/></media><image filename="/images/20558.png"/><location lang="en">04_20558_en.html</location></activity><activity type="page" order="3" digest="146763fab7536713f7ff25a70c858f3620559"><title lang="en">&#x930;&#x93E;&#x91C;&#x947;&#x936; &#x915;&#x941;&#x92E;&#x93E;&#x930;</title><media><file filename="iucd-rajesh-kumar.m4v" download_url="http://downloads.digital-campus.org/media/ujjwal/iucd/iucd-rajesh-kumar.m4v" digest="b99cb78aec5fba8522876d568c804277" filesize="2520208" length="72"/></media><image filename="/images/20559.png"/><location lang="en">04_20559_en.html</location></activity></activities></section><section order="5"><title lang="en">Client Exit Interview</title><activities><activity type="feedback" order="1" digest="ac0bc88cf45288df02e4a5649c73f2e620560"><title lang="en">Client Exit Interview</title><content lang="en">{"description":"Client Exit Interview","id":1755,"lastupdated_date":"2014-07-25T19:46:30","owner":"\/api\/v1\/user\/1\/","props":{"courseversion":"20140725184602","digest":"ac0bc88cf45288df02e4a5649c73f2e620560","maxscore":0},"questions":[{"id":17770,"order":1,"question":{"id":17977,"props":{"required":"true"},"responses":[{"id":48072,"order":1,"props":{},"score":"0.00","title":"0"},{"id":48073,"order":2,"props":{},"score":"0.00","title":"1"},{"id":48074,"order":3,"props":{},"score":"0.00","title":"2"},{"id":48075,"order":4,"props":{},"score":"0.00","title":"3"},{"id":48076,"order":5,"props":{},"score":"0.00","title":"4"},{"id":48077,"order":6,"props":{},"score":"0.00","title":"More than 4"}],"title":"How many videos did you see?","type":"multichoice"}},{"id":17771,"order":2,"question":{"id":17978,"props":{"required":"false"},"responses":[{"id":48078,"order":1,"props":{},"score":"0.00","title":"Delaying the first child"},{"id":48079,"order":2,"props":{},"score":"0.00","title":"Spacing between children"},{"id":48080,"order":3,"props":{},"score":"0.00","title":"Limiting family size"},{"id":48081,"order":4,"props":{},"score":"0.00","title":"Unwanted pregnancy"},{"id":48082,"order":5,"props":{},"score":"0.00","title":"Post abortion family planning"},{"id":48083,"order":6,"props":{},"score":"0.00","title":"Family planning methods"}],"title":"What was the main message of the video(s) you watched?","type":"multiselect"}},{"id":17772,"order":3,"question":{"id":17979,"props":{"required":"false"},"responses":[{"id":48084,"order":1,"props":{},"score":"0.00","title":"Yes"},{"id":48085,"order":2,"props":{},"score":"0.00","title":"No"}],"title":"Was the information in the video(s) useful for you in selecting a family planning method?","type":"multichoice"}},{"id":17773,"order":4,"question":{"id":17980,"props":{"required":"false"},"responses":[{"id":48086,"order":1,"props":{},"score":"0.00","title":"Doctor Speaks"},{"id":48087,"order":2,"props":{},"score":"0.00","title":"Entertainment Films"},{"id":48088,"order":3,"props":{},"score":"0.00","title":"Real Stories"},{"id":48089,"order":4,"props":{},"score":"0.00","title":"TV Commercials"}],"title":"Which videos did you find most relevant?","type":"multiselect"}},{"id":17774,"order":5,"question":{"id":17981,"props":{"required":"true"},"responses":[{"id":48090,"order":1,"props":{},"score":"0.00","title":"Yes"},{"id":48091,"order":2,"props":{},"score":"0.00","title":"No"}],"title":"Do you believe it is important to space children?","type":"multichoice"}},{"id":17775,"order":6,"question":{"id":17982,"props":{"required":"false"},"responses":[{"id":48092,"order":1,"props":{},"score":"0.00","title":"Yes"},{"id":48093,"order":2,"props":{},"score":"0.00","title":"No"},{"id":48094,"order":3,"props":{},"score":"0.00","title":"Don't know\/can't say"}],"title":"Do you believe it is important to limit family size?","type":"multichoice"}},{"id":17776,"order":7,"question":{"id":17983,"props":{"required":"true"},"responses":[{"id":48095,"order":1,"props":{},"score":"0.00","title":"Yes"},{"id":48096,"order":2,"props":{},"score":"0.00","title":"No"},{"id":48097,"order":3,"props":{},"score":"0.00","title":"Don't know\/Can't say"}],"title":"Do you think family planning methods are safe to use?","type":"multichoice"}},{"id":17777,"order":8,"question":{"id":17984,"props":{"required":"true"},"responses":[{"id":48098,"order":1,"props":{},"score":"0.00","title":"True"},{"id":48099,"order":2,"props":{},"score":"0.00","title":"False"},{"id":48100,"order":3,"props":{},"score":"0.00","title":"Don't know\/can't say"}],"title":"IUCD can be removed anytime the woman wishes to conceive again","type":"multichoice"}},{"id":17778,"order":9,"question":{"id":17985,"props":{"required":"true"},"responses":[{"id":48101,"order":1,"props":{},"score":"0.00","title":"True"},{"id":48102,"order":2,"props":{},"score":"0.00","title":"False"},{"id":48103,"order":3,"props":{},"score":"0.00","title":"Don't know\/can't say"}],"title":"The IUCD can travel to the heart or brain or a woman and will result in cancer","type":"multichoice"}},{"id":17779,"order":10,"question":{"id":17986,"props":{"required":"true"},"responses":[{"id":48104,"order":1,"props":{},"score":"0.00","title":"True"},{"id":48105,"order":2,"props":{},"score":"0.00","title":"False"},{"id":48106,"order":3,"props":{},"score":"0.00","title":"Don't know\/can't say"}],"title":"The IUCD will result in discomfort to the husband during intercourse","type":"multichoice"}},{"id":17780,"order":11,"question":{"id":17987,"props":{"required":"true"},"responses":[{"id":48107,"order":1,"props":{},"score":"0.00","title":"Yes"},{"id":48108,"order":2,"props":{},"score":"0.00","title":"Perhaps, with some assistance"},{"id":48109,"order":3,"props":{},"score":"0.00","title":"No"},{"id":48110,"order":4,"props":{},"score":"0.00","title":"Not interested"}],"title":"Do you feel confident you will be able to use family planning?","type":"multichoice"}},{"id":17781,"order":12,"question":{"id":17988,"props":{"required":"true"},"responses":[{"id":48111,"order":1,"props":{},"score":"0.00","title":"Yes"},{"id":48112,"order":2,"props":{},"score":"0.00","title":"No"}],"title":"Do you intend to adopt family planning?","type":"multichoice"}},{"id":17782,"order":13,"question":{"id":17989,"props":{"required":"true"},"responses":[{"id":48113,"order":1,"props":{},"score":"0.00","title":"Today"},{"id":48114,"order":2,"props":{},"score":"0.00","title":"Within 1 week"},{"id":48115,"order":3,"props":{},"score":"0.00","title":"Within 2 weeks"},{"id":48116,"order":4,"props":{},"score":"0.00","title":"Within 1 month"},{"id":48117,"order":5,"props":{},"score":"0.00","title":"Never"}],"title":"How soon do you intend to begin using family planning?","type":"multichoice"}},{"id":17783,"order":14,"question":{"id":17990,"props":{"required":"true"},"responses":[{"id":48118,"order":1,"props":{},"score":"0.00","title":"Consult with spouse and family"},{"id":48119,"order":2,"props":{},"score":"0.00","title":"Visit Ujjwal Clinic"},{"id":48120,"order":3,"props":{},"score":"0.00","title":"Call Ujjwal Helpline"},{"id":48121,"order":4,"props":{},"score":"0.00","title":"Visit PHC"},{"id":48122,"order":5,"props":{},"score":"0.00","title":"No action plan"}],"title":"How will you start family planning?","type":"multichoice"}},{"id":17784,"order":15,"question":{"id":17991,"props":{"required":"true"},"responses":[{"id":48123,"order":1,"props":{},"score":"0.00","title":"IUCD"},{"id":48124,"order":2,"props":{},"score":"0.00","title":"Pills"},{"id":48125,"order":3,"props":{},"score":"0.00","title":"Injectables"},{"id":48126,"order":4,"props":{},"score":"0.00","title":"Condom"},{"id":48127,"order":5,"props":{},"score":"0.00","title":"Female Sterilization"},{"id":48128,"order":6,"props":{},"score":"0.00","title":"Male Sterilization"}],"title":"Which family planning method will you choose?","type":"multichoice"}}],"resource_uri":"\/api\/v1\/quiz\/1755\/","title":"Client Exit Interview"}</content></activity></activities></section></structure><media><file filename="iucd-ailulsil.m4v" download_url="http://downloads.digital-campus.org/media/ujjwal/iucd/iucd-ailulsil.m4v" digest="0205d436790267760fbb886221eb0c73" filesize="8451954" length="345"/><file filename="iucd-right-choice.m4v" download_url="http://downloads.digital-campus.org/media/ujjwal/iucd/iucd-right-choice.m4v" digest="6344725d8baa519f65d5ce564a5d82c2" filesize="12883802" length="440"/><file filename="iucd-sweet-and-shaheen.m4v" download_url="http://downloads.digital-campus.org/media/ujjwal/iucd/iucd-sweet-and-shaheen.m4v" digest="bfcba1dad464b4b363d7e8bad8225702" filesize="3781330" length="148"/><file filename="iucd-mother-child.m4v" download_url="http://downloads.digital-campus.org/media/ujjwal/iucd/iucd-mother-child.m4v" digest="fb1db910e4d12e695e7b9b540fb451cc" filesize="1969213" length="71"/><file filename="iucd-remedy.m4v" download_url="http://downloads.digital-campus.org/media/ujjwal/iucd/iucd-remedy.m4v" digest="629b828d78ffe1c54a5d38400f625a4f" filesize="2178260" length="71"/><file filename="iucd-rajesh-kumar.m4v" download_url="http://downloads.digital-campus.org/media/ujjwal/iucd/iucd-rajesh-kumar.m4v" digest="b99cb78aec5fba8522876d568c804277" filesize="2520208" length="72"/></media></module>
