<?xml version="1.0"?>
<module><meta><versionid>20140708145515</versionid><priority>0</priority><server>http://demo.oppia-mobile.org/</server><title lang="en">Male Sterilisation</title><shortname>us-ms</shortname><description lang="en"></description><langs><lang>en</lang></langs></meta><structure><section order="1"><title lang="en">Client pre-test</title><activities><activity type="feedback" order="1" digest="825fb0765c03970a2ceec9eca5e416ab16829"><title lang="en">Client Pre-test</title><content lang="en">{"description":"Client pre-test","id":1301,"lastupdated_date":"2014-07-08T15:52:06","owner":"\/api\/v1\/user\/1\/","props":{"courseversion":"20140708145515","digest":"825fb0765c03970a2ceec9eca5e416ab16829","maxscore":0},"questions":[{"id":11902,"order":1,"question":{"id":12108,"props":{"required":"true"},"responses":[],"title":"Name","type":"essay"}},{"id":11903,"order":2,"question":{"id":12109,"props":{"required":"true"},"responses":[],"title":"Age","type":"essay"}},{"id":11904,"order":3,"question":{"id":12110,"props":{"required":"true"},"responses":[{"id":32023,"order":1,"props":{},"score":"0.00","title":"Male"},{"id":32024,"order":2,"props":{},"score":"0.00","title":"Female"}],"title":"Gender","type":"multichoice"}},{"id":11905,"order":4,"question":{"id":12111,"props":{"required":"true"},"responses":[{"id":32025,"order":1,"props":{},"score":"0.00","title":"Yes"},{"id":32026,"order":2,"props":{},"score":"0.00","title":"No"}],"title":"Are you currently pregnant\/ expecting a child?","type":"multichoice"}},{"id":11906,"order":5,"question":{"id":12112,"props":{"required":"false"},"responses":[{"id":32027,"order":1,"props":{},"score":"0.00","title":"1"},{"id":32028,"order":2,"props":{},"score":"0.00","title":"2"},{"id":32029,"order":3,"props":{},"score":"0.00","title":"3"},{"id":32030,"order":4,"props":{},"score":"0.00","title":"4"},{"id":32031,"order":5,"props":{},"score":"0.00","title":"More than 4"}],"title":"How many children do you have?","type":"multichoice"}},{"id":11907,"order":6,"question":{"id":12113,"props":{"required":"true"},"responses":[{"id":32032,"order":1,"props":{},"score":"0.00","title":"Yes"},{"id":32033,"order":2,"props":{},"score":"0.00","title":"No"}],"title":"Do you believe it is important to space children?","type":"multichoice"}},{"id":11908,"order":7,"question":{"id":12114,"props":{"required":"true"},"responses":[{"id":32034,"order":1,"props":{},"score":"0.00","title":"Yes"},{"id":32035,"order":2,"props":{},"score":"0.00","title":"No"}],"title":"Do you believe it is important to limit family size?","type":"multichoice"}},{"id":11909,"order":8,"question":{"id":12115,"props":{"required":"true"},"responses":[{"id":32036,"order":1,"props":{},"score":"0.00","title":"Yes"},{"id":32037,"order":2,"props":{},"score":"0.00","title":"No"}],"title":"Are you aware of family planning?","type":"multichoice"}},{"id":11910,"order":9,"question":{"id":12116,"props":{"required":"true"},"responses":[{"id":32038,"order":1,"props":{},"score":"0.00","title":"Injectables"},{"id":32039,"order":2,"props":{},"score":"0.00","title":"IUCD or Copper T"},{"id":32040,"order":3,"props":{},"score":"0.00","title":"Condom"},{"id":32041,"order":4,"props":{},"score":"0.00","title":"Female Sterilization"},{"id":32042,"order":5,"props":{},"score":"0.00","title":"Male Sterilization"},{"id":32043,"order":6,"props":{},"score":"0.00","title":"OCPs"}],"title":"Which of the following family planning option are you aware of?","type":"multichoice"}},{"id":11911,"order":10,"question":{"id":12117,"props":{"required":"true"},"responses":[{"id":32044,"order":1,"props":{},"score":"0.00","title":"Yes"},{"id":32045,"order":2,"props":{},"score":"0.00","title":"No"}],"title":"Are you using of any the methods listed above?","type":"multichoice"}},{"id":11912,"order":11,"question":{"id":12118,"props":{"required":"false"},"responses":[{"id":32046,"order":1,"props":{},"score":"0.00","title":"Yes"},{"id":32047,"order":2,"props":{},"score":"0.00","title":"No"},{"id":32048,"order":3,"props":{},"score":"0.00","title":"Don't know\/can't say"}],"title":"Do you think family planning methods are safe to use?","type":"multichoice"}},{"id":11913,"order":12,"question":{"id":12119,"props":{"required":"true"},"responses":[{"id":32049,"order":1,"props":{},"score":"0.00","title":"Yes"},{"id":32050,"order":2,"props":{},"score":"0.00","title":"Perhaps, with some assistance"},{"id":32051,"order":3,"props":{},"score":"0.00","title":"No"},{"id":32052,"order":4,"props":{},"score":"0.00","title":"Not interested"}],"title":"Do you feel confident you will be able to use family planning?","type":"multichoice"}},{"id":11914,"order":13,"question":{"id":12120,"props":{"required":"true"},"responses":[{"id":32053,"order":1,"props":{},"score":"0.00","title":"Yes"},{"id":32054,"order":2,"props":{},"score":"0.00","title":"No"}],"title":"Do you intend to adopt family planning?","type":"multichoice"}},{"id":11915,"order":14,"question":{"id":12121,"props":{"required":"false"},"responses":[{"id":32055,"order":1,"props":{},"score":"0.00","title":"Today"},{"id":32056,"order":2,"props":{},"score":"0.00","title":"Within 1 week"},{"id":32057,"order":3,"props":{},"score":"0.00","title":"Within 2 weeks"},{"id":32058,"order":4,"props":{},"score":"0.00","title":"Within 1 month"},{"id":32059,"order":5,"props":{},"score":"0.00","title":"More than 1 month"},{"id":32060,"order":6,"props":{},"score":"0.00","title":"Never"}],"title":"How soon do you intend to begin using family planning?","type":"multichoice"}}],"resource_uri":"\/api\/v1\/quiz\/1301\/","title":"Client Pre-test"}</content></activity></activities></section></structure></module>
