<?xml version="1.0"?>
<module><meta><versionid>20140806133520</versionid><priority>3</priority><server>http://demo.oppia-mobile.org/</server><title lang="en">Adopting a male-focused method</title><shortname>us-malefocused</shortname><description lang="en"></description><langs><lang>en</lang></langs></meta><structure><section order="1"><title lang="en">Placeholder</title><activities><activity type="page" order="1" digest="130ecb5dfc4c60132e6d0c4e8c279e1320625"><title lang="en">Placeholder</title><location lang="en">01_20625_en.html</location></activity></activities></section></structure></module>
