<?xml version="1.0"?>
<module><meta><versionid>20140830122229</versionid><priority>9</priority><server>http://ujjwal.oppia-mobile.org/</server><title lang="en">"How to" have an effective counseling session</title><shortname>us-app</shortname><description lang="en"></description><langs><lang>en</lang></langs></meta><structure><section order="1"><title lang="en">Identifying your audience</title><activities><activity type="page" order="1" digest="516df68550f31096c4b08b35726782a420631"><title lang="en">How to identify your audience</title><image filename="/images/20631.png"/><location lang="en">01_20631_en.html</location></activity><activity type="quiz" order="2" digest="96fe90c1461e220ed5bae38a2e7961c620635cr0s1a1p80a0"><title lang="en">Practice Identifying your Audience</title><content lang="en">{"description":"Identifying your audience","id":7,"lastupdated_date":"2014-08-29T01:50:56","owner":"\/api\/v1\/user\/1\/","props":{"allowtryagain":"1","availability":"0","courseversion":"20140829134449","digest":"96fe90c1461e220ed5bae38a2e7961c620635cr0s1a1p80a0","maxscore":4,"passthreshold":"80","showfeedback":"1"},"questions":[{"id":27,"order":1,"question":{"id":27,"props":{"maxscore":1},"responses":[{"id":103,"order":1,"props":{"feedback":"Correct! Monica is female"},"score":"1.00","title":"Female"},{"id":104,"order":2,"props":{"feedback":"Sorry, that is not the right answer. Monica is female"},"score":"0.00","title":"Male"}],"title":"Hi! I am Monica and I am 20 years old. After graduating college I married my husband. We have been married for 1 year and have no children.\r\nWhat is Monica's Sex? Choose the correct answer below. &amp;nbsp;(correct answer should be acknowledged)","type":"multichoice"}},{"id":28,"order":2,"question":{"id":28,"props":{"maxscore":1},"responses":[{"id":105,"order":1,"props":{"feedback":"Sorry, that is not the right answer. Please try again."},"score":"0.00","title":"No school"},{"id":106,"order":2,"props":{"feedback":"Sorry, that is not the correct answer. Please try again."},"score":"0.00","title":"Educated till class 8"},{"id":107,"order":3,"props":{"feedback":"Correct! That is the right answer."},"score":"1.00","title":"Educated till College"},{"id":108,"order":4,"props":{"feedback":"Sorry, that is not the right answer. Please try again."},"score":"0.00","title":"\u00a0Working"}],"title":"What is Monica's education?","type":"multichoice"}},{"id":29,"order":3,"question":{"id":29,"props":{"maxscore":1},"responses":[{"id":109,"order":1,"props":{"feedback":"Sorry, that is not the right answer. Please try again."},"score":"0.00","title":"Adolescent"},{"id":110,"order":2,"props":{"feedback":"Correct! Monica is newly married."},"score":"1.00","title":"Newly married"},{"id":111,"order":3,"props":{"feedback":"Sorry, that is not the right answer. Please try again."},"score":"0.00","title":"Married with one child"},{"id":112,"order":4,"props":{"feedback":"Sorry, that is not the right answer. Please try again."},"score":"0.00","title":"Married with two children"},{"id":113,"order":5,"props":{"feedback":"Sorry, that is not the right answer. Please try again."},"score":"0.00","title":"Pregnant woman"}],"title":"What is current Monica's Lifestage?","type":"multichoice"}},{"id":30,"order":4,"question":{"id":30,"props":{"maxscore":1},"responses":[{"id":114,"order":1,"props":{"feedback":"Correct! Monica does not have any children."},"score":"1.00","title":"0"},{"id":115,"order":2,"props":{"feedback":"Sorry, that is not the right answer. Please try again."},"score":"0.00","title":"1"},{"id":116,"order":3,"props":{"feedback":"Sorry, that is not the right answer. Please try again."},"score":"0.00","title":"2"},{"id":117,"order":4,"props":{"feedback":"Sorry, that is not the right answer. Please try again."},"score":"0.00","title":"3 or more"}],"title":"How many children does Monica have?\u00a0","type":"multichoice"}}],"resource_uri":"\/api\/v1\/quiz\/7\/","title":"us-app 1 Practice Identifying your Audience"}</content><image filename="/images/20635.png"/></activity></activities></section><section order="2"><title lang="en">Assessing your client</title><activities><activity type="page" order="1" digest="8d15343014689d7cf25770a24ea0354920680"><title lang="en">Assess a client's needs</title><location lang="en">02_20680_en.html</location></activity><activity type="page" order="2" digest="8451dfab3aad059260cfe2a1bf27848c20862"><title lang="en">Applying Client's Needs to Counseling Session</title><image filename="/images/20862.png"/><location lang="en">02_20862_en.html</location></activity></activities></section><section order="3"><title lang="en">Tips for IPC (Interpersonal Communication)</title><activities><activity type="page" order="1" digest="694c06bf77b718ad1d89cb6f0df55c5c20636"><title lang="en">How to initiate interpersonal communication</title><location lang="en">03_20636_en.html</location></activity><activity type="page" order="2" digest="9fa516b933fbd62cbff886065f38ff8b20682"><title lang="en">Counseling a client with your phone</title><location lang="en">03_20682_en.html</location></activity></activities></section><section order="4"><title lang="en">Quick tips on counseling</title><activities><activity type="page" order="1" digest="ca5f57c24f1631f182c966b7df00106920639"><title lang="en">GATHER counseling method</title><location lang="en">04_20639_en.html</location></activity><activity type="page" order="2" digest="694c06bf77b718ad1d89cb6f0df55c5c20684"><title lang="en">Quick tips for counseling sessions</title><location lang="en">04_20684_en.html</location></activity></activities></section><section order="5"><title lang="en">Deciding on a method</title><activities><activity type="page" order="1" digest="5c90996a02e50f0823566517d81af6f720642"><title lang="en">How to devise an action plan with your client</title><location lang="en">05_20642_en.html</location></activity><activity type="page" order="2" digest="163c9217dbcf2d1868d99e840aa05c4320683"><title lang="en">Answering Queries on Family Planning</title><location lang="en">05_20683_en.html</location></activity></activities></section><section order="6"><title lang="en">Post- Counseling Session</title><activities><activity type="page" order="1" digest="f151bea77c6ee0250f7bbd8e9f5cb4e620644"><title lang="en">How to link the community additional resources</title><location lang="en">06_20644_en.html</location></activity><activity type="page" order="2" digest="703273387d26f5c548664c441554b70420681"><title lang="en">Follow up post counseling</title><location lang="en">06_20681_en.html</location></activity></activities></section></structure></module>
