<?xml version="1.0"?>
<module><meta><versionid>20140821150343</versionid><priority>5</priority><server>http://ujjwal.oppia-mobile.org/</server><title lang="en">Adopting an FP method post abortion</title><shortname>us-postabort</shortname><description lang="en"></description><image filename="/images/21616.png"/><langs><lang>en</lang></langs></meta><structure><section order="1"><title lang="en">Placeholder</title><activities><activity type="page" order="1" digest="130ecb5dfc4c60132e6d0c4e8c279e1320622"><title lang="en">Placeholder</title><location lang="en">01_20622_en.html</location></activity></activities></section></structure></module>
