<?xml version="1.0"?>
<module><meta><versionid>20140806134510</versionid><priority>6</priority><server>http://demo.oppia-mobile.org/</server><title lang="en">Limiting family size</title><shortname>us-limiting</shortname><description lang="en"></description><langs><lang>en</lang></langs></meta><structure><section order="1"><title lang="en">Placeholder</title><activities><activity type="page" order="1" digest="130ecb5dfc4c60132e6d0c4e8c279e1320621"><title lang="en">Placeholder</title><location lang="en">01_20621_en.html</location></activity></activities></section></structure></module>
