<?xml version="1.0"?>
<module><meta><versionid>20140725183545</versionid><priority>10</priority><server>http://demo.oppia-mobile.org/</server><title lang="en">OCP-Condom</title><shortname>us-ocp</shortname><description lang="en"></description><activity type="feedback" order="2" digest="96692b221c9d7cada4432076d6501c0720544"><title lang="en">Client Pre-test</title><content lang="en">{"description":"Client Pre-test","id":1750,"lastupdated_date":"2014-07-25T19:35:10","owner":"\/api\/v1\/user\/1\/","props":{"courseversion":"20140725183545","digest":"96692b221c9d7cada4432076d6501c0720544","maxscore":0},"questions":[{"id":17695,"order":1,"question":{"id":17902,"props":{"required":"true"},"responses":[],"title":"Name","type":"essay"}},{"id":17696,"order":2,"question":{"id":17903,"props":{"required":"true"},"responses":[],"title":"Age","type":"numerical"}},{"id":17697,"order":3,"question":{"id":17904,"props":{"required":"true"},"responses":[{"id":47829,"order":1,"props":{},"score":"0.00","title":"Male"},{"id":47830,"order":2,"props":{},"score":"0.00","title":"Female"}],"title":"Gender","type":"multichoice"}},{"id":17698,"order":4,"question":{"id":17905,"props":{"required":"true"},"responses":[{"id":47831,"order":1,"props":{},"score":"0.00","title":"Yes"},{"id":47832,"order":2,"props":{},"score":"0.00","title":"No"}],"title":"Are you currently pregnant\/ expecting a child?","type":"multichoice"}},{"id":17699,"order":5,"question":{"id":17906,"props":{"required":"false"},"responses":[{"id":47833,"order":1,"props":{},"score":"0.00","title":"0"},{"id":47834,"order":2,"props":{},"score":"0.00","title":"1"},{"id":47835,"order":3,"props":{},"score":"0.00","title":"2"},{"id":47836,"order":4,"props":{},"score":"0.00","title":"3"},{"id":47837,"order":5,"props":{},"score":"0.00","title":"4"},{"id":47838,"order":6,"props":{},"score":"0.00","title":"More than 4"}],"title":"How many children do you have?","type":"multichoice"}},{"id":17700,"order":6,"question":{"id":17907,"props":{"required":"true"},"responses":[{"id":47839,"order":1,"props":{},"score":"0.00","title":"Yes"},{"id":47840,"order":2,"props":{},"score":"0.00","title":"No"},{"id":47841,"order":3,"props":{},"score":"0.00","title":"Don't know\/can't say"}],"title":"Do you believe it is important to space children?","type":"multichoice"}},{"id":17701,"order":7,"question":{"id":17908,"props":{"required":"true"},"responses":[{"id":47842,"order":1,"props":{},"score":"0.00","title":"Yes"},{"id":47843,"order":2,"props":{},"score":"0.00","title":"No"},{"id":47844,"order":3,"props":{},"score":"0.00","title":"Don't know\/can't say"}],"title":"Do you believe it is important to limit family size?","type":"multichoice"}},{"id":17702,"order":8,"question":{"id":17909,"props":{"required":"true"},"responses":[{"id":47845,"order":1,"props":{},"score":"0.00","title":"Yes"},{"id":47846,"order":2,"props":{},"score":"0.00","title":"No"}],"title":"Are you aware of family planning?","type":"multichoice"}},{"id":17703,"order":9,"question":{"id":17910,"props":{"required":"true"},"responses":[{"id":47847,"order":1,"props":{},"score":"0.00","title":"OCPs"},{"id":47848,"order":2,"props":{},"score":"0.00","title":"Condom"},{"id":47849,"order":3,"props":{},"score":"0.00","title":"Injectables"},{"id":47850,"order":4,"props":{},"score":"0.00","title":"IUCD or Copper T"},{"id":47851,"order":5,"props":{},"score":"0.00","title":"Female Sterilization"},{"id":47852,"order":6,"props":{},"score":"0.00","title":"Male Sterilization"},{"id":47853,"order":7,"props":{},"score":"0.00","title":"ECP"},{"id":47854,"order":8,"props":{},"score":"0.00","title":"Other"}],"title":"Which of the following family planning option are you aware of?","type":"multiselect"}},{"id":17704,"order":10,"question":{"id":17911,"props":{"required":"false"},"responses":[],"title":"If you selected other then please specify here","type":"shortanswer"}},{"id":17705,"order":11,"question":{"id":17912,"props":{"required":"true"},"responses":[{"id":47855,"order":1,"props":{},"score":"0.00","title":"Yes"},{"id":47856,"order":2,"props":{},"score":"0.00","title":"No"}],"title":"Are you using of any the methods listed above?","type":"multichoice"}},{"id":17706,"order":12,"question":{"id":17913,"props":{"required":"false"},"responses":[{"id":47857,"order":1,"props":{},"score":"0.00","title":"Yes"},{"id":47858,"order":2,"props":{},"score":"0.00","title":"No"},{"id":47859,"order":3,"props":{},"score":"0.00","title":"Don't know\/can't say"}],"title":"Do you think family planning methods are safe to use?","type":"multichoice"}},{"id":17707,"order":13,"question":{"id":17914,"props":{"required":"true"},"responses":[{"id":47860,"order":1,"props":{},"score":"0.00","title":"Yes"},{"id":47861,"order":2,"props":{},"score":"0.00","title":"Perhaps, with some assistance"},{"id":47862,"order":3,"props":{},"score":"0.00","title":"No"},{"id":47863,"order":4,"props":{},"score":"0.00","title":"Not interested"}],"title":"Do you feel confident you will be able to use family planning?","type":"multichoice"}},{"id":17708,"order":14,"question":{"id":17915,"props":{"required":"true"},"responses":[{"id":47864,"order":1,"props":{},"score":"0.00","title":"Yes"},{"id":47865,"order":2,"props":{},"score":"0.00","title":"No"}],"title":"Do you intend to adopt family planning?","type":"multichoice"}},{"id":17709,"order":15,"question":{"id":17916,"props":{"required":"false"},"responses":[{"id":47866,"order":1,"props":{},"score":"0.00","title":"Today"},{"id":47867,"order":2,"props":{},"score":"0.00","title":"Within 1 week"},{"id":47868,"order":3,"props":{},"score":"0.00","title":"Within 2 weeks"},{"id":47869,"order":4,"props":{},"score":"0.00","title":"Within 1 month"},{"id":47870,"order":5,"props":{},"score":"0.00","title":"More than 1 month"},{"id":47871,"order":6,"props":{},"score":"0.00","title":"Never"}],"title":"How soon do you intend to begin using family planning?","type":"multichoice"}}],"resource_uri":"\/api\/v1\/quiz\/1750\/","title":"Client Pre-test"}</content></activity><image filename="/images/21495.png"/><langs><lang>en</lang></langs></meta><structure><section order="1"><title lang="en">Doctor Speaks</title><activities><activity type="page" order="1" digest="d2219747b0497d06e1f3cef8f9c303a720545"><title lang="en">&#x906;&#x908;.&#x92F;&#x942;.&#x938;&#x940;.&#x921;&#x940;</title><media><file filename="iucd-ailulsil.m4v" download_url="http://downloads.digital-campus.org/media/ujjwal/iucd/iucd-ailulsil.m4v" digest="0205d436790267760fbb886221eb0c73" filesize="8451954" length="345"/></media><image filename="/images/20545.png"/><location lang="en">01_20545_en.html</location></activity></activities></section><section order="2"><title lang="en">Entertainment Films</title><activities><activity type="page" order="1" digest="05e9b31da8fe520bd60bc62aea076f6d20546"><title lang="en">&#x930;&#x93E;&#x908;&#x91F; &#x91A;&#x949;&#x907;&#x938;</title><media><file filename="iucd-right-choice.m4v" download_url="http://downloads.digital-campus.org/media/ujjwal/iucd/iucd-right-choice.m4v" digest="6344725d8baa519f65d5ce564a5d82c2" filesize="12883802" length="440"/></media><image filename="/images/20546.png"/><location lang="en">02_20546_en.html</location></activity></activities></section><section order="3"><title lang="en">Real Stories</title><activities><activity type="page" order="1" digest="7269bf57563d36dbdaaa3b1d1873262e20547"><title lang="en">&#x939;&#x938;&#x940;&#x928; &#x914;&#x930; &#x936;&#x93E;&#x939;&#x940;&#x928;</title><media><file filename="iucd-sweet-and-shaheen.m4v" download_url="http://downloads.digital-campus.org/media/ujjwal/iucd/iucd-sweet-and-shaheen.m4v" digest="bfcba1dad464b4b363d7e8bad8225702" filesize="3781330" length="148"/></media><image filename="/images/20547.png"/><location lang="en">03_20547_en.html</location></activity></activities></section><section order="4"><title lang="en">TV Advertisement</title><activities><activity type="page" order="1" digest="f1e8cecc8bdba61f949b5c2f4925871920548"><title lang="en">&#x906;&#x908;&#x92F;&#x942;&#x938;&#x940;&#x921;&#x940; &#x92E;&#x93E;&#x901; &#x92C;&#x91A;&#x94D;&#x91A;&#x93E;</title><media><file filename="iucd-mother-child.m4v" download_url="http://downloads.digital-campus.org/media/ujjwal/iucd/iucd-mother-child.m4v" digest="fb1db910e4d12e695e7b9b540fb451cc" filesize="1969213" length="71"/></media><image filename="/images/20548.png"/><location lang="en">04_20548_en.html</location></activity><activity type="page" order="2" digest="367840d94c9bd1950cf45d7d7fbf851420549"><title lang="en">&#x909;&#x92A;&#x93E;&#x92F;</title><media><file filename="iucd-remedy.m4v" download_url="http://downloads.digital-campus.org/media/ujjwal/iucd/iucd-remedy.m4v" digest="629b828d78ffe1c54a5d38400f625a4f" filesize="2178260" length="71"/></media><image filename="/images/20549.png"/><location lang="en">04_20549_en.html</location></activity><activity type="page" order="3" digest="146763fab7536713f7ff25a70c858f3620550"><title lang="en">&#x930;&#x93E;&#x91C;&#x947;&#x936; &#x915;&#x941;&#x92E;&#x93E;&#x930;</title><media><file filename="iucd-rajesh-kumar.m4v" download_url="http://downloads.digital-campus.org/media/ujjwal/iucd/iucd-rajesh-kumar.m4v" digest="b99cb78aec5fba8522876d568c804277" filesize="2520208" length="72"/></media><image filename="/images/20550.png"/><location lang="en">04_20550_en.html</location></activity></activities></section><section order="5"><title lang="en">Client Exit Interview</title><activities><activity type="feedback" order="1" digest="93122094335c64edc6a6c4243e15b02d20551"><title lang="en">Client Exit Interview</title><content lang="en">{"description":"Client Exit Interview","id":1751,"lastupdated_date":"2014-07-25T19:36:18","owner":"\/api\/v1\/user\/1\/","props":{"courseversion":"20140725183545","digest":"93122094335c64edc6a6c4243e15b02d20551","maxscore":0},"questions":[{"id":17710,"order":1,"question":{"id":17917,"props":{"required":"true"},"responses":[{"id":47872,"order":1,"props":{},"score":"0.00","title":"0"},{"id":47873,"order":2,"props":{},"score":"0.00","title":"1"},{"id":47874,"order":3,"props":{},"score":"0.00","title":"2"},{"id":47875,"order":4,"props":{},"score":"0.00","title":"3"},{"id":47876,"order":5,"props":{},"score":"0.00","title":"4"},{"id":47877,"order":6,"props":{},"score":"0.00","title":"More than 4"}],"title":"How many videos did you see?","type":"multichoice"}},{"id":17711,"order":2,"question":{"id":17918,"props":{"required":"false"},"responses":[{"id":47878,"order":1,"props":{},"score":"0.00","title":"Delaying the first child"},{"id":47879,"order":2,"props":{},"score":"0.00","title":"Spacing between children"},{"id":47880,"order":3,"props":{},"score":"0.00","title":"Limiting family size"},{"id":47881,"order":4,"props":{},"score":"0.00","title":"Unwanted pregnancy"},{"id":47882,"order":5,"props":{},"score":"0.00","title":"Post abortion family planning"},{"id":47883,"order":6,"props":{},"score":"0.00","title":"Family planning methods"}],"title":"What was the main message of the video(s) you watched?","type":"multiselect"}},{"id":17712,"order":3,"question":{"id":17919,"props":{"required":"false"},"responses":[{"id":47884,"order":1,"props":{},"score":"0.00","title":"Yes"},{"id":47885,"order":2,"props":{},"score":"0.00","title":"No"}],"title":"Was the information in the video(s) useful for you in selecting a family planning method?","type":"multichoice"}},{"id":17713,"order":4,"question":{"id":17920,"props":{"required":"false"},"responses":[{"id":47886,"order":1,"props":{},"score":"0.00","title":"Doctor Speaks"},{"id":47887,"order":2,"props":{},"score":"0.00","title":"Entertainment Films"},{"id":47888,"order":3,"props":{},"score":"0.00","title":"Real Stories"},{"id":47889,"order":4,"props":{},"score":"0.00","title":"TV Commercials"}],"title":"Which videos did you find most relevant?","type":"multiselect"}},{"id":17714,"order":5,"question":{"id":17921,"props":{"required":"true"},"responses":[{"id":47890,"order":1,"props":{},"score":"0.00","title":"Yes"},{"id":47891,"order":2,"props":{},"score":"0.00","title":"No"}],"title":"Do you believe it is important to space children?","type":"multichoice"}},{"id":17715,"order":6,"question":{"id":17922,"props":{"required":"false"},"responses":[{"id":47892,"order":1,"props":{},"score":"0.00","title":"Yes"},{"id":47893,"order":2,"props":{},"score":"0.00","title":"No"},{"id":47894,"order":3,"props":{},"score":"0.00","title":"Don't know\/can't say"}],"title":"Do you believe it is important to limit family size?","type":"multichoice"}},{"id":17716,"order":7,"question":{"id":17923,"props":{"required":"true"},"responses":[{"id":47895,"order":1,"props":{},"score":"0.00","title":"Yes"},{"id":47896,"order":2,"props":{},"score":"0.00","title":"No"},{"id":47897,"order":3,"props":{},"score":"0.00","title":"Don't know\/Can't say"}],"title":"Do you think family planning methods are safe to use?","type":"multichoice"}},{"id":17717,"order":8,"question":{"id":17924,"props":{"required":"true"},"responses":[{"id":47898,"order":1,"props":{},"score":"0.00","title":"True"},{"id":47899,"order":2,"props":{},"score":"0.00","title":"False"},{"id":47900,"order":3,"props":{},"score":"0.00","title":"Don't know\/can't say"}],"title":"IUCD can be removed anytime the woman wishes to conceive again","type":"multichoice"}},{"id":17718,"order":9,"question":{"id":17925,"props":{"required":"true"},"responses":[{"id":47901,"order":1,"props":{},"score":"0.00","title":"True"},{"id":47902,"order":2,"props":{},"score":"0.00","title":"False"},{"id":47903,"order":3,"props":{},"score":"0.00","title":"Don't know\/can't say"}],"title":"The IUCD can travel to the heart or brain or a woman and will result in cancer","type":"multichoice"}},{"id":17719,"order":10,"question":{"id":17926,"props":{"required":"true"},"responses":[{"id":47904,"order":1,"props":{},"score":"0.00","title":"True"},{"id":47905,"order":2,"props":{},"score":"0.00","title":"False"},{"id":47906,"order":3,"props":{},"score":"0.00","title":"Don't know\/can't say"}],"title":"The IUCD will result in discomfort to the husband during intercourse","type":"multichoice"}},{"id":17720,"order":11,"question":{"id":17927,"props":{"required":"true"},"responses":[{"id":47907,"order":1,"props":{},"score":"0.00","title":"Yes"},{"id":47908,"order":2,"props":{},"score":"0.00","title":"Perhaps, with some assistance"},{"id":47909,"order":3,"props":{},"score":"0.00","title":"No"},{"id":47910,"order":4,"props":{},"score":"0.00","title":"Not interested"}],"title":"Do you feel confident you will be able to use family planning?","type":"multichoice"}},{"id":17721,"order":12,"question":{"id":17928,"props":{"required":"true"},"responses":[{"id":47911,"order":1,"props":{},"score":"0.00","title":"Yes"},{"id":47912,"order":2,"props":{},"score":"0.00","title":"No"}],"title":"Do you intend to adopt family planning?","type":"multichoice"}},{"id":17722,"order":13,"question":{"id":17929,"props":{"required":"true"},"responses":[{"id":47913,"order":1,"props":{},"score":"0.00","title":"Today"},{"id":47914,"order":2,"props":{},"score":"0.00","title":"Within 1 week"},{"id":47915,"order":3,"props":{},"score":"0.00","title":"Within 2 weeks"},{"id":47916,"order":4,"props":{},"score":"0.00","title":"Within 1 month"},{"id":47917,"order":5,"props":{},"score":"0.00","title":"Never"}],"title":"How soon do you intend to begin using family planning?","type":"multichoice"}},{"id":17723,"order":14,"question":{"id":17930,"props":{"required":"true"},"responses":[{"id":47918,"order":1,"props":{},"score":"0.00","title":"Consult with spouse and family"},{"id":47919,"order":2,"props":{},"score":"0.00","title":"Visit Ujjwal Clinic"},{"id":47920,"order":3,"props":{},"score":"0.00","title":"Call Ujjwal Helpline"},{"id":47921,"order":4,"props":{},"score":"0.00","title":"Visit PHC"},{"id":47922,"order":5,"props":{},"score":"0.00","title":"No action plan"}],"title":"How will you start family planning?","type":"multichoice"}},{"id":17724,"order":15,"question":{"id":17931,"props":{"required":"true"},"responses":[{"id":47923,"order":1,"props":{},"score":"0.00","title":"IUCD"},{"id":47924,"order":2,"props":{},"score":"0.00","title":"Pills"},{"id":47925,"order":3,"props":{},"score":"0.00","title":"Injectables"},{"id":47926,"order":4,"props":{},"score":"0.00","title":"Condom"},{"id":47927,"order":5,"props":{},"score":"0.00","title":"Female Sterilization"},{"id":47928,"order":6,"props":{},"score":"0.00","title":"Male Sterilization"}],"title":"Which family planning method will you choose?","type":"multichoice"}}],"resource_uri":"\/api\/v1\/quiz\/1751\/","title":"Client Exit Interview"}</content></activity></activities></section></structure><media><file filename="iucd-ailulsil.m4v" download_url="http://downloads.digital-campus.org/media/ujjwal/iucd/iucd-ailulsil.m4v" digest="0205d436790267760fbb886221eb0c73" filesize="8451954" length="345"/><file filename="iucd-right-choice.m4v" download_url="http://downloads.digital-campus.org/media/ujjwal/iucd/iucd-right-choice.m4v" digest="6344725d8baa519f65d5ce564a5d82c2" filesize="12883802" length="440"/><file filename="iucd-sweet-and-shaheen.m4v" download_url="http://downloads.digital-campus.org/media/ujjwal/iucd/iucd-sweet-and-shaheen.m4v" digest="bfcba1dad464b4b363d7e8bad8225702" filesize="3781330" length="148"/><file filename="iucd-mother-child.m4v" download_url="http://downloads.digital-campus.org/media/ujjwal/iucd/iucd-mother-child.m4v" digest="fb1db910e4d12e695e7b9b540fb451cc" filesize="1969213" length="71"/><file filename="iucd-remedy.m4v" download_url="http://downloads.digital-campus.org/media/ujjwal/iucd/iucd-remedy.m4v" digest="629b828d78ffe1c54a5d38400f625a4f" filesize="2178260" length="71"/><file filename="iucd-rajesh-kumar.m4v" download_url="http://downloads.digital-campus.org/media/ujjwal/iucd/iucd-rajesh-kumar.m4v" digest="b99cb78aec5fba8522876d568c804277" filesize="2520208" length="72"/></media></module>
