<?xml version="1.0"?>
<module><meta><versionid>20140701112128</versionid><priority>0</priority><server>http://demo.oppia-mobile.org/</server><title lang="en">Injectables</title><shortname>us-inj</shortname><description lang="en"></description><langs><lang>en</lang></langs></meta><structure><section order="1"><title lang="en">Client pre-test</title><activities><activity type="feedback" order="1" digest="b84d408526ecbdfba97d876ad463d1a214726"><title lang="en">Client Pre-test</title><content lang="en">{"description":"Client pre-test","id":1216,"lastupdated_date":"2014-06-30T18:40:09","owner":"\/api\/v1\/user\/1\/","props":{"courseversion":"20140630174243","digest":"b84d408526ecbdfba97d876ad463d1a214726","maxscore":0},"questions":[{"id":11255,"order":1,"question":{"id":11461,"props":{"required":"true"},"responses":[],"title":"Name","type":"essay"}},{"id":11256,"order":2,"question":{"id":11462,"props":{"required":"true"},"responses":[],"title":"Age","type":"essay"}},{"id":11257,"order":3,"question":{"id":11463,"props":{"required":"true"},"responses":[{"id":30514,"order":1,"props":{},"score":"0.00","title":"Male"},{"id":30515,"order":2,"props":{},"score":"0.00","title":"Female"}],"title":"Gender","type":"multichoice"}},{"id":11258,"order":4,"question":{"id":11464,"props":{"required":"true"},"responses":[{"id":30516,"order":1,"props":{},"score":"0.00","title":"Yes"},{"id":30517,"order":2,"props":{},"score":"0.00","title":"No"}],"title":"Are you currently pregnant\/ expecting a child?","type":"multichoice"}},{"id":11259,"order":5,"question":{"id":11465,"props":{"required":"false"},"responses":[{"id":30518,"order":1,"props":{},"score":"0.00","title":"1"},{"id":30519,"order":2,"props":{},"score":"0.00","title":"2"},{"id":30520,"order":3,"props":{},"score":"0.00","title":"3"},{"id":30521,"order":4,"props":{},"score":"0.00","title":"4"},{"id":30522,"order":5,"props":{},"score":"0.00","title":"More than 4"}],"title":"How many children do you have?","type":"multichoice"}},{"id":11260,"order":6,"question":{"id":11466,"props":{"required":"true"},"responses":[{"id":30523,"order":1,"props":{},"score":"0.00","title":"Yes"},{"id":30524,"order":2,"props":{},"score":"0.00","title":"No"}],"title":"Do you believe it is important to space children?","type":"multichoice"}},{"id":11261,"order":7,"question":{"id":11467,"props":{"required":"true"},"responses":[{"id":30525,"order":1,"props":{},"score":"0.00","title":"Yes"},{"id":30526,"order":2,"props":{},"score":"0.00","title":"No"}],"title":"Do you believe it is important to limit family size?","type":"multichoice"}},{"id":11262,"order":8,"question":{"id":11468,"props":{"required":"true"},"responses":[{"id":30527,"order":1,"props":{},"score":"0.00","title":"Yes"},{"id":30528,"order":2,"props":{},"score":"0.00","title":"No"}],"title":"Are you aware of family planning?","type":"multichoice"}},{"id":11263,"order":9,"question":{"id":11469,"props":{"required":"true"},"responses":[{"id":30529,"order":1,"props":{},"score":"0.00","title":"Injectables"},{"id":30530,"order":2,"props":{},"score":"0.00","title":"IUCD or Copper T"},{"id":30531,"order":3,"props":{},"score":"0.00","title":"Condom"},{"id":30532,"order":4,"props":{},"score":"0.00","title":"Female Sterilization"},{"id":30533,"order":5,"props":{},"score":"0.00","title":"Male Sterilization"},{"id":30534,"order":6,"props":{},"score":"0.00","title":"OCPs"}],"title":"Which of the following family planning option are you aware of?","type":"multichoice"}},{"id":11264,"order":10,"question":{"id":11470,"props":{"required":"true"},"responses":[{"id":30535,"order":1,"props":{},"score":"0.00","title":"Yes"},{"id":30536,"order":2,"props":{},"score":"0.00","title":"No"}],"title":"Are you using of any the methods listed above?","type":"multichoice"}},{"id":11265,"order":11,"question":{"id":11471,"props":{"required":"false"},"responses":[{"id":30537,"order":1,"props":{},"score":"0.00","title":"Yes"},{"id":30538,"order":2,"props":{},"score":"0.00","title":"No"},{"id":30539,"order":3,"props":{},"score":"0.00","title":"Don't know\/can't say"}],"title":"Do you think family planning methods are safe to use?","type":"multichoice"}},{"id":11266,"order":12,"question":{"id":11472,"props":{"required":"true"},"responses":[{"id":30540,"order":1,"props":{},"score":"0.00","title":"Yes"},{"id":30541,"order":2,"props":{},"score":"0.00","title":"Perhaps, with some assistance"},{"id":30542,"order":3,"props":{},"score":"0.00","title":"No"},{"id":30543,"order":4,"props":{},"score":"0.00","title":"Not interested"}],"title":"Do you feel confident you will be able to use family planning?","type":"multichoice"}},{"id":11267,"order":13,"question":{"id":11473,"props":{"required":"true"},"responses":[{"id":30544,"order":1,"props":{},"score":"0.00","title":"Yes"},{"id":30545,"order":2,"props":{},"score":"0.00","title":"No"}],"title":"Do you intend to adopt family planning?","type":"multichoice"}},{"id":11268,"order":14,"question":{"id":11474,"props":{"required":"false"},"responses":[{"id":30546,"order":1,"props":{},"score":"0.00","title":"Today"},{"id":30547,"order":2,"props":{},"score":"0.00","title":"Within 1 week"},{"id":30548,"order":3,"props":{},"score":"0.00","title":"Within 2 weeks"},{"id":30549,"order":4,"props":{},"score":"0.00","title":"Within 1 month"},{"id":30550,"order":5,"props":{},"score":"0.00","title":"More than 1 month"},{"id":30551,"order":6,"props":{},"score":"0.00","title":"Never"}],"title":"How soon do you intend to begin using family planning?","type":"multichoice"}}],"resource_uri":"\/api\/v1\/quiz\/1216\/","title":"Client Pre-test"}</content></activity></activities></section><section order="2"><title lang="en">Doctor Speaks</title><activities><activity type="page" order="1" digest="e0391758c882d7d51ac0a639ff2a0b2e14721"><title lang="en">Injectables</title><media><file filename="Injectables.m4v" download_url="http://downloads.digital-campus.org/media/ujjwal/injectables/Injectables.m4v" digest="b054afcd0ae9f7bcd26ebd955a6e4ee0" filesize="20737238" length="250"/></media><image filename="/images/14721.png"/><location lang="en">02_14721_en.html</location></activity></activities></section><section order="3"><title lang="en">Entertainment Films</title><activities><activity type="page" order="1" digest="7b0400000f0121a3c1cd4525b971212214722"><title lang="en">Love Befikr</title><media><file filename="love-befikr.m4v" download_url="http://downloads.digital-campus.org/media/ujjwal/injectables/love-befikr.m4v" digest="981f4d5a01b33748294e1915d5a62dfd" filesize="14313716" length="442"/></media><image filename="/images/14722.png"/><location lang="en">03_14722_en.html</location></activity></activities></section><section order="4"><title lang="en">Real Stories</title><activities><activity type="page" order="1" digest="d9d9cecea3b34a742bf446a858f4b25b14723"><title lang="en">Govind n Rachna</title><media><file filename="Govind-n-Rachna.m4v" download_url="http://downloads.digital-campus.org/media/ujjwal/injectables/Govind-n-Rachna.m4v" digest="a0192d0e3ebbfa304f2991f8252e7e29" filesize="34278623" length="150"/></media><image filename="/images/14723.png"/><location lang="en">04_14723_en.html</location></activity></activities></section><section order="5"><title lang="en">TV Advertisement</title><activities><activity type="page" order="1" digest="d8160b4a05474360b02752ec95b504e514724"><title lang="en">Rajesh Kumar</title><media><file filename="rajesh-kumar.m4v" download_url="http://downloads.digital-campus.org/media/ujjwal/injectables/rajesh-kumar.m4v" digest="e8fedd2d4b8e453192ab1ba1a18a9bee" filesize="13403589" length="61"/></media><image filename="/images/14724.png"/><location lang="en">05_14724_en.html</location></activity><activity type="page" order="2" digest="6331d0340fdb0410deeba51e858e807714725"><title lang="en">Excuse</title><media><file filename="advert.m4v" download_url="http://downloads.digital-campus.org/media/ujjwal/injectables/advert.m4v" digest="a926bbfe57c627cb315551cff8b0dc81" filesize="1267271" length="51"/></media><image filename="/images/14725.png"/><location lang="en">05_14725_en.html</location></activity></activities></section><section order="6"><title lang="en">Client Exit Interview</title><activities><activity type="feedback" order="1" digest="2950c8e5d62a41012e8b7666df8a984714727"><title lang="en">Client Exit Interview</title><content lang="en">{"description":"Client Exit Interview","id":1217,"lastupdated_date":"2014-06-30T18:40:37","owner":"\/api\/v1\/user\/1\/","props":{"courseversion":"20140630174243","digest":"2950c8e5d62a41012e8b7666df8a984714727","maxscore":0},"questions":[{"id":11269,"order":1,"question":{"id":11475,"props":{"required":"true"},"responses":[{"id":30552,"order":1,"props":{},"score":"0.00","title":"1"},{"id":30553,"order":2,"props":{},"score":"0.00","title":"2"},{"id":30554,"order":3,"props":{},"score":"0.00","title":"3"},{"id":30555,"order":4,"props":{},"score":"0.00","title":"4"},{"id":30556,"order":5,"props":{},"score":"0.00","title":"More than 4"}],"title":"How many videos did you see?","type":"multichoice"}},{"id":11270,"order":2,"question":{"id":11476,"props":{"required":"false"},"responses":[{"id":30557,"order":1,"props":{},"score":"0.00","title":"Spacing"},{"id":30558,"order":2,"props":{},"score":"0.00","title":"Limiting"},{"id":30559,"order":3,"props":{},"score":"0.00","title":"Delaying"},{"id":30560,"order":4,"props":{},"score":"0.00","title":"FP Methods"}],"title":"What was the main message of the video(s) you watched?","type":"multichoice"}},{"id":11271,"order":3,"question":{"id":11477,"props":{"required":"false"},"responses":[{"id":30561,"order":1,"props":{},"score":"0.00","title":"Yes"},{"id":30562,"order":2,"props":{},"score":"0.00","title":"No"}],"title":"Was the information in the video(s) useful for you in selecting a family planning method?","type":"multichoice"}},{"id":11272,"order":4,"question":{"id":11478,"props":{"required":"false"},"responses":[{"id":30563,"order":1,"props":{},"score":"0.00","title":"Doctor Speaks"},{"id":30564,"order":2,"props":{},"score":"0.00","title":"Entertainment Films"},{"id":30565,"order":3,"props":{},"score":"0.00","title":"Real Stories"},{"id":30566,"order":4,"props":{},"score":"0.00","title":"TV Commercials"}],"title":"Which videos did you find most relevant?","type":"multichoice"}},{"id":11273,"order":5,"question":{"id":11479,"props":{"required":"true"},"responses":[{"id":30567,"order":1,"props":{},"score":"0.00","title":"Yes"},{"id":30568,"order":2,"props":{},"score":"0.00","title":"No"}],"title":"Do you believe it is important to space children?","type":"multichoice"}},{"id":11274,"order":6,"question":{"id":11480,"props":{"required":"false"},"responses":[{"id":30569,"order":1,"props":{},"score":"0.00","title":"Yes"},{"id":30570,"order":2,"props":{},"score":"0.00","title":"No"}],"title":"Do you believe it is important to limit family size?","type":"multichoice"}},{"id":11275,"order":7,"question":{"id":11481,"props":{"required":"true"},"responses":[{"id":30571,"order":1,"props":{},"score":"0.00","title":"Yes"},{"id":30572,"order":2,"props":{},"score":"0.00","title":"No"},{"id":30573,"order":3,"props":{},"score":"0.00","title":"Don't know\/Can't say"}],"title":"Do you think family planning methods are safe to use?","type":"multichoice"}},{"id":11276,"order":8,"question":{"id":11482,"props":{"required":"true"},"responses":[{"id":30574,"order":1,"props":{},"score":"0.00","title":"True"},{"id":30575,"order":2,"props":{},"score":"0.00","title":"False"}],"title":"It is normal for women to have irregular periods \/ spotting when starting to use this method","type":"multichoice"}},{"id":11277,"order":9,"question":{"id":11483,"props":{"required":"true"},"responses":[{"id":30576,"order":1,"props":{},"score":"0.00","title":"True"},{"id":30577,"order":2,"props":{},"score":"0.00","title":"False"}],"title":"It is normal if a woman's period stops with regular use of this method","type":"multichoice"}},{"id":11278,"order":10,"question":{"id":11484,"props":{"required":"true"},"responses":[{"id":30578,"order":1,"props":{},"score":"0.00","title":"True"},{"id":30579,"order":2,"props":{},"score":"0.00","title":"False"}],"title":"If you use this method you will NOT be able to have another child","type":"multichoice"}},{"id":11279,"order":11,"question":{"id":11485,"props":{"required":"true"},"responses":[{"id":30580,"order":1,"props":{},"score":"0.00","title":"Yes"},{"id":30581,"order":2,"props":{},"score":"0.00","title":"Perhaps, with some assistance"},{"id":30582,"order":3,"props":{},"score":"0.00","title":"No"},{"id":30583,"order":4,"props":{},"score":"0.00","title":"Not interested"}],"title":"Do you feel confident you will be able to use family planning?","type":"multichoice"}},{"id":11280,"order":12,"question":{"id":11486,"props":{"required":"true"},"responses":[{"id":30584,"order":1,"props":{},"score":"0.00","title":"Yes"},{"id":30585,"order":2,"props":{},"score":"0.00","title":"No"}],"title":"Do you intend to adopt family planning?","type":"multichoice"}},{"id":11281,"order":13,"question":{"id":11487,"props":{"required":"true"},"responses":[{"id":30586,"order":1,"props":{},"score":"0.00","title":"Today"},{"id":30587,"order":2,"props":{},"score":"0.00","title":"Within 1 week"},{"id":30588,"order":3,"props":{},"score":"0.00","title":"Within 2 weeks"},{"id":30589,"order":4,"props":{},"score":"0.00","title":"Within 1 month"},{"id":30590,"order":5,"props":{},"score":"0.00","title":"Never"}],"title":"How soon do you intend to begin using family planning?","type":"multichoice"}},{"id":11282,"order":14,"question":{"id":11488,"props":{"required":"true"},"responses":[{"id":30591,"order":1,"props":{},"score":"0.00","title":"Consult with spouse and family"},{"id":30592,"order":2,"props":{},"score":"0.00","title":"Visit Ujjwal Clinic"},{"id":30593,"order":3,"props":{},"score":"0.00","title":"Call Ujjwal Helpline"},{"id":30594,"order":4,"props":{},"score":"0.00","title":"Visit PHC"},{"id":30595,"order":5,"props":{},"score":"0.00","title":"No action plan"}],"title":"How will you start family planning?","type":"multichoice"}},{"id":11283,"order":15,"question":{"id":11489,"props":{"required":"true"},"responses":[{"id":30596,"order":1,"props":{},"score":"0.00","title":"IUCD"},{"id":30597,"order":2,"props":{},"score":"0.00","title":"Pills"},{"id":30598,"order":3,"props":{},"score":"0.00","title":"Injectables"},{"id":30599,"order":4,"props":{},"score":"0.00","title":"Condom"},{"id":30600,"order":5,"props":{},"score":"0.00","title":"Female Sterilization"},{"id":30601,"order":6,"props":{},"score":"0.00","title":"Male Sterilization"}],"title":"Which family planning method will you choose?","type":"multichoice"}}],"resource_uri":"\/api\/v1\/quiz\/1217\/","title":"Client Exit Interview"}</content></activity></activities></section></structure><media><file filename="Injectables.m4v" download_url="http://downloads.digital-campus.org/media/ujjwal/injectables/Injectables.m4v" digest="b054afcd0ae9f7bcd26ebd955a6e4ee0" filesize="20737238" length="250"/><file filename="love-befikr.m4v" download_url="http://downloads.digital-campus.org/media/ujjwal/injectables/love-befikr.m4v" digest="981f4d5a01b33748294e1915d5a62dfd" filesize="14313716" length="442"/><file filename="Govind-n-Rachna.m4v" download_url="http://downloads.digital-campus.org/media/ujjwal/injectables/Govind-n-Rachna.m4v" digest="a0192d0e3ebbfa304f2991f8252e7e29" filesize="34278623" length="150"/><file filename="rajesh-kumar.m4v" download_url="http://downloads.digital-campus.org/media/ujjwal/injectables/rajesh-kumar.m4v" digest="e8fedd2d4b8e453192ab1ba1a18a9bee" filesize="13403589" length="61"/><file filename="advert.m4v" download_url="http://downloads.digital-campus.org/media/ujjwal/injectables/advert.m4v" digest="a926bbfe57c627cb315551cff8b0dc81" filesize="1267271" length="51"/></media></module>
