<?xml version="1.0"?>
<module><meta><versionid>20140913061659</versionid><priority>5</priority><server>http://ujjwal.oppia-mobile.org/</server><title lang="hi">&#x917;&#x930;&#x94D;&#x92D;&#x92A;&#x93E;&#x924; &#x909;&#x92A;&#x930;&#x93E;&#x902;&#x924; &#x92A;&#x930;&#x93F;&#x935;&#x93E;&#x930; &#x928;&#x93F;&#x92F;&#x94B;&#x91C;&#x928; </title><title lang="en">Adopting an FP method post abortion</title><shortname>us-postabort</shortname><description lang="en"></description><activity type="feedback" order="2" digest="fedd31641ceb0780c84377c8311a268120873"><title lang="en">&#x92A;&#x930;&#x93F;&#x915;&#x94D;&#x937;&#x923; &#x938;&#x947; &#x92A;&#x939;&#x932;&#x947;</title><content lang="en">{"description":"\u092a\u0930\u093f\u0915\u094d\u0937\u0923 \u0938\u0947 \u092a\u0939\u0932\u0947","id":29,"lastupdated_date":"2014-09-13T00:15:59","owner":"\/api\/v1\/user\/1\/","props":{"courseversion":"20140913061629","digest":"fedd31641ceb0780c84377c8311a268120873","maxscore":0},"questions":[{"id":133,"order":1,"question":{"id":133,"props":{"required":"true"},"responses":[{"id":443,"order":1,"props":{},"score":"0.00","title":"\u0939\u093e\u0901"},{"id":444,"order":2,"props":{},"score":"0.00","title":"\u0928\u0939\u0940\u0902"}],"title":"\u0917\u0930\u094d\u092d\u092a\u093e\u0924 \u0915\u0947 \u092c\u093e\u0926 \u092a\u0930\u093f\u0935\u093e\u0930 \u0928\u093f\u092f\u094b\u091c\u0928 \u0905\u092a\u0928\u093e\u0928\u093e\u0928\u0947 \u0915\u0947 \u0932\u093f\u090f \u0915\u094b\u0908 \u0938\u093e\u0927\u0928 \u0909\u092a\u0932\u092c\u094d\u0927 \u0928\u0939\u0940\u0902 \u0939\u0948?","type":"multichoice"}},{"id":134,"order":2,"question":{"id":134,"props":{"required":"true"},"responses":[{"id":445,"order":1,"props":{},"score":"0.00","title":"\u0939\u093e\u0901"},{"id":446,"order":2,"props":{},"score":"0.00","title":"\u0928\u0939\u0940\u0902"}],"title":"\u092c\u093e\u0930 \u092c\u093e\u0930 \u0917\u0930\u094d\u092d\u092a\u093e\u0924 \u0938\u094d\u0935\u093e\u0938\u094d\u0925\u094d\u092f \u0915\u0947 \u0932\u093f\u090f \u0916\u0924\u0930\u0928\u093e\u0915 \u0914\u0930 \u0939\u093e\u0928\u093f\u0915\u093e\u0930\u0915 \u0939\u0948?","type":"multichoice"}},{"id":135,"order":3,"question":{"id":135,"props":{"required":"true"},"responses":[{"id":447,"order":1,"props":{},"score":"0.00","title":"\u0939\u093e\u0901"},{"id":448,"order":2,"props":{},"score":"0.00","title":"\u0928\u0939\u0940\u0902"}],"title":"\u092a\u0930\u093f\u0935\u093e\u0930 \u0928\u093f\u092f\u094b\u091c\u0928 \u0905\u092a\u0928\u093e\u0928\u093e\u0928\u0947 \u0938\u0947 \u0905\u0928\u091a\u093e\u0939\u0947 \u0917\u0930\u094d\u092d \u0915\u093e \u091d\u0902\u091d\u091f \u0916\u0924\u094d\u092e \u0939\u094b \u091c\u093e\u0924\u093e \u0939\u0948?","type":"multichoice"}},{"id":136,"order":4,"question":{"id":136,"props":{"required":"true"},"responses":[{"id":449,"order":1,"props":{},"score":"0.00","title":"\u0939\u093e\u0901"},{"id":450,"order":2,"props":{},"score":"0.00","title":"\u0928\u0939\u0940\u0902"},{"id":451,"order":3,"props":{},"score":"0.00","title":"\u092a\u0924\u093e \u0928\u0939\u0940\u0902"}],"title":"\u0915\u094d\u092f\u093e \u0906\u092a \u092a\u0930\u093f\u0935\u093e\u0930 \u0928\u093f\u092f\u094b\u091c\u0928 \u0915\u093e \u0938\u093e\u0927\u0928 \u0905\u092a\u0928\u093e\u0928\u093e \u091a\u093e\u0939\u0924\u0947 \u0939\u0948\u0902?","type":"multichoice"}},{"id":137,"order":5,"question":{"id":137,"props":{"required":"true"},"responses":[{"id":452,"order":1,"props":{},"score":"0.00","title":"\u0906\u091c"},{"id":453,"order":2,"props":{},"score":"0.00","title":"\u090f\u0915 \u0939\u092b\u094d\u0924\u0947"},{"id":454,"order":3,"props":{},"score":"0.00","title":"\u090f\u0915 \u092e\u0939\u0940\u0928\u0947"},{"id":455,"order":4,"props":{},"score":"0.00","title":"\u090f\u0915 \u092e\u0939\u0940\u0928\u0947 \u0938\u0947 \u091c\u094d\u092f\u093e\u0926\u093e"},{"id":456,"order":5,"props":{},"score":"0.00","title":"\u092a\u0924\u093e \u0928\u0939\u0940\u0902"}],"title":"\u0906\u092a \u0915\u092c \u0938\u0947 \u092a\u0930\u093f\u0935\u093e\u0930 \u0928\u093f\u092f\u094b\u091c\u0928 \u0915\u093e \u0938\u093e\u0927\u0928 \u0909\u092a\u092f\u094b\u0917 \u0915\u0930\u0928\u093e \u0936\u0930\u0942 \u0915\u0930\u0947\u0902\u0917\u0947 ? (\u090f\u0915 \u0915\u094b \u091a\u0941\u0928\u0947\u0902)","type":"multichoice"}}],"resource_uri":"\/api\/v1\/quiz\/29\/","title":"\u092a\u0930\u093f\u0915\u094d\u0937\u0923 \u0938\u0947 \u092a\u0939\u0932\u0947"}</content></activity><image filename="/images/21616.png"/><langs><lang>hi</lang><lang>en</lang></langs></meta><structure><section order="1"><title lang="hi">&#x926;&#x935;&#x93E; &#x926;&#x94D;&#x935;&#x93E;&#x930;&#x93E; &#x917;&#x930;&#x94D;&#x92D;&#x92A;&#x93E;&#x924; &#xD;
</title><title lang="en">Medical abortion kit&#xD;
</title><activities><activity type="page" order="1" digest="bcc92a34ba24df7db16362f5f436b64e20622"><title lang="hi">&#x926;&#x935;&#x93E; &#x926;&#x94D;&#x935;&#x93E;&#x930;&#x93E; &#x917;&#x930;&#x94D;&#x92D;&#x92A;&#x93E;&#x924; </title><title lang="en">Medical abortion kit</title><image filename="/images/20622.png"/><location lang="en">01_20622_en.html</location></activity><activity type="page" order="2" digest="9817a145b70d704fb5d2365be1b6a4a920720"><title lang="hi">&#x921;&#x949;&#x915;&#x94D;&#x91F;&#x930; &#x92B;&#x93F;&#x932;&#x94D;&#x92E; </title><title lang="en">Doctor Speaks</title><media><file filename="doctor-speaks-on-medical-abortion-kit.m4v" download_url="http://downloads.digital-campus.org/media/ujjwal/doctor-speaks-on-medical-abortion-kit.m4v" digest="5c89210f566778371db01db500d8c8c7" filesize="5302483" length="229"/></media><image filename="/images/20720.png"/><location lang="en">01_20720_en.html</location></activity><activity type="page" order="3" digest="96a6f72fe9e8d3ff02fbe0830b56275e20733"><title lang="hi">&#x938;&#x91A;&#x94D;&#x91A;&#x940; &#x915;&#x939;&#x93E;&#x928;&#x93F;&#x92F;&#x93E;&#x902; </title><title lang="en">Real Stories</title><media><file filename="suresh-and-kusum.m4v" download_url="http://downloads.digital-campus.org/media/ujjwal/suresh-and-kusum.m4v" digest="a01dc1ee31c0cd167b41cab7e49c20ce" filesize="4125397" length="176"/></media><image filename="/images/20733.png"/><location lang="en">01_20733_en.html</location></activity><activity type="page" order="4" digest="f7312afe0a20148da7a27dc84b7ca91320734"><title lang="hi">&#x92E;&#x928;&#x94B;&#x930;&#x902;&#x91C;&#x915; &#x92B;&#x93F;&#x932;&#x94D;&#x92E;&#x947;&#x902; </title><title lang="en">Entertainment Films</title><media><file filename="poora-answer.m4v" download_url="http://downloads.digital-campus.org/media/ujjwal/poora-answer.m4v" digest="8e7073ededed4f4d7ac6f97ad1071aed" filesize="15256507" length="549"/></media><image filename="/images/20734.png"/><location lang="en">01_20734_en.html</location></activity><activity type="page" order="5" digest="aae4487b84dd9574b13e0c5e6f50095a20791"><title lang="hi">&#x926;&#x935;&#x93E; &#x926;&#x94D;&#x935;&#x93E;&#x930;&#x93E; &#x917;&#x930;&#x94D;&#x92D;&#x92A;&#x93E;&#x924; </title><title lang="en">Medical abortion kit</title><location lang="hi">01_20791_hi.html</location><location lang="en">01_20791_en.html</location></activity><activity type="page" order="6" digest="e575b755a4e68809616f71b8cf24d21520850"><title lang="hi">&#x915;&#x930;&#x935;&#x93E;&#x908; &#x915;&#x947; &#x91A;&#x930;&#x923;</title><title lang="en">Action Steps</title><location lang="hi">01_20850_hi.html</location><location lang="en">01_20850_en.html</location></activity></activities></section><section order="2"><title lang="hi">&#x906;&#x908;.&#x92F;&#x942;.&#x938;&#x947;.&#x921;&#x940;</title><title lang="en">IUCD</title><activities><activity type="page" order="1" digest="3e9e6d8a928303eeec198760702606c220838"><title lang="hi">&#x906;&#x908;.&#x92F;&#x942;.&#x938;&#x947;.&#x921;&#x940;. </title><title lang="en">IUCD</title><image filename="/images/20838.png"/><location lang="en">02_20838_en.html</location></activity><activity type="page" order="2" digest="3239f72beae9f99080da65858ed4bbe720721"><title lang="hi">&#x921;&#x949;&#x915;&#x94D;&#x91F;&#x930; &#x92B;&#x93F;&#x932;&#x94D;&#x92E; </title><title lang="en">Doctor Speaks</title><media><file filename="doctor-speaks-on-iucd.m4v" download_url="http://downloads.digital-campus.org/media/ujjwal/doctor-speaks-on-iucd.m4v" digest="3095ccc0d6405f85b53cfbb3dde1fd9d" filesize="8451962" length="345"/></media><image filename="/images/20721.png"/><location lang="en">02_20721_en.html</location></activity><activity type="page" order="3" digest="fb83678ce3cdc2f5760364cd2e0a3acd20732"><title lang="hi">&#x938;&#x91A;&#x94D;&#x91A;&#x940; &#x915;&#x939;&#x93E;&#x928;&#x93F;&#x92F;&#x93E;&#x902; </title><title lang="en">Real Stories</title><media><file filename="amrita-and-gajendra.m4v" download_url="http://downloads.digital-campus.org/media/ujjwal/amrita-and-gajendra.m4v" digest="c9ad170ecf1844a8685dbf08b83a50bf" filesize="8182807" length="180"/></media><image filename="/images/20732.png"/><location lang="en">02_20732_en.html</location></activity><activity type="page" order="4" digest="c819f4c096b91f86ef668f3cfbe131fc20735"><title lang="hi">&#x92E;&#x928;&#x94B;&#x930;&#x902;&#x91C;&#x915; &#x92B;&#x93F;&#x932;&#x94D;&#x92E;&#x947;&#x902; </title><title lang="en">Entertainment Films</title><media><file filename="right-choice.m4v" download_url="http://downloads.digital-campus.org/media/ujjwal/right-choice.m4v" digest="2d0aa6644b2802e831290229c93537b6" filesize="12883797" length="440"/></media><image filename="/images/20735.png"/><location lang="en">02_20735_en.html</location></activity><activity type="page" order="5" digest="9cee01ee98ad3c690bb9b96c0c6db24020740"><title lang="hi">&#x91F;&#x940;.&#x935;&#x940;. &#x935;&#x93F;&#x91C;&#x94D;&#x91E;&#x93E;&#x92A;&#x928; </title><title lang="en">TV Advertisements</title><media><file filename="rajesh-kumar.m4v" download_url="http://downloads.digital-campus.org/media/ujjwal/rajesh-kumar.m4v" digest="e44451268715a1c9acef8883db6a4af5" filesize="2520203" length="72"/></media><image filename="/images/20740.png"/><location lang="en">02_20740_en.html</location></activity><activity type="page" order="6" digest="549c150c12ff8a18317530b96983f8a820793"><title lang="hi">&#x906;&#x908;.&#x92F;&#x942;.&#x938;&#x947;.&#x921;&#x940;. </title><title lang="en">IUCD</title><location lang="hi">02_20793_hi.html</location><location lang="en">02_20793_en.html</location></activity><activity type="page" order="7" digest="f863228ce950d34b95eb3d3deb26a2e420923"><title lang="hi">&#x915;&#x930;&#x935;&#x93E;&#x908; &#x915;&#x947; &#x91A;&#x930;&#x923;</title><title lang="en">Action Steps</title><location lang="hi">02_20923_hi.html</location><location lang="en">02_20923_en.html</location></activity></activities></section><section order="3"><title lang="hi">&#x917;&#x930;&#x94D;&#x92D;&#x928;&#x93F;&#x930;&#x94B;&#x927;&#x915; &#x938;&#x942;&#x908; &#xD;
</title><title lang="en">Injectable&#xD;
</title><activities><activity type="page" order="1" digest="21e795d0d21cbd444edcf0bc43aa8e4d20839"><title lang="hi">&#x917;&#x930;&#x94D;&#x92D;&#x928;&#x93F;&#x930;&#x94B;&#x927;&#x915; &#x938;&#x942;&#x908; </title><title lang="en">Injectable</title><image filename="/images/20839.png"/><location lang="en">03_20839_en.html</location></activity><activity type="page" order="2" digest="de7635ca98adac426f914c0c7da68e8220722"><title lang="hi">&#x921;&#x949;&#x915;&#x94D;&#x91F;&#x930; &#x92B;&#x93F;&#x932;&#x94D;&#x92E; </title><title lang="en">Doctor Speaks</title><media><file filename="doctor-speaks-on-injectable.m4v" download_url="http://downloads.digital-campus.org/media/ujjwal/doctor-speaks-on-injectable.m4v" digest="ab08306ca4722aa3bf450e417fdd39f6" filesize="6142156" length="250"/></media><image filename="/images/20722.png"/><location lang="en">03_20722_en.html</location></activity><activity type="page" order="3" digest="d9660369af9911e23612c7301e5d544f20731"><title lang="hi">&#x938;&#x91A;&#x94D;&#x91A;&#x940; &#x915;&#x939;&#x93E;&#x928;&#x93F;&#x92F;&#x93E;&#x902; </title><title lang="en">Real Stories</title><media><file filename="nishu-and-jitendra.m4v" download_url="http://downloads.digital-campus.org/media/ujjwal/nishu-and-jitendra.m4v" digest="ea08ab70165899d1c04e8c9ef24b191b" filesize="9974916" length="180"/><file filename="shamsun-and-aas-mohammed.m4v" download_url="http://downloads.digital-campus.org/media/ujjwal/shamsun-and-aas-mohammed.m4v" digest="c42e2f1e5bfc639ef85ad9b46a29894a" filesize="8359273" length="180"/></media><image filename="/images/20731.png"/><location lang="en">03_20731_en.html</location></activity><activity type="page" order="4" digest="fcef55e895d6fbfde8a4e5c79380d3ea20736"><title lang="hi">&#x92E;&#x928;&#x94B;&#x930;&#x902;&#x91C;&#x915; &#x92B;&#x93F;&#x932;&#x94D;&#x92E;&#x947;&#x902; </title><title lang="en">Entertainment Films</title><media><file filename="love-befikr.m4v" download_url="http://downloads.digital-campus.org/media/ujjwal/love-befikr.m4v" digest="cdc496f7575a277c232458828b311e45" filesize="14313716" length="442"/></media><image filename="/images/20736.png"/><location lang="en">03_20736_en.html</location></activity><activity type="page" order="5" digest="cc9894a8cb93256746cad13ed239143a20741"><title lang="hi">&#x91F;&#x940;.&#x935;&#x940;. &#x935;&#x93F;&#x91C;&#x94D;&#x91E;&#x93E;&#x92A;&#x928; </title><title lang="en">TV Advertisements</title><media><file filename="bahana.m4v" download_url="http://downloads.digital-campus.org/media/ujjwal/bahana.m4v" digest="a3e689f6f27af41fc00a6f4d1c397b3c" filesize="1267262" length="51"/></media><image filename="/images/20741.png"/><location lang="en">03_20741_en.html</location></activity><activity type="page" order="6" digest="e52f38179e69df95432e8ac13af7cec120771"><title lang="hi">&#x917;&#x930;&#x94D;&#x92D;&#x928;&#x93F;&#x930;&#x94B;&#x927;&#x915; &#x938;&#x942;&#x908;</title><title lang="en">Injectable</title><location lang="hi">03_20771_hi.html</location><location lang="en">03_20771_en.html</location></activity><activity type="page" order="7" digest="f863228ce950d34b95eb3d3deb26a2e420924"><title lang="hi">&#x915;&#x930;&#x935;&#x93E;&#x908; &#x915;&#x947; &#x91A;&#x930;&#x923;</title><title lang="en">Action Steps</title><location lang="hi">03_20924_hi.html</location><location lang="en">03_20924_en.html</location></activity></activities></section><section order="4"><title lang="hi">&#x917;&#x930;&#x94D;&#x92D; &#x928;&#x93F;&#x930;&#x94B;&#x927;&#x915; &#x917;&#x94B;&#x932;&#x940; </title><title lang="en">OCP</title><activities><activity type="page" order="1" digest="220a352e040ccc46aabe3f3491d37b6820840"><title lang="hi">&#x917;&#x930;&#x94D;&#x92D; &#x928;&#x93F;&#x930;&#x94B;&#x927;&#x915; &#x917;&#x94B;&#x932;&#x940; </title><title lang="en">OCP</title><image filename="/images/20840.png"/><location lang="en">04_20840_en.html</location></activity><activity type="page" order="2" digest="8d5611f8b5ab2872c66739977269990920723"><title lang="hi">&#x921;&#x949;&#x915;&#x94D;&#x91F;&#x930; &#x92B;&#x93F;&#x932;&#x94D;&#x92E; </title><title lang="en">Doctor Speaks</title><media><file filename="doctor-speaks-on-ocp.m4v" download_url="http://downloads.digital-campus.org/media/ujjwal/doctor-speaks-on-ocp.m4v" digest="9ebcc29dc792259283e8d495ebae4b03" filesize="7530833" length="304"/></media><image filename="/images/20723.png"/><location lang="en">04_20723_en.html</location></activity><activity type="page" order="3" digest="e368fd7a74c2bec1a5a0fcb90b42204020730"><title lang="hi">&#x938;&#x91A;&#x94D;&#x91A;&#x940; &#x915;&#x939;&#x93E;&#x928;&#x93F;&#x92F;&#x93E;&#x902; </title><title lang="en">Real Stories</title><media><file filename="sarita-and-raj-kishore.m4v" download_url="http://downloads.digital-campus.org/media/ujjwal/sarita-and-raj-kishore.m4v" digest="1389ec0a080ca9b3b39bfe357c78c46e" filesize="8110915" length="180"/></media><image filename="/images/20730.png"/><location lang="en">04_20730_en.html</location></activity><activity type="page" order="4" digest="03ddaefc4d75b969575aa6b7cbd3e11220775"><title lang="hi">&#x917;&#x930;&#x94D;&#x92D; &#x928;&#x93F;&#x930;&#x94B;&#x927;&#x915; &#x917;&#x94B;&#x932;&#x940; </title><title lang="en">OCP</title><location lang="hi">04_20775_hi.html</location><location lang="en">04_20775_en.html</location></activity><activity type="page" order="5" digest="f863228ce950d34b95eb3d3deb26a2e420925"><title lang="hi">&#x915;&#x930;&#x935;&#x93E;&#x908; &#x915;&#x947; &#x91A;&#x930;&#x923;</title><title lang="en">Action Steps</title><location lang="hi">04_20925_hi.html</location><location lang="en">04_20925_en.html</location></activity></activities></section><section order="5"><title lang="hi">&#x915;&#x902;&#x921;&#x94B;&#x92E; </title><title lang="en">Condom</title><activities><activity type="page" order="1" digest="bd8388551776a62b3f523a4fd070a04220841"><title lang="hi">&#x915;&#x902;&#x921;&#x94B;&#x92E; </title><title lang="en">Condom</title><image filename="/images/20841.png"/><location lang="en">05_20841_en.html</location></activity><activity type="page" order="2" digest="570843f5fc340212b5c6e0ab2dd986b820724"><title lang="hi">&#x921;&#x949;&#x915;&#x94D;&#x91F;&#x930; &#x92B;&#x93F;&#x932;&#x94D;&#x92E; </title><title lang="en">Doctor Speaks</title><media><file filename="doctor-speaks-on-condom.m4v" download_url="http://downloads.digital-campus.org/media/ujjwal/doctor-speaks-on-condom.m4v" digest="eb2f0739f8c03c431c8eeb4eb966cc6b" filesize="3731126" length="227"/></media><image filename="/images/20724.png"/><location lang="en">05_20724_en.html</location></activity><activity type="page" order="3" digest="cc10667d9010c6e70969026ca82d578420729"><title lang="hi">&#x938;&#x91A;&#x94D;&#x91A;&#x940; &#x915;&#x939;&#x93E;&#x928;&#x93F;&#x92F;&#x93E;&#x902; </title><title lang="en">Real Stories</title><media><file filename="raj-kumar-and-suman.m4v" download_url="http://downloads.digital-campus.org/media/ujjwal/raj-kumar-and-suman.m4v" digest="01f01a1a7f9e5277489b6ea1eeef8dbb" filesize="4742281" length="169"/></media><image filename="/images/20729.png"/><location lang="en">05_20729_en.html</location></activity><activity type="page" order="4" digest="c0dbfe7037ec2f0fd28c3d65216f1ca420739"><title lang="hi">&#x92E;&#x928;&#x94B;&#x930;&#x902;&#x91C;&#x915; &#x92B;&#x93F;&#x932;&#x94D;&#x92E;&#x947;&#x902; </title><title lang="en">Entertainment Films</title><media><file filename="smart-soch.m4v" download_url="http://downloads.digital-campus.org/media/ujjwal/smart-soch.m4v" digest="4ee512c4fd54c2e481a085ebb43e6c6e" filesize="17877131" length="499"/></media><image filename="/images/20739.png"/><location lang="en">05_20739_en.html</location></activity><activity type="page" order="5" digest="83bf9cf1df64f58b98dca017b852fb4420773"><title lang="hi">&#x915;&#x902;&#x921;&#x94B;&#x92E; &#x915;&#x940; &#x91C;&#x93E;&#x928;&#x915;&#x93E;&#x930;&#x940; &#x932;&#x947;&#x902;</title><title lang="en">Get Condom Info</title><location lang="hi">05_20773_hi.html</location><location lang="en">05_20773_en.html</location></activity><activity type="page" order="6" digest="f863228ce950d34b95eb3d3deb26a2e420926"><title lang="hi">&#x915;&#x930;&#x935;&#x93E;&#x908; &#x915;&#x947; &#x91A;&#x930;&#x923;</title><title lang="en">Action Steps</title><location lang="hi">05_20926_hi.html</location><location lang="en">05_20926_en.html</location></activity></activities></section><section order="6"><title lang="hi">&#x92E;&#x939;&#x93F;&#x932;&#x93E; &#x928;&#x938;&#x92C;&#x902;&#x926;&#x940;  </title><title lang="en">Female Sterilization</title><activities><activity type="page" order="1" digest="5e338251cb46f10adbdfb527a14e513b20842"><title lang="hi">&#x92E;&#x939;&#x93F;&#x932;&#x93E; &#x928;&#x938;&#x92C;&#x902;&#x926;&#x940;  </title><title lang="en">Female Sterilization</title><image filename="/images/20842.png"/><location lang="en">06_20842_en.html</location></activity><activity type="page" order="2" digest="130ecb5dfc4c60132e6d0c4e8c279e1320725"><title lang="hi">&#x921;&#x949;&#x915;&#x94D;&#x91F;&#x930; &#x92B;&#x93F;&#x932;&#x94D;&#x92E; </title><title lang="en">Doctor Speaks</title><image filename="/images/20725.png"/><location lang="en">06_20725_en.html</location></activity><activity type="page" order="3" digest="130ecb5dfc4c60132e6d0c4e8c279e1320728"><title lang="hi">&#x938;&#x91A;&#x94D;&#x91A;&#x940; &#x915;&#x939;&#x93E;&#x928;&#x93F;&#x92F;&#x93E;&#x902; </title><title lang="en">Real Stories</title><image filename="/images/20728.png"/><location lang="en">06_20728_en.html</location></activity><activity type="page" order="4" digest="130ecb5dfc4c60132e6d0c4e8c279e1320737"><title lang="hi">&#x92E;&#x928;&#x94B;&#x930;&#x902;&#x91C;&#x915; &#x92B;&#x93F;&#x932;&#x94D;&#x92E;&#x947;&#x902; </title><title lang="en">Entertainment Films</title><image filename="/images/20737.png"/><location lang="en">06_20737_en.html</location></activity><activity type="page" order="5" digest="130ecb5dfc4c60132e6d0c4e8c279e1320742"><title lang="hi">&#x91F;&#x940;.&#x935;&#x940;. &#x935;&#x93F;&#x91C;&#x94D;&#x91E;&#x93E;&#x92A;&#x928; </title><title lang="en">TV Advertisements</title><image filename="/images/20742.png"/><location lang="en">06_20742_en.html</location></activity><activity type="page" order="6" digest="4470aac3306a97fcf8bbc3c6ebb01f7620846"><title lang="hi">&#x92E;&#x939;&#x93F;&#x932;&#x93E; &#x928;&#x938;&#x92C;&#x902;&#x926;&#x940;</title><title lang="en">Female Sterilization</title><location lang="hi">06_20846_hi.html</location><location lang="en">06_20846_en.html</location></activity><activity type="page" order="7" digest="f863228ce950d34b95eb3d3deb26a2e420927"><title lang="hi">&#x915;&#x930;&#x935;&#x93E;&#x908; &#x915;&#x947; &#x91A;&#x930;&#x923;</title><title lang="en">Action Steps</title><location lang="hi">06_20927_hi.html</location><location lang="en">06_20927_en.html</location></activity></activities></section><section order="7"><title lang="hi">&#x90F;&#x928;.&#x90F;&#x938;.&#x935;&#x940;.(&#x92A;&#x941;&#x930;&#x941;&#x937; &#x928;&#x938;&#x92C;&#x902;&#x926;&#x940;)</title><title lang="en">NSV (Male Sterilization)</title><activities><activity type="page" order="1" digest="2557a511e56d790a5acb25c5a1bec26220843"><title lang="hi">&#x90F;&#x928;.&#x90F;&#x938;.&#x935;&#x940;.(&#x92A;&#x941;&#x930;&#x941;&#x937; &#x928;&#x938;&#x92C;&#x902;&#x926;&#x940;)</title><title lang="en">NSV (Male Sterilization)</title><image filename="/images/20843.png"/><location lang="en">07_20843_en.html</location></activity><activity type="page" order="2" digest="ffe996751883c338619435549d67d9f420726"><title lang="hi">&#x921;&#x949;&#x915;&#x94D;&#x91F;&#x930; &#x92B;&#x93F;&#x932;&#x94D;&#x92E; </title><title lang="en">Doctor Speaks</title><media><file filename="doctor-speaks-on-nsv.m4v" download_url="http://downloads.digital-campus.org/media/ujjwal/doctor-speaks-on-nsv.m4v" digest="3e987d62ebd7e3c7ecf6aa58cbdb9938" filesize="5908493" length="247"/></media><image filename="/images/20726.png"/><location lang="en">07_20726_en.html</location></activity><activity type="page" order="3" digest="e4048ed941af258b3527f460a9113e3920727"><title lang="hi">&#x938;&#x91A;&#x94D;&#x91A;&#x940; &#x915;&#x939;&#x93E;&#x928;&#x93F;&#x92F;&#x93E;&#x902; </title><title lang="en">Real Stories</title><media><file filename="shubham-and-poonam.m4v" download_url="http://downloads.digital-campus.org/media/ujjwal/shubham-and-poonam.m4v" digest="376096c5faa46bb83e0865ff37c1d406" filesize="7747287" length="180"/></media><image filename="/images/20727.png"/><location lang="en">07_20727_en.html</location></activity><activity type="page" order="4" digest="4e021791c13446f00a708a5a3df5280220738"><title lang="hi">&#x92E;&#x928;&#x94B;&#x930;&#x902;&#x91C;&#x915; &#x92B;&#x93F;&#x932;&#x94D;&#x92E;&#x947;&#x902; </title><title lang="en">Entertainment Films</title><media><file filename="asli-dabangg.m4v" download_url="http://downloads.digital-campus.org/media/ujjwal/asli-dabangg.m4v" digest="73043300268362dd5410db827ec4bac7" filesize="21658083" length="588"/></media><image filename="/images/20738.png"/><location lang="en">07_20738_en.html</location></activity><activity type="page" order="5" digest="4d8ce6fcbe4d9f2d319be817cc495e1620743"><title lang="hi">&#x91F;&#x940;.&#x935;&#x940;. &#x935;&#x93F;&#x91C;&#x94D;&#x91E;&#x93E;&#x92A;&#x928; </title><title lang="en">TV Advertisements</title><media><file filename="munna-ki-kahani.m4v" download_url="http://downloads.digital-campus.org/media/ujjwal/munna-ki-kahani.m4v" digest="ee1493df1ae1e15879ae9c4c54f675b4" filesize="2648961" length="71"/></media><image filename="/images/20743.png"/><location lang="en">07_20743_en.html</location></activity><activity type="page" order="6" digest="b120221add8b9de0c76bdd36a068137720795"><title lang="hi">&#x90F;&#x928;.&#x90F;&#x938;.&#x935;&#x940;.(&#x92A;&#x941;&#x930;&#x941;&#x937; &#x928;&#x938;&#x92C;&#x902;&#x926;&#x940;) &#x915;&#x940; &#x91C;&#x93E;&#x928;&#x915;&#x93E;&#x930;&#x940;</title><title lang="en">NSV (Male Sterilization) Information</title><location lang="hi">07_20795_hi.html</location><location lang="en">07_20795_en.html</location></activity><activity type="page" order="7" digest="f863228ce950d34b95eb3d3deb26a2e420928"><title lang="hi">&#x915;&#x930;&#x935;&#x93E;&#x908; &#x915;&#x947; &#x91A;&#x930;&#x923;</title><title lang="en">Action Steps</title><location lang="hi">07_20928_hi.html</location><location lang="en">07_20928_en.html</location></activity></activities></section><section order="8"><title lang="hi">&#x92A;&#x930;&#x93F;&#x915;&#x94D;&#x937;&#x923; &#x915;&#x947; &#x92C;&#x93E;&#x926; </title><title lang="en">Post-Test</title><activities><activity type="feedback" order="1" digest="a80391069c9692b2a4fe1f4e1b28253c20874"><title lang="en">&#x92A;&#x930;&#x93F;&#x915;&#x94D;&#x937;&#x923; &#x915;&#x947; &#x92C;&#x93E;&#x926;</title><content lang="en">{"description":"Post-Test\u092a\u0930\u093f\u0915\u094d\u0937\u0923 \u0915\u0947 \u092c\u093e\u0926 ","id":30,"lastupdated_date":"2014-09-13T00:16:12","owner":"\/api\/v1\/user\/1\/","props":{"courseversion":"20140913061629","digest":"a80391069c9692b2a4fe1f4e1b28253c20874","maxscore":0},"questions":[{"id":138,"order":1,"question":{"id":138,"props":{"required":"true"},"responses":[{"id":457,"order":1,"props":{},"score":"0.00","title":"\u0939\u093e\u0901"},{"id":458,"order":2,"props":{},"score":"0.00","title":"\u0928\u0939\u0940\u0902"}],"title":"\u0917\u0930\u094d\u092d\u092a\u093e\u0924 \u0915\u0947 \u092c\u093e\u0926 \u092a\u0930\u093f\u0935\u093e\u0930 \u0928\u093f\u092f\u094b\u091c\u0928 \u0905\u092a\u0928\u093e\u0928\u093e\u0928\u0947 \u0915\u0947 \u0932\u093f\u090f \u0915\u094b\u0908 \u0938\u093e\u0927\u0928 \u0909\u092a\u0932\u092c\u094d\u0927 \u0928\u0939\u0940\u0902 \u0939\u0948?","type":"multichoice"}},{"id":139,"order":2,"question":{"id":139,"props":{"required":"true"},"responses":[{"id":459,"order":1,"props":{},"score":"0.00","title":"\u0939\u093e\u0901"},{"id":460,"order":2,"props":{},"score":"0.00","title":"\u0928\u0939\u0940\u0902"}],"title":"\u092c\u093e\u0930 \u092c\u093e\u0930 \u0917\u0930\u094d\u092d\u092a\u093e\u0924 \u0938\u094d\u0935\u093e\u0938\u094d\u0925\u094d\u092f \u0915\u0947 \u0932\u093f\u090f \u0916\u0924\u0930\u0928\u093e\u0915 \u0914\u0930 \u0939\u093e\u0928\u093f\u0915\u093e\u0930\u0915 \u0939\u0948?","type":"multichoice"}},{"id":140,"order":3,"question":{"id":140,"props":{"required":"true"},"responses":[{"id":461,"order":1,"props":{},"score":"0.00","title":"\u0939\u093e\u0901"},{"id":462,"order":2,"props":{},"score":"0.00","title":"\u0928\u0939\u0940\u0902"}],"title":"\u092a\u0930\u093f\u0935\u093e\u0930 \u0928\u093f\u092f\u094b\u091c\u0928 \u0905\u092a\u0928\u093e\u0928\u093e\u0928\u0947 \u0938\u0947 \u0905\u0928\u091a\u093e\u0939\u0947 \u0917\u0930\u094d\u092d \u0915\u093e \u091d\u0902\u091d\u091f \u0916\u0924\u094d\u092e \u0939\u094b \u091c\u093e\u0924\u093e \u0939\u0948?","type":"multichoice"}},{"id":141,"order":4,"question":{"id":141,"props":{"required":"true"},"responses":[{"id":463,"order":1,"props":{},"score":"0.00","title":"\u0939\u093e\u0901"},{"id":464,"order":2,"props":{},"score":"0.00","title":"\u0928\u0939\u0940\u0902"},{"id":465,"order":3,"props":{},"score":"0.00","title":"\u092a\u0924\u093e \u0928\u0939\u0940\u0902"}],"title":"\u0915\u094d\u092f\u093e \u0906\u092a \u092a\u0930\u093f\u0935\u093e\u0930 \u0928\u093f\u092f\u094b\u091c\u0928 \u0915\u093e \u0938\u093e\u0927\u0928 \u0905\u092a\u0928\u093e\u0928\u093e \u091a\u093e\u0939\u0924\u0947 \u0939\u0948\u0902?","type":"multichoice"}},{"id":142,"order":5,"question":{"id":142,"props":{"required":"true"},"responses":[{"id":466,"order":1,"props":{},"score":"0.00","title":"\u0906\u091c"},{"id":467,"order":2,"props":{},"score":"0.00","title":"\u090f\u0915 \u0939\u092b\u094d\u0924\u0947"},{"id":468,"order":3,"props":{},"score":"0.00","title":"\u090f\u0915 \u092e\u0939\u0940\u0928\u0947"},{"id":469,"order":4,"props":{},"score":"0.00","title":"\u090f\u0915 \u092e\u0939\u0940\u0928\u0947 \u0938\u0947 \u091c\u094d\u092f\u093e\u0926\u093e"},{"id":470,"order":5,"props":{},"score":"0.00","title":"\u092a\u0924\u093e \u0928\u0939\u0940\u0902"}],"title":"\u0906\u092a \u0915\u092c \u0938\u0947 \u092a\u0930\u093f\u0935\u093e\u0930 \u0928\u093f\u092f\u094b\u091c\u0928 \u0915\u093e \u0938\u093e\u0927\u0928 \u0909\u092a\u092f\u094b\u0917 \u0915\u0930\u0928\u093e \u0936\u0930\u0942 \u0915\u0930\u0947\u0902\u0917\u0947 ? (\u090f\u0915 \u0915\u094b \u091a\u0941\u0928\u0947\u0902)","type":"multichoice"}}],"resource_uri":"\/api\/v1\/quiz\/30\/","title":"\u092a\u0930\u093f\u0915\u094d\u0937\u0923 \u0915\u0947 \u092c\u093e\u0926"}</content></activity></activities></section></structure><media><file filename="doctor-speaks-on-medical-abortion-kit.m4v" download_url="http://downloads.digital-campus.org/media/ujjwal/doctor-speaks-on-medical-abortion-kit.m4v" digest="5c89210f566778371db01db500d8c8c7" filesize="5302483" length="229"/><file filename="suresh-and-kusum.m4v" download_url="http://downloads.digital-campus.org/media/ujjwal/suresh-and-kusum.m4v" digest="a01dc1ee31c0cd167b41cab7e49c20ce" filesize="4125397" length="176"/><file filename="poora-answer.m4v" download_url="http://downloads.digital-campus.org/media/ujjwal/poora-answer.m4v" digest="8e7073ededed4f4d7ac6f97ad1071aed" filesize="15256507" length="549"/><file filename="doctor-speaks-on-iucd.m4v" download_url="http://downloads.digital-campus.org/media/ujjwal/doctor-speaks-on-iucd.m4v" digest="3095ccc0d6405f85b53cfbb3dde1fd9d" filesize="8451962" length="345"/><file filename="amrita-and-gajendra.m4v" download_url="http://downloads.digital-campus.org/media/ujjwal/amrita-and-gajendra.m4v" digest="c9ad170ecf1844a8685dbf08b83a50bf" filesize="8182807" length="180"/><file filename="right-choice.m4v" download_url="http://downloads.digital-campus.org/media/ujjwal/right-choice.m4v" digest="2d0aa6644b2802e831290229c93537b6" filesize="12883797" length="440"/><file filename="rajesh-kumar.m4v" download_url="http://downloads.digital-campus.org/media/ujjwal/rajesh-kumar.m4v" digest="e44451268715a1c9acef8883db6a4af5" filesize="2520203" length="72"/><file filename="doctor-speaks-on-injectable.m4v" download_url="http://downloads.digital-campus.org/media/ujjwal/doctor-speaks-on-injectable.m4v" digest="ab08306ca4722aa3bf450e417fdd39f6" filesize="6142156" length="250"/><file filename="nishu-and-jitendra.m4v" download_url="http://downloads.digital-campus.org/media/ujjwal/nishu-and-jitendra.m4v" digest="ea08ab70165899d1c04e8c9ef24b191b" filesize="9974916" length="180"/><file filename="shamsun-and-aas-mohammed.m4v" download_url="http://downloads.digital-campus.org/media/ujjwal/shamsun-and-aas-mohammed.m4v" digest="c42e2f1e5bfc639ef85ad9b46a29894a" filesize="8359273" length="180"/><file filename="love-befikr.m4v" download_url="http://downloads.digital-campus.org/media/ujjwal/love-befikr.m4v" digest="cdc496f7575a277c232458828b311e45" filesize="14313716" length="442"/><file filename="bahana.m4v" download_url="http://downloads.digital-campus.org/media/ujjwal/bahana.m4v" digest="a3e689f6f27af41fc00a6f4d1c397b3c" filesize="1267262" length="51"/><file filename="doctor-speaks-on-ocp.m4v" download_url="http://downloads.digital-campus.org/media/ujjwal/doctor-speaks-on-ocp.m4v" digest="9ebcc29dc792259283e8d495ebae4b03" filesize="7530833" length="304"/><file filename="sarita-and-raj-kishore.m4v" download_url="http://downloads.digital-campus.org/media/ujjwal/sarita-and-raj-kishore.m4v" digest="1389ec0a080ca9b3b39bfe357c78c46e" filesize="8110915" length="180"/><file filename="doctor-speaks-on-condom.m4v" download_url="http://downloads.digital-campus.org/media/ujjwal/doctor-speaks-on-condom.m4v" digest="eb2f0739f8c03c431c8eeb4eb966cc6b" filesize="3731126" length="227"/><file filename="raj-kumar-and-suman.m4v" download_url="http://downloads.digital-campus.org/media/ujjwal/raj-kumar-and-suman.m4v" digest="01f01a1a7f9e5277489b6ea1eeef8dbb" filesize="4742281" length="169"/><file filename="smart-soch.m4v" download_url="http://downloads.digital-campus.org/media/ujjwal/smart-soch.m4v" digest="4ee512c4fd54c2e481a085ebb43e6c6e" filesize="17877131" length="499"/><file filename="doctor-speaks-on-nsv.m4v" download_url="http://downloads.digital-campus.org/media/ujjwal/doctor-speaks-on-nsv.m4v" digest="3e987d62ebd7e3c7ecf6aa58cbdb9938" filesize="5908493" length="247"/><file filename="shubham-and-poonam.m4v" download_url="http://downloads.digital-campus.org/media/ujjwal/shubham-and-poonam.m4v" digest="376096c5faa46bb83e0865ff37c1d406" filesize="7747287" length="180"/><file filename="asli-dabangg.m4v" download_url="http://downloads.digital-campus.org/media/ujjwal/asli-dabangg.m4v" digest="73043300268362dd5410db827ec4bac7" filesize="21658083" length="588"/><file filename="munna-ki-kahani.m4v" download_url="http://downloads.digital-campus.org/media/ujjwal/munna-ki-kahani.m4v" digest="ee1493df1ae1e15879ae9c4c54f675b4" filesize="2648961" length="71"/></media></module>
