<?xml version="1.0"?>
<module><meta><versionid>20140708145648</versionid><priority>0</priority><server>http://demo.oppia-mobile.org/</server><title lang="en">Unwanted Pregnancy</title><shortname>us-up</shortname><description lang="en"></description><langs><lang>en</lang></langs></meta><structure><section order="1"><title lang="en">Client pre-test</title><activities><activity type="feedback" order="1" digest="d2e4350ec93769339f3ddcad6badf4a816833"><title lang="en">Client Pre-test</title><content lang="en">{"description":"Client pre-test","id":1303,"lastupdated_date":"2014-07-08T15:53:38","owner":"\/api\/v1\/user\/1\/","props":{"courseversion":"20140708145648","digest":"d2e4350ec93769339f3ddcad6badf4a816833","maxscore":0},"questions":[{"id":11930,"order":1,"question":{"id":12136,"props":{"required":"true"},"responses":[],"title":"Name","type":"essay"}},{"id":11931,"order":2,"question":{"id":12137,"props":{"required":"true"},"responses":[],"title":"Age","type":"essay"}},{"id":11932,"order":3,"question":{"id":12138,"props":{"required":"true"},"responses":[{"id":32099,"order":1,"props":{},"score":"0.00","title":"Male"},{"id":32100,"order":2,"props":{},"score":"0.00","title":"Female"}],"title":"Gender","type":"multichoice"}},{"id":11933,"order":4,"question":{"id":12139,"props":{"required":"true"},"responses":[{"id":32101,"order":1,"props":{},"score":"0.00","title":"Yes"},{"id":32102,"order":2,"props":{},"score":"0.00","title":"No"}],"title":"Are you currently pregnant\/ expecting a child?","type":"multichoice"}},{"id":11934,"order":5,"question":{"id":12140,"props":{"required":"false"},"responses":[{"id":32103,"order":1,"props":{},"score":"0.00","title":"1"},{"id":32104,"order":2,"props":{},"score":"0.00","title":"2"},{"id":32105,"order":3,"props":{},"score":"0.00","title":"3"},{"id":32106,"order":4,"props":{},"score":"0.00","title":"4"},{"id":32107,"order":5,"props":{},"score":"0.00","title":"More than 4"}],"title":"How many children do you have?","type":"multichoice"}},{"id":11935,"order":6,"question":{"id":12141,"props":{"required":"true"},"responses":[{"id":32108,"order":1,"props":{},"score":"0.00","title":"Yes"},{"id":32109,"order":2,"props":{},"score":"0.00","title":"No"}],"title":"Do you believe it is important to space children?","type":"multichoice"}},{"id":11936,"order":7,"question":{"id":12142,"props":{"required":"true"},"responses":[{"id":32110,"order":1,"props":{},"score":"0.00","title":"Yes"},{"id":32111,"order":2,"props":{},"score":"0.00","title":"No"}],"title":"Do you believe it is important to limit family size?","type":"multichoice"}},{"id":11937,"order":8,"question":{"id":12143,"props":{"required":"true"},"responses":[{"id":32112,"order":1,"props":{},"score":"0.00","title":"Yes"},{"id":32113,"order":2,"props":{},"score":"0.00","title":"No"}],"title":"Are you aware of family planning?","type":"multichoice"}},{"id":11938,"order":9,"question":{"id":12144,"props":{"required":"true"},"responses":[{"id":32114,"order":1,"props":{},"score":"0.00","title":"Injectables"},{"id":32115,"order":2,"props":{},"score":"0.00","title":"IUCD or Copper T"},{"id":32116,"order":3,"props":{},"score":"0.00","title":"Condom"},{"id":32117,"order":4,"props":{},"score":"0.00","title":"Female Sterilization"},{"id":32118,"order":5,"props":{},"score":"0.00","title":"Male Sterilization"},{"id":32119,"order":6,"props":{},"score":"0.00","title":"OCPs"}],"title":"Which of the following family planning option are you aware of?","type":"multichoice"}},{"id":11939,"order":10,"question":{"id":12145,"props":{"required":"true"},"responses":[{"id":32120,"order":1,"props":{},"score":"0.00","title":"Yes"},{"id":32121,"order":2,"props":{},"score":"0.00","title":"No"}],"title":"Are you using of any the methods listed above?","type":"multichoice"}},{"id":11940,"order":11,"question":{"id":12146,"props":{"required":"false"},"responses":[{"id":32122,"order":1,"props":{},"score":"0.00","title":"Yes"},{"id":32123,"order":2,"props":{},"score":"0.00","title":"No"},{"id":32124,"order":3,"props":{},"score":"0.00","title":"Don't know\/can't say"}],"title":"Do you think family planning methods are safe to use?","type":"multichoice"}},{"id":11941,"order":12,"question":{"id":12147,"props":{"required":"true"},"responses":[{"id":32125,"order":1,"props":{},"score":"0.00","title":"Yes"},{"id":32126,"order":2,"props":{},"score":"0.00","title":"Perhaps, with some assistance"},{"id":32127,"order":3,"props":{},"score":"0.00","title":"No"},{"id":32128,"order":4,"props":{},"score":"0.00","title":"Not interested"}],"title":"Do you feel confident you will be able to use family planning?","type":"multichoice"}},{"id":11942,"order":13,"question":{"id":12148,"props":{"required":"true"},"responses":[{"id":32129,"order":1,"props":{},"score":"0.00","title":"Yes"},{"id":32130,"order":2,"props":{},"score":"0.00","title":"No"}],"title":"Do you intend to adopt family planning?","type":"multichoice"}},{"id":11943,"order":14,"question":{"id":12149,"props":{"required":"false"},"responses":[{"id":32131,"order":1,"props":{},"score":"0.00","title":"Today"},{"id":32132,"order":2,"props":{},"score":"0.00","title":"Within 1 week"},{"id":32133,"order":3,"props":{},"score":"0.00","title":"Within 2 weeks"},{"id":32134,"order":4,"props":{},"score":"0.00","title":"Within 1 month"},{"id":32135,"order":5,"props":{},"score":"0.00","title":"More than 1 month"},{"id":32136,"order":6,"props":{},"score":"0.00","title":"Never"}],"title":"How soon do you intend to begin using family planning?","type":"multichoice"}}],"resource_uri":"\/api\/v1\/quiz\/1303\/","title":"Client Pre-test"}</content></activity></activities></section></structure></module>
