<?xml version="1.0"?>
<module><meta><versionid>20140830121628</versionid><priority>5</priority><server>http://ujjwal.oppia-mobile.org/</server><title lang="en">Adopting an FP method post abortion</title><shortname>us-postabort</shortname><description lang="en"></description><activity type="feedback" order="2" digest="3f47a6272ccb013c8dcea256ee72c04320873"><title lang="en">Pre-Test</title><content lang="en">{"description":"Pre-Test","id":12,"lastupdated_date":"2014-08-30T06:15:42","owner":"\/api\/v1\/user\/1\/","props":{"courseversion":"20140830121557","digest":"3f47a6272ccb013c8dcea256ee72c04320873","maxscore":0},"questions":[{"id":51,"order":1,"question":{"id":51,"props":{"required":"true"},"responses":[{"id":178,"order":1,"props":{},"score":"0.00","title":"True"},{"id":179,"order":2,"props":{},"score":"0.00","title":"False"}],"title":"There are no family planning methods that can be used after an abortion.","type":"multichoice"}},{"id":52,"order":2,"question":{"id":52,"props":{"required":"true"},"responses":[{"id":180,"order":1,"props":{},"score":"0.00","title":"True"},{"id":181,"order":2,"props":{},"score":"0.00","title":"False"}],"title":"Repeated abortions are dangerous and should be avoided.","type":"multichoice"}},{"id":53,"order":3,"question":{"id":53,"props":{"required":"true"},"responses":[{"id":182,"order":1,"props":{},"score":"0.00","title":"True"},{"id":183,"order":2,"props":{},"score":"0.00","title":"False"}],"title":"racticing family planning eliminates the fear of getting pregnant","type":"multichoice"}},{"id":54,"order":4,"question":{"id":54,"props":{"required":"true"},"responses":[{"id":184,"order":1,"props":{},"score":"0.00","title":"Yes"},{"id":185,"order":2,"props":{},"score":"0.00","title":"No"},{"id":186,"order":3,"props":{},"score":"0.00","title":"Unsure"}],"title":"Do you intend to use a family planning method?","type":"multichoice"}},{"id":55,"order":5,"question":{"id":55,"props":{"required":"true"},"responses":[{"id":187,"order":1,"props":{},"score":"0.00","title":"Today"},{"id":188,"order":2,"props":{},"score":"0.00","title":"1 week"},{"id":189,"order":3,"props":{},"score":"0.00","title":"1 month"},{"id":190,"order":4,"props":{},"score":"0.00","title":"more than 1 month"},{"id":191,"order":5,"props":{},"score":"0.00","title":"unsure"}],"title":"How soon do you intend to start using a family planning method?","type":"multichoice"}}],"resource_uri":"\/api\/v1\/quiz\/12\/","title":"Pre-Test"}</content></activity><image filename="/images/21616.png"/><langs><lang>en</lang></langs></meta><structure><section order="1"><title lang="en">Medical Abortion Kit</title><activities><activity type="page" order="1" digest="137e1ed056fcce6f2228bd72f6e0623220622"><title lang="en">Medical Abortion Kit</title><image filename="/images/20622.png"/><location lang="en">01_20622_en.html</location></activity><activity type="page" order="2" digest="9817a145b70d704fb5d2365be1b6a4a920720"><title lang="en">Doctor Speaks</title><media><file filename="doctor-speaks-on-medical-abortion-kit.m4v" download_url="http://downloads.digital-campus.org/media/ujjwal/doctor-speaks-on-medical-abortion-kit.m4v" digest="5c89210f566778371db01db500d8c8c7" filesize="5302483" length="229"/></media><image filename="/images/20720.png"/><location lang="en">01_20720_en.html</location></activity><activity type="page" order="3" digest="96a6f72fe9e8d3ff02fbe0830b56275e20733"><title lang="en">Real Stories</title><media><file filename="suresh-and-kusum.m4v" download_url="http://downloads.digital-campus.org/media/ujjwal/suresh-and-kusum.m4v" digest="a01dc1ee31c0cd167b41cab7e49c20ce" filesize="4125397" length="176"/></media><image filename="/images/20733.png"/><location lang="en">01_20733_en.html</location></activity><activity type="page" order="4" digest="f7312afe0a20148da7a27dc84b7ca91320734"><title lang="en">Entertainment Films</title><media><file filename="poora-answer.m4v" download_url="http://downloads.digital-campus.org/media/ujjwal/poora-answer.m4v" digest="8e7073ededed4f4d7ac6f97ad1071aed" filesize="15256507" length="549"/></media><image filename="/images/20734.png"/><location lang="en">01_20734_en.html</location></activity><activity type="page" order="5" digest="c0d2f7396ea1f4cc93484ed3a6b8f5ad20791"><title lang="en">Get information</title><location lang="en">01_20791_en.html</location></activity><activity type="page" order="6" digest="6784675824b260e567e3c02b7d78d08420850"><title lang="en">Action steps</title><location lang="en">01_20850_en.html</location></activity></activities></section><section order="2"><title lang="en">IUCD</title><activities><activity type="page" order="1" digest="3e9e6d8a928303eeec198760702606c220838"><title lang="en">IUCD</title><image filename="/images/20838.png"/><location lang="en">02_20838_en.html</location></activity><activity type="page" order="2" digest="3239f72beae9f99080da65858ed4bbe720721"><title lang="en">Doctor Speaks</title><media><file filename="doctor-speaks-on-iucd.m4v" download_url="http://downloads.digital-campus.org/media/ujjwal/doctor-speaks-on-iucd.m4v" digest="3095ccc0d6405f85b53cfbb3dde1fd9d" filesize="8451962" length="345"/></media><image filename="/images/20721.png"/><location lang="en">02_20721_en.html</location></activity><activity type="page" order="3" digest="fb83678ce3cdc2f5760364cd2e0a3acd20732"><title lang="en">Real Stories</title><media><file filename="amrita-and-gajendra.m4v" download_url="http://downloads.digital-campus.org/media/ujjwal/amrita-and-gajendra.m4v" digest="c9ad170ecf1844a8685dbf08b83a50bf" filesize="8182807" length="180"/></media><image filename="/images/20732.png"/><location lang="en">02_20732_en.html</location></activity><activity type="page" order="4" digest="c819f4c096b91f86ef668f3cfbe131fc20735"><title lang="en">Entertainment Films</title><media><file filename="right-choice.m4v" download_url="http://downloads.digital-campus.org/media/ujjwal/right-choice.m4v" digest="2d0aa6644b2802e831290229c93537b6" filesize="12883797" length="440"/></media><image filename="/images/20735.png"/><location lang="en">02_20735_en.html</location></activity><activity type="page" order="5" digest="9cee01ee98ad3c690bb9b96c0c6db24020740"><title lang="en">TV Advertisement</title><media><file filename="rajesh-kumar.m4v" download_url="http://downloads.digital-campus.org/media/ujjwal/rajesh-kumar.m4v" digest="e44451268715a1c9acef8883db6a4af5" filesize="2520203" length="72"/></media><image filename="/images/20740.png"/><location lang="en">02_20740_en.html</location></activity><activity type="page" order="6" digest="f9bc7a4662986a2465d3970b3a7431b420793"><title lang="en">Get information</title><location lang="en">02_20793_en.html</location></activity><activity type="page" order="7" digest="6784675824b260e567e3c02b7d78d08420849"><title lang="en">Action steps</title><location lang="en">02_20849_en.html</location></activity></activities></section><section order="3"><title lang="en">Injectable</title><activities><activity type="page" order="1" digest="576e7bd0f67bdd70c72e14fc7c34bced20839"><title lang="en">Injectable</title><image filename="/images/20839.png"/><location lang="en">03_20839_en.html</location></activity><activity type="page" order="2" digest="de7635ca98adac426f914c0c7da68e8220722"><title lang="en">Doctor Speaks</title><media><file filename="doctor-speaks-on-injectable.m4v" download_url="http://downloads.digital-campus.org/media/ujjwal/doctor-speaks-on-injectable.m4v" digest="ab08306ca4722aa3bf450e417fdd39f6" filesize="6142156" length="250"/></media><image filename="/images/20722.png"/><location lang="en">03_20722_en.html</location></activity><activity type="page" order="3" digest="d9660369af9911e23612c7301e5d544f20731"><title lang="en">Real Stories</title><media><file filename="nishu-and-jitendra.m4v" download_url="http://downloads.digital-campus.org/media/ujjwal/nishu-and-jitendra.m4v" digest="ea08ab70165899d1c04e8c9ef24b191b" filesize="9974916" length="180"/><file filename="shamsun-and-aas-mohammed.m4v" download_url="http://downloads.digital-campus.org/media/ujjwal/shamsun-and-aas-mohammed.m4v" digest="c42e2f1e5bfc639ef85ad9b46a29894a" filesize="8359273" length="180"/></media><image filename="/images/20731.png"/><location lang="en">03_20731_en.html</location></activity><activity type="page" order="4" digest="fcef55e895d6fbfde8a4e5c79380d3ea20736"><title lang="en">Entertainment Films</title><media><file filename="love-befikr.m4v" download_url="http://downloads.digital-campus.org/media/ujjwal/love-befikr.m4v" digest="cdc496f7575a277c232458828b311e45" filesize="14313716" length="442"/></media><image filename="/images/20736.png"/><location lang="en">03_20736_en.html</location></activity><activity type="page" order="5" digest="cc9894a8cb93256746cad13ed239143a20741"><title lang="en">TV Advertisement</title><media><file filename="bahana.m4v" download_url="http://downloads.digital-campus.org/media/ujjwal/bahana.m4v" digest="a3e689f6f27af41fc00a6f4d1c397b3c" filesize="1267262" length="51"/></media><image filename="/images/20741.png"/><location lang="en">03_20741_en.html</location></activity><activity type="page" order="6" digest="c1371a1dfe3be88cd5ce40e9d24eb2e120771"><title lang="en">Get information</title><location lang="en">03_20771_en.html</location></activity><activity type="page" order="7" digest="ec496fc7056ac0b4d71424ef0a9be6a320796"><title lang="en">Action steps</title><location lang="en">03_20796_en.html</location></activity></activities></section><section order="4"><title lang="en">OCP</title><activities><activity type="page" order="1" digest="220a352e040ccc46aabe3f3491d37b6820840"><title lang="en">OCP</title><image filename="/images/20840.png"/><location lang="en">04_20840_en.html</location></activity><activity type="page" order="2" digest="8d5611f8b5ab2872c66739977269990920723"><title lang="en">Doctor Speaks</title><media><file filename="doctor-speaks-on-ocp.m4v" download_url="http://downloads.digital-campus.org/media/ujjwal/doctor-speaks-on-ocp.m4v" digest="9ebcc29dc792259283e8d495ebae4b03" filesize="7530833" length="304"/></media><image filename="/images/20723.png"/><location lang="en">04_20723_en.html</location></activity><activity type="page" order="3" digest="e368fd7a74c2bec1a5a0fcb90b42204020730"><title lang="en">Real Stories</title><media><file filename="sarita-and-raj-kishore.m4v" download_url="http://downloads.digital-campus.org/media/ujjwal/sarita-and-raj-kishore.m4v" digest="1389ec0a080ca9b3b39bfe357c78c46e" filesize="8110915" length="180"/></media><image filename="/images/20730.png"/><location lang="en">04_20730_en.html</location></activity><activity type="page" order="4" digest="acea5a154131d9ae36ddda7a435725ba20775"><title lang="en">Get information</title><location lang="en">04_20775_en.html</location></activity><activity type="page" order="5" digest="6784675824b260e567e3c02b7d78d08420847"><title lang="en">Action steps</title><location lang="en">04_20847_en.html</location></activity></activities></section><section order="5"><title lang="en">Condom</title><activities><activity type="page" order="1" digest="bd8388551776a62b3f523a4fd070a04220841"><title lang="en">Condom</title><image filename="/images/20841.png"/><location lang="en">05_20841_en.html</location></activity><activity type="page" order="2" digest="570843f5fc340212b5c6e0ab2dd986b820724"><title lang="en">Doctor Speaks</title><media><file filename="doctor-speaks-on-condom.m4v" download_url="http://downloads.digital-campus.org/media/ujjwal/doctor-speaks-on-condom.m4v" digest="eb2f0739f8c03c431c8eeb4eb966cc6b" filesize="3731126" length="227"/></media><image filename="/images/20724.png"/><location lang="en">05_20724_en.html</location></activity><activity type="page" order="3" digest="cc10667d9010c6e70969026ca82d578420729"><title lang="en">Real Stories</title><media><file filename="raj-kumar-and-suman.m4v" download_url="http://downloads.digital-campus.org/media/ujjwal/raj-kumar-and-suman.m4v" digest="01f01a1a7f9e5277489b6ea1eeef8dbb" filesize="4742281" length="169"/></media><image filename="/images/20729.png"/><location lang="en">05_20729_en.html</location></activity><activity type="page" order="4" digest="c0dbfe7037ec2f0fd28c3d65216f1ca420739"><title lang="en">Entertainment Films</title><media><file filename="smart-soch.m4v" download_url="http://downloads.digital-campus.org/media/ujjwal/smart-soch.m4v" digest="4ee512c4fd54c2e481a085ebb43e6c6e" filesize="17877131" length="499"/></media><image filename="/images/20739.png"/><location lang="en">05_20739_en.html</location></activity><activity type="page" order="5" digest="2a080ff1247faa42a27edd04994b9ff020773"><title lang="en">Get information</title><location lang="en">05_20773_en.html</location></activity><activity type="page" order="6" digest="6784675824b260e567e3c02b7d78d08420848"><title lang="en">Action steps</title><location lang="en">05_20848_en.html</location></activity></activities></section><section order="6"><title lang="en">Female Sterilization</title><activities><activity type="page" order="1" digest="5e338251cb46f10adbdfb527a14e513b20842"><title lang="en">Female Sterilization</title><image filename="/images/20842.png"/><location lang="en">06_20842_en.html</location></activity><activity type="page" order="2" digest="130ecb5dfc4c60132e6d0c4e8c279e1320725"><title lang="en">Doctor Speaks</title><image filename="/images/20725.png"/><location lang="en">06_20725_en.html</location></activity><activity type="page" order="3" digest="130ecb5dfc4c60132e6d0c4e8c279e1320728"><title lang="en">Real Stories</title><image filename="/images/20728.png"/><location lang="en">06_20728_en.html</location></activity><activity type="page" order="4" digest="130ecb5dfc4c60132e6d0c4e8c279e1320737"><title lang="en">Entertainment Films</title><image filename="/images/20737.png"/><location lang="en">06_20737_en.html</location></activity><activity type="page" order="5" digest="130ecb5dfc4c60132e6d0c4e8c279e1320742"><title lang="en">TV Advertisement</title><image filename="/images/20742.png"/><location lang="en">06_20742_en.html</location></activity><activity type="page" order="6" digest="40ac42a53973652eeb7d44464992bbda20846"><title lang="en">Get Information</title><location lang="en">06_20846_en.html</location></activity><activity type="page" order="7" digest="613673a35f7db75ca281dadaa366231d20844"><title lang="en">Action steps</title><location lang="en">06_20844_en.html</location></activity></activities></section><section order="7"><title lang="en">Male Sterilization</title><activities><activity type="page" order="1" digest="2557a511e56d790a5acb25c5a1bec26220843"><title lang="en">Male Sterilization</title><image filename="/images/20843.png"/><location lang="en">07_20843_en.html</location></activity><activity type="page" order="2" digest="ffe996751883c338619435549d67d9f420726"><title lang="en">Doctor Speaks</title><media><file filename="doctor-speaks-on-nsv.m4v" download_url="http://downloads.digital-campus.org/media/ujjwal/doctor-speaks-on-nsv.m4v" digest="3e987d62ebd7e3c7ecf6aa58cbdb9938" filesize="5908493" length="247"/></media><image filename="/images/20726.png"/><location lang="en">07_20726_en.html</location></activity><activity type="page" order="3" digest="e4048ed941af258b3527f460a9113e3920727"><title lang="en">Real Stories</title><media><file filename="shubham-and-poonam.m4v" download_url="http://downloads.digital-campus.org/media/ujjwal/shubham-and-poonam.m4v" digest="376096c5faa46bb83e0865ff37c1d406" filesize="7747287" length="180"/></media><image filename="/images/20727.png"/><location lang="en">07_20727_en.html</location></activity><activity type="page" order="4" digest="4e021791c13446f00a708a5a3df5280220738"><title lang="en">Entertainment Films</title><media><file filename="asli-dabangg.m4v" download_url="http://downloads.digital-campus.org/media/ujjwal/asli-dabangg.m4v" digest="73043300268362dd5410db827ec4bac7" filesize="21658083" length="588"/></media><image filename="/images/20738.png"/><location lang="en">07_20738_en.html</location></activity><activity type="page" order="5" digest="4d8ce6fcbe4d9f2d319be817cc495e1620743"><title lang="en">TV Advertisement</title><media><file filename="munna-ki-kahani.m4v" download_url="http://downloads.digital-campus.org/media/ujjwal/munna-ki-kahani.m4v" digest="ee1493df1ae1e15879ae9c4c54f675b4" filesize="2648961" length="71"/></media><image filename="/images/20743.png"/><location lang="en">07_20743_en.html</location></activity><activity type="page" order="6" digest="cd8d4997d0e29850782dbedb9de274f920795"><title lang="en">Get information</title><location lang="en">07_20795_en.html</location></activity><activity type="page" order="7" digest="6784675824b260e567e3c02b7d78d08420845"><title lang="en">Action steps</title><location lang="en">07_20845_en.html</location></activity></activities></section><section order="8"><title lang="en">Post Test</title><activities><activity type="feedback" order="1" digest="53cdb9f5671e0d970b80dc0cd0adb8b520874"><title lang="en">Post-Test</title><content lang="en">{"description":"Post Test","id":13,"lastupdated_date":"2014-08-30T06:15:56","owner":"\/api\/v1\/user\/1\/","props":{"courseversion":"20140830121557","digest":"53cdb9f5671e0d970b80dc0cd0adb8b520874","maxscore":0},"questions":[{"id":56,"order":1,"question":{"id":56,"props":{"required":"true"},"responses":[{"id":192,"order":1,"props":{},"score":"0.00","title":"True"},{"id":193,"order":2,"props":{},"score":"0.00","title":"False"}],"title":"There are no family planning methods that can be used after an abortion.","type":"multichoice"}},{"id":57,"order":2,"question":{"id":57,"props":{"required":"true"},"responses":[{"id":194,"order":1,"props":{},"score":"0.00","title":"True"},{"id":195,"order":2,"props":{},"score":"0.00","title":"False"}],"title":"Repeated abortions are dangerous and should be avoided.","type":"multichoice"}},{"id":58,"order":3,"question":{"id":58,"props":{"required":"true"},"responses":[{"id":196,"order":1,"props":{},"score":"0.00","title":"True"},{"id":197,"order":2,"props":{},"score":"0.00","title":"False"}],"title":"racticing family planning eliminates the fear of getting pregnant","type":"multichoice"}},{"id":59,"order":4,"question":{"id":59,"props":{"required":"true"},"responses":[{"id":198,"order":1,"props":{},"score":"0.00","title":"Yes"},{"id":199,"order":2,"props":{},"score":"0.00","title":"No"},{"id":200,"order":3,"props":{},"score":"0.00","title":"Unsure"}],"title":"Do you intend to use a family planning method?","type":"multichoice"}},{"id":60,"order":5,"question":{"id":60,"props":{"required":"true"},"responses":[{"id":201,"order":1,"props":{},"score":"0.00","title":"Today"},{"id":202,"order":2,"props":{},"score":"0.00","title":"1 week"},{"id":203,"order":3,"props":{},"score":"0.00","title":"1 month"},{"id":204,"order":4,"props":{},"score":"0.00","title":"more than 1 month"},{"id":205,"order":5,"props":{},"score":"0.00","title":"unsure"}],"title":"How soon do you intend to start using a family planning method?","type":"multichoice"}}],"resource_uri":"\/api\/v1\/quiz\/13\/","title":"Post-Test"}</content></activity></activities></section></structure><media><file filename="doctor-speaks-on-medical-abortion-kit.m4v" download_url="http://downloads.digital-campus.org/media/ujjwal/doctor-speaks-on-medical-abortion-kit.m4v" digest="5c89210f566778371db01db500d8c8c7" filesize="5302483" length="229"/><file filename="suresh-and-kusum.m4v" download_url="http://downloads.digital-campus.org/media/ujjwal/suresh-and-kusum.m4v" digest="a01dc1ee31c0cd167b41cab7e49c20ce" filesize="4125397" length="176"/><file filename="poora-answer.m4v" download_url="http://downloads.digital-campus.org/media/ujjwal/poora-answer.m4v" digest="8e7073ededed4f4d7ac6f97ad1071aed" filesize="15256507" length="549"/><file filename="doctor-speaks-on-iucd.m4v" download_url="http://downloads.digital-campus.org/media/ujjwal/doctor-speaks-on-iucd.m4v" digest="3095ccc0d6405f85b53cfbb3dde1fd9d" filesize="8451962" length="345"/><file filename="amrita-and-gajendra.m4v" download_url="http://downloads.digital-campus.org/media/ujjwal/amrita-and-gajendra.m4v" digest="c9ad170ecf1844a8685dbf08b83a50bf" filesize="8182807" length="180"/><file filename="right-choice.m4v" download_url="http://downloads.digital-campus.org/media/ujjwal/right-choice.m4v" digest="2d0aa6644b2802e831290229c93537b6" filesize="12883797" length="440"/><file filename="rajesh-kumar.m4v" download_url="http://downloads.digital-campus.org/media/ujjwal/rajesh-kumar.m4v" digest="e44451268715a1c9acef8883db6a4af5" filesize="2520203" length="72"/><file filename="doctor-speaks-on-injectable.m4v" download_url="http://downloads.digital-campus.org/media/ujjwal/doctor-speaks-on-injectable.m4v" digest="ab08306ca4722aa3bf450e417fdd39f6" filesize="6142156" length="250"/><file filename="nishu-and-jitendra.m4v" download_url="http://downloads.digital-campus.org/media/ujjwal/nishu-and-jitendra.m4v" digest="ea08ab70165899d1c04e8c9ef24b191b" filesize="9974916" length="180"/><file filename="shamsun-and-aas-mohammed.m4v" download_url="http://downloads.digital-campus.org/media/ujjwal/shamsun-and-aas-mohammed.m4v" digest="c42e2f1e5bfc639ef85ad9b46a29894a" filesize="8359273" length="180"/><file filename="love-befikr.m4v" download_url="http://downloads.digital-campus.org/media/ujjwal/love-befikr.m4v" digest="cdc496f7575a277c232458828b311e45" filesize="14313716" length="442"/><file filename="bahana.m4v" download_url="http://downloads.digital-campus.org/media/ujjwal/bahana.m4v" digest="a3e689f6f27af41fc00a6f4d1c397b3c" filesize="1267262" length="51"/><file filename="doctor-speaks-on-ocp.m4v" download_url="http://downloads.digital-campus.org/media/ujjwal/doctor-speaks-on-ocp.m4v" digest="9ebcc29dc792259283e8d495ebae4b03" filesize="7530833" length="304"/><file filename="sarita-and-raj-kishore.m4v" download_url="http://downloads.digital-campus.org/media/ujjwal/sarita-and-raj-kishore.m4v" digest="1389ec0a080ca9b3b39bfe357c78c46e" filesize="8110915" length="180"/><file filename="doctor-speaks-on-condom.m4v" download_url="http://downloads.digital-campus.org/media/ujjwal/doctor-speaks-on-condom.m4v" digest="eb2f0739f8c03c431c8eeb4eb966cc6b" filesize="3731126" length="227"/><file filename="raj-kumar-and-suman.m4v" download_url="http://downloads.digital-campus.org/media/ujjwal/raj-kumar-and-suman.m4v" digest="01f01a1a7f9e5277489b6ea1eeef8dbb" filesize="4742281" length="169"/><file filename="smart-soch.m4v" download_url="http://downloads.digital-campus.org/media/ujjwal/smart-soch.m4v" digest="4ee512c4fd54c2e481a085ebb43e6c6e" filesize="17877131" length="499"/><file filename="doctor-speaks-on-nsv.m4v" download_url="http://downloads.digital-campus.org/media/ujjwal/doctor-speaks-on-nsv.m4v" digest="3e987d62ebd7e3c7ecf6aa58cbdb9938" filesize="5908493" length="247"/><file filename="shubham-and-poonam.m4v" download_url="http://downloads.digital-campus.org/media/ujjwal/shubham-and-poonam.m4v" digest="376096c5faa46bb83e0865ff37c1d406" filesize="7747287" length="180"/><file filename="asli-dabangg.m4v" download_url="http://downloads.digital-campus.org/media/ujjwal/asli-dabangg.m4v" digest="73043300268362dd5410db827ec4bac7" filesize="21658083" length="588"/><file filename="munna-ki-kahani.m4v" download_url="http://downloads.digital-campus.org/media/ujjwal/munna-ki-kahani.m4v" digest="ee1493df1ae1e15879ae9c4c54f675b4" filesize="2648961" length="71"/></media></module>
