<?xml version="1.0"?>
<module><meta><versionid>20140821150541</versionid><priority>9</priority><server>http://ujjwal.oppia-mobile.org/</server><title lang="en">"How to" have an effective counseling session</title><shortname>us-app</shortname><description lang="en"></description><langs><lang>en</lang></langs></meta><structure><section order="1"><title lang="en">Initiating the Counseling Session</title><activities><activity type="page" order="1" digest="256e99e51a43cbbdb3ffd98081b02ca620631"><title lang="en">How to identify your audience</title><image filename="/images/20631.png"/><location lang="en">01_20631_en.html</location></activity><activity type="quiz" order="2" digest="9cb7834b89a434747c37a12b91ae370b20635cr0s2a1p80a0"><title lang="en">Practice Identifying your Audience</title><content lang="en">{"description":"Initiating the Counseling Session","id":1,"lastupdated_date":"2014-08-21T07:37:22","owner":"\/api\/v1\/user\/1\/","props":{"allowtryagain":"1","availability":"0","courseversion":"20140821133727","digest":"9cb7834b89a434747c37a12b91ae370b20635cr0s2a1p80a0","maxscore":4,"passthreshold":"80","showfeedback":"2"},"questions":[{"id":1,"order":1,"question":{"id":1,"props":{"maxscore":1},"responses":[{"id":1,"order":1,"props":{},"score":"1.00","title":"Female"},{"id":2,"order":2,"props":{},"score":"1.00","title":"Male"}],"title":"Hi! I am Monica and I am 20 years old. After graduating college I married my husband. We have been married for 1 year and have no children.\r\nSex (correct answer should be acknowledged)","type":"multiselect"}},{"id":2,"order":2,"question":{"id":2,"props":{"maxscore":1},"responses":[{"id":3,"order":1,"props":{},"score":"1.00","title":"No school"},{"id":4,"order":2,"props":{},"score":"1.00","title":"Educated till class 8"},{"id":5,"order":3,"props":{},"score":"1.00","title":"Educated till College"},{"id":6,"order":4,"props":{},"score":"1.00","title":"\u00a0Working"}],"title":"What is Monica's education?","type":"multiselect"}},{"id":3,"order":3,"question":{"id":3,"props":{"maxscore":1},"responses":[{"id":7,"order":1,"props":{},"score":"1.00","title":"Adolescent"},{"id":8,"order":2,"props":{},"score":"1.00","title":"Newly married"},{"id":9,"order":3,"props":{},"score":"1.00","title":"Married with one child"},{"id":10,"order":4,"props":{},"score":"1.00","title":"Married with two children"},{"id":11,"order":5,"props":{},"score":"1.00","title":"Pregnant woman"}],"title":"What is current Monica's Lifestage?","type":"multiselect"}},{"id":4,"order":4,"question":{"id":4,"props":{"maxscore":1},"responses":[{"id":12,"order":1,"props":{},"score":"1.00","title":"0"},{"id":13,"order":2,"props":{},"score":"1.00","title":"1"},{"id":14,"order":3,"props":{},"score":"1.00","title":"2"},{"id":15,"order":4,"props":{},"score":"1.00","title":"3 or more"}],"title":"How many children does Monica have?\u00a0","type":"multiselect"}}],"resource_uri":"\/api\/v1\/quiz\/1\/","title":"us-app 1 Practice Identifying your Audience"}</content><image filename="/images/20635.png"/></activity><activity type="page" order="3" digest="694c06bf77b718ad1d89cb6f0df55c5c20636"><title lang="en">How to initiate interpersonal communication</title><location lang="en">01_20636_en.html</location></activity><activity type="page" order="4" digest="6b0bda44045ac7ba79a302c989e8146520680"><title lang="en">Assess a client's needs</title><location lang="en">01_20680_en.html</location></activity></activities></section><section order="2"><title lang="en">During Counseling Session</title><activities><activity type="page" order="1" digest="ca5f57c24f1631f182c966b7df00106920639"><title lang="en">GATHER counseling method</title><location lang="en">02_20639_en.html</location></activity><activity type="page" order="2" digest="694c06bf77b718ad1d89cb6f0df55c5c20684"><title lang="en">Quick tips for counseling sessions</title><location lang="en">02_20684_en.html</location></activity><activity type="page" order="3" digest="9fa516b933fbd62cbff886065f38ff8b20682"><title lang="en">Counseling a client with your phone</title><location lang="en">02_20682_en.html</location></activity><activity type="page" order="4" digest="163c9217dbcf2d1868d99e840aa05c4320683"><title lang="en">Answering Queries on Family Planning</title><location lang="en">02_20683_en.html</location></activity></activities></section><section order="3"><title lang="en">Post- Counseling Session</title><activities><activity type="page" order="1" digest="807de2fa9b13df31e7d2b62a1fe4727f20642"><title lang="en">How to devise an action plan with your client</title><location lang="en">03_20642_en.html</location></activity><activity type="page" order="2" digest="f151bea77c6ee0250f7bbd8e9f5cb4e620644"><title lang="en">How to link the community additional resources</title><location lang="en">03_20644_en.html</location></activity><activity type="page" order="3" digest="703273387d26f5c548664c441554b70420681"><title lang="en">Follow Up Post Counseling</title><location lang="en">03_20681_en.html</location></activity></activities></section></structure></module>
