<?xml version="1.0"?>
<module><meta><versionid>20140830122032</versionid><priority>10</priority><server>http://ujjwal.oppia-mobile.org/</server><title lang="en">Benefits of family planning	   </title><shortname>us-benefits</shortname><description lang="en"></description><activity type="feedback" order="2" digest="6031fdfe023a4cfbc0839b90b9878af020867"><title lang="en">Pre-Test</title><content lang="en">{"description":"Pre-Test","id":20,"lastupdated_date":"2014-08-30T06:19:47","owner":"\/api\/v1\/user\/1\/","props":{"courseversion":"20140830122002","digest":"6031fdfe023a4cfbc0839b90b9878af020867","maxscore":0},"questions":[{"id":89,"order":1,"question":{"id":89,"props":{"required":"true"},"responses":[{"id":306,"order":1,"props":{},"score":"0.00","title":"to space births between children"},{"id":307,"order":2,"props":{},"score":"0.00","title":"to avoid unwanted pregnancy"},{"id":308,"order":3,"props":{},"score":"0.00","title":"to save money"},{"id":309,"order":4,"props":{},"score":"0.00","title":"all of the above"}],"title":"Why is it important to use family planning (choose one)","type":"multichoice"}},{"id":90,"order":2,"question":{"id":90,"props":{"required":"true"},"responses":[{"id":310,"order":1,"props":{},"score":"0.00","title":"True"},{"id":311,"order":2,"props":{},"score":"0.00","title":"False"}],"title":"Family planning methods cause harmful side effects and should not be used by anyone.","type":"multichoice"}},{"id":91,"order":3,"question":{"id":91,"props":{"required":"true"},"responses":[{"id":312,"order":1,"props":{},"score":"0.00","title":"True"},{"id":313,"order":2,"props":{},"score":"0.00","title":"False"}],"title":"Practicing family planning helps a woman regain her strength before having her next baby","type":"multichoice"}},{"id":92,"order":4,"question":{"id":92,"props":{"required":"true"},"responses":[{"id":314,"order":1,"props":{},"score":"0.00","title":"Yes"},{"id":315,"order":2,"props":{},"score":"0.00","title":"No"},{"id":316,"order":3,"props":{},"score":"0.00","title":"Unsure"}],"title":"Do you intend to use a family planning method?","type":"multichoice"}},{"id":93,"order":5,"question":{"id":93,"props":{"required":"true"},"responses":[{"id":317,"order":1,"props":{},"score":"0.00","title":"Today"},{"id":318,"order":2,"props":{},"score":"0.00","title":"1 week"},{"id":319,"order":3,"props":{},"score":"0.00","title":"1 month"},{"id":320,"order":4,"props":{},"score":"0.00","title":"more than 1 month"},{"id":321,"order":5,"props":{},"score":"0.00","title":"unsure"}],"title":"How soon do you intend to start using a family planning method?","type":"multichoice"}}],"resource_uri":"\/api\/v1\/quiz\/20\/","title":"Pre-Test"}</content></activity><image filename="/images/21589.png"/><langs><lang>en</lang></langs></meta><structure><section order="1"><title lang="en">Basket of Choice</title><activities><activity type="page" order="1" digest="158da1e9c4217488707367d498e4b9e120858"><title lang="en">Basket of Choices</title><image filename="/images/20858.png"/><location lang="en">01_20858_en.html</location></activity><activity type="page" order="2" digest="eb7d5f1c193510ed0c2c9ed0c004792620756"><title lang="en">Doctor Speaks</title><media><file filename="basket-of-choices.m4v" download_url="http://downloads.digital-campus.org/media/ujjwal/basket-of-choices.m4v" digest="1e330ba8642177d42c2fda2c8382170a" filesize="4894921" length="193"/></media><image filename="/images/20756.png"/><location lang="en">01_20756_en.html</location></activity><activity type="page" order="3" digest="5f7c3224c2d1f0326517ffaf4a24a55920757"><title lang="en">TVC</title><media><file filename="mehnat-spacing.m4v" download_url="http://downloads.digital-campus.org/media/ujjwal/mehnat-spacing.m4v" digest="a4186f306923e60263437eff68390d7f" filesize="1961852" length="71"/></media><image filename="/images/20757.png"/><location lang="en">01_20757_en.html</location></activity><activity type="page" order="4" digest="d5db85365154309e6da77919e56d6f8420614"><title lang="en">Entertainment Films</title><media><file filename="life-partner-ecp.m4v" download_url="http://downloads.digital-campus.org/media/ujjwal/life-partner-ecp.m4v" digest="78de72f734d64297b0829bb56e6aa180" filesize="22224585" length="523"/></media><image filename="/images/20614.png"/><location lang="en">01_20614_en.html</location></activity><activity type="page" order="5" digest="2ac8dee4a0fcbcc7a4ac465765f1247b20760"><title lang="en">Get information</title><location lang="en">01_20760_en.html</location></activity><activity type="page" order="6" digest="ec496fc7056ac0b4d71424ef0a9be6a320765"><title lang="en">Action steps</title><location lang="en">01_20765_en.html</location></activity></activities></section><section order="2"><title lang="en">Delaying First Birth</title><activities><activity type="page" order="1" digest="d05418ad1f0f4bf82008b94460e8ec0420864"><title lang="en">Delaying First Pregnancy</title><image filename="/images/20864.png"/><location lang="en">02_20864_en.html</location></activity><activity type="page" order="2" digest="89d5bf03614b54f972b57eb182f30e9b20759"><title lang="en">Doctor Speaks</title><media><file filename="life-partner-ecp.m4v" download_url="http://downloads.digital-campus.org/media/ujjwal/life-partner-ecp.m4v" digest="78de72f734d64297b0829bb56e6aa180" filesize="22224585" length="523"/></media><image filename="/images/20759.png"/><location lang="en">02_20759_en.html</location></activity><activity type="page" order="3" digest="256df192f49782f7904b5010642eb81020758"><title lang="en">TVC</title><media><file filename="aisi-bhi-kya-jaldi-hai-delaying.m4v" download_url="http://downloads.digital-campus.org/media/ujjwal/aisi-bhi-kya-jaldi-hai-delaying.m4v" digest="11603269fd1801b20024610db4f4cd11" filesize="2291435" length="72"/></media><image filename="/images/20758.png"/><location lang="en">02_20758_en.html</location></activity><activity type="page" order="4" digest="2ac8dee4a0fcbcc7a4ac465765f1247b20761"><title lang="en">Get information</title><location lang="en">02_20761_en.html</location></activity><activity type="page" order="5" digest="6784675824b260e567e3c02b7d78d08420853"><title lang="en">Action steps</title><location lang="en">02_20853_en.html</location></activity></activities></section><section order="3"><title lang="en">Spacing</title><activities><activity type="page" order="1" digest="0e5643951ff8c0b52376a512bec1b48820865"><title lang="en">Spacing</title><image filename="/images/20865.png"/><location lang="en">03_20865_en.html</location></activity><activity type="page" order="2" digest="f7495f8e8654a3e0978613c7d221277420752"><title lang="en">Doctor Speaks</title><media><file filename="importance-of-spacing.m4v" download_url="http://downloads.digital-campus.org/media/ujjwal/importance-of-spacing.m4v" digest="9d0c19c7df814bca62b70d59bb573746" filesize="3519929" length="160"/></media><image filename="/images/20752.png"/><location lang="en">03_20752_en.html</location></activity><activity type="page" order="3" digest="5f7c3224c2d1f0326517ffaf4a24a55920755"><title lang="en">TVC</title><media><file filename="mehnat-spacing.m4v" download_url="http://downloads.digital-campus.org/media/ujjwal/mehnat-spacing.m4v" digest="a4186f306923e60263437eff68390d7f" filesize="1961852" length="71"/></media><image filename="/images/20755.png"/><location lang="en">03_20755_en.html</location></activity><activity type="page" order="4" digest="2ac8dee4a0fcbcc7a4ac465765f1247b20762"><title lang="en">Get information</title><location lang="en">03_20762_en.html</location></activity><activity type="page" order="5" digest="6784675824b260e567e3c02b7d78d08420854"><title lang="en">Action steps</title><location lang="en">03_20854_en.html</location></activity></activities></section><section order="4"><title lang="en">Limiting</title><activities><activity type="page" order="1" digest="b0218f12a94ade22a8e12c159401a95620866"><title lang="en">Limiting</title><image filename="/images/20866.png"/><location lang="en">04_20866_en.html</location></activity><activity type="page" order="2" digest="704d7804b6b650c980ef1d90f5e6aa2120754"><title lang="en">Doctor Speaks</title><media><file filename="importance-of-limiting.m4v" download_url="http://downloads.digital-campus.org/media/ujjwal/importance-of-limiting.m4v" digest="6a86223312d37ac3841dc060716be7ca" filesize="3692523" length="160"/></media><image filename="/images/20754.png"/><location lang="en">04_20754_en.html</location></activity><activity type="page" order="3" digest="2ac8dee4a0fcbcc7a4ac465765f1247b20763"><title lang="en">Get information</title><location lang="en">04_20763_en.html</location></activity><activity type="page" order="4" digest="6784675824b260e567e3c02b7d78d08420855"><title lang="en">Action steps</title><location lang="en">04_20855_en.html</location></activity></activities></section><section order="5"><title lang="en">Age of Marriage</title><activities><activity type="page" order="1" digest="713c22b157b668bb968330ae1171d04c20751"><title lang="en">TV Advertisement</title><media><file filename="mard-ki-daad-age-at-marriage.m4v" download_url="http://downloads.digital-campus.org/media/ujjwal/mard-ki-daad-age-at-marriage.m4v" digest="cfddcd90ff9814906d70bcecba9f4e17" filesize="2236080" length="71"/></media><image filename="/images/20751.png"/><location lang="en">05_20751_en.html</location></activity><activity type="page" order="2" digest="2ac8dee4a0fcbcc7a4ac465765f1247b20764"><title lang="en">Get information</title><location lang="en">05_20764_en.html</location></activity><activity type="page" order="3" digest="6784675824b260e567e3c02b7d78d08420857"><title lang="en">Action steps</title><location lang="en">05_20857_en.html</location></activity></activities></section><section order="6"><title lang="en">Post test</title><activities><activity type="feedback" order="1" digest="6bf9415a72f742ceeba45f6a7f593f3720868"><title lang="en">Post-Test</title><content lang="en">{"description":"Post test","id":21,"lastupdated_date":"2014-08-30T06:20:00","owner":"\/api\/v1\/user\/1\/","props":{"courseversion":"20140830122002","digest":"6bf9415a72f742ceeba45f6a7f593f3720868","maxscore":0},"questions":[{"id":94,"order":1,"question":{"id":94,"props":{"required":"true"},"responses":[{"id":322,"order":1,"props":{},"score":"0.00","title":"to space births between children"},{"id":323,"order":2,"props":{},"score":"0.00","title":"to avoid unwanted pregnancy"},{"id":324,"order":3,"props":{},"score":"0.00","title":"to save money"},{"id":325,"order":4,"props":{},"score":"0.00","title":"all of the above"}],"title":"Why is it important to use family planning (choose one)","type":"multichoice"}},{"id":95,"order":2,"question":{"id":95,"props":{"required":"true"},"responses":[{"id":326,"order":1,"props":{},"score":"0.00","title":"True"},{"id":327,"order":2,"props":{},"score":"0.00","title":"False"}],"title":"Family planning methods cause harmful side effects and should not be used by anyone.","type":"multichoice"}},{"id":96,"order":3,"question":{"id":96,"props":{"required":"true"},"responses":[{"id":328,"order":1,"props":{},"score":"0.00","title":"True"},{"id":329,"order":2,"props":{},"score":"0.00","title":"False"}],"title":"Practicing family planning helps a woman regain her strength before having her next baby","type":"multichoice"}},{"id":97,"order":4,"question":{"id":97,"props":{"required":"true"},"responses":[{"id":330,"order":1,"props":{},"score":"0.00","title":"Yes"},{"id":331,"order":2,"props":{},"score":"0.00","title":"No"},{"id":332,"order":3,"props":{},"score":"0.00","title":"Unsure"}],"title":"Do you intend to use a family planning method?","type":"multichoice"}},{"id":98,"order":5,"question":{"id":98,"props":{"required":"true"},"responses":[{"id":333,"order":1,"props":{},"score":"0.00","title":"Today"},{"id":334,"order":2,"props":{},"score":"0.00","title":"1 week"},{"id":335,"order":3,"props":{},"score":"0.00","title":"1 month"},{"id":336,"order":4,"props":{},"score":"0.00","title":"more than 1 month"},{"id":337,"order":5,"props":{},"score":"0.00","title":"unsure"}],"title":"How soon do you intend to start using a family planning method?","type":"multichoice"}}],"resource_uri":"\/api\/v1\/quiz\/21\/","title":"Post-Test"}</content></activity></activities></section></structure><media><file filename="basket-of-choices.m4v" download_url="http://downloads.digital-campus.org/media/ujjwal/basket-of-choices.m4v" digest="1e330ba8642177d42c2fda2c8382170a" filesize="4894921" length="193"/><file filename="mehnat-spacing.m4v" download_url="http://downloads.digital-campus.org/media/ujjwal/mehnat-spacing.m4v" digest="a4186f306923e60263437eff68390d7f" filesize="1961852" length="71"/><file filename="life-partner-ecp.m4v" download_url="http://downloads.digital-campus.org/media/ujjwal/life-partner-ecp.m4v" digest="78de72f734d64297b0829bb56e6aa180" filesize="22224585" length="523"/><file filename="aisi-bhi-kya-jaldi-hai-delaying.m4v" download_url="http://downloads.digital-campus.org/media/ujjwal/aisi-bhi-kya-jaldi-hai-delaying.m4v" digest="11603269fd1801b20024610db4f4cd11" filesize="2291435" length="72"/><file filename="importance-of-spacing.m4v" download_url="http://downloads.digital-campus.org/media/ujjwal/importance-of-spacing.m4v" digest="9d0c19c7df814bca62b70d59bb573746" filesize="3519929" length="160"/><file filename="importance-of-limiting.m4v" download_url="http://downloads.digital-campus.org/media/ujjwal/importance-of-limiting.m4v" digest="6a86223312d37ac3841dc060716be7ca" filesize="3692523" length="160"/><file filename="mard-ki-daad-age-at-marriage.m4v" download_url="http://downloads.digital-campus.org/media/ujjwal/mard-ki-daad-age-at-marriage.m4v" digest="cfddcd90ff9814906d70bcecba9f4e17" filesize="2236080" length="71"/></media></module>
