<?xml version="1.0"?>
<module><meta><versionid>20140703160307</versionid><priority>0</priority><server>http://demo.oppia-mobile.org/</server><title lang="en">IUCD</title><shortname>us-iucd</shortname><description lang="en"></description><langs><lang>en</lang></langs></meta><structure><section order="1"><title lang="en">Client pre-test</title><activities><activity type="feedback" order="1" digest="455194ef63fd122a81e43d9f357796b416818"><title lang="en">Client Pre-test</title><content lang="en">{"description":"Client pre-test","id":1298,"lastupdated_date":"2014-07-03T17:00:20","owner":"\/api\/v1\/user\/1\/","props":{"courseversion":"20140703160307","digest":"455194ef63fd122a81e43d9f357796b416818","maxscore":0},"questions":[{"id":11859,"order":1,"question":{"id":12065,"props":{"required":"true"},"responses":[],"title":"Name","type":"essay"}},{"id":11860,"order":2,"question":{"id":12066,"props":{"required":"true"},"responses":[],"title":"Age","type":"essay"}},{"id":11861,"order":3,"question":{"id":12067,"props":{"required":"true"},"responses":[{"id":31897,"order":1,"props":{},"score":"0.00","title":"Male"},{"id":31898,"order":2,"props":{},"score":"0.00","title":"Female"}],"title":"Gender","type":"multichoice"}},{"id":11862,"order":4,"question":{"id":12068,"props":{"required":"true"},"responses":[{"id":31899,"order":1,"props":{},"score":"0.00","title":"Yes"},{"id":31900,"order":2,"props":{},"score":"0.00","title":"No"}],"title":"Are you currently pregnant\/ expecting a child?","type":"multichoice"}},{"id":11863,"order":5,"question":{"id":12069,"props":{"required":"false"},"responses":[{"id":31901,"order":1,"props":{},"score":"0.00","title":"1"},{"id":31902,"order":2,"props":{},"score":"0.00","title":"2"},{"id":31903,"order":3,"props":{},"score":"0.00","title":"3"},{"id":31904,"order":4,"props":{},"score":"0.00","title":"4"},{"id":31905,"order":5,"props":{},"score":"0.00","title":"More than 4"}],"title":"How many children do you have?","type":"multichoice"}},{"id":11864,"order":6,"question":{"id":12070,"props":{"required":"true"},"responses":[{"id":31906,"order":1,"props":{},"score":"0.00","title":"Yes"},{"id":31907,"order":2,"props":{},"score":"0.00","title":"No"}],"title":"Do you believe it is important to space children?","type":"multichoice"}},{"id":11865,"order":7,"question":{"id":12071,"props":{"required":"true"},"responses":[{"id":31908,"order":1,"props":{},"score":"0.00","title":"Yes"},{"id":31909,"order":2,"props":{},"score":"0.00","title":"No"}],"title":"Do you believe it is important to limit family size?","type":"multichoice"}},{"id":11866,"order":8,"question":{"id":12072,"props":{"required":"true"},"responses":[{"id":31910,"order":1,"props":{},"score":"0.00","title":"Yes"},{"id":31911,"order":2,"props":{},"score":"0.00","title":"No"}],"title":"Are you aware of family planning?","type":"multichoice"}},{"id":11867,"order":9,"question":{"id":12073,"props":{"required":"true"},"responses":[{"id":31912,"order":1,"props":{},"score":"0.00","title":"Injectables"},{"id":31913,"order":2,"props":{},"score":"0.00","title":"IUCD or Copper T"},{"id":31914,"order":3,"props":{},"score":"0.00","title":"Condom"},{"id":31915,"order":4,"props":{},"score":"0.00","title":"Female Sterilization"},{"id":31916,"order":5,"props":{},"score":"0.00","title":"Male Sterilization"},{"id":31917,"order":6,"props":{},"score":"0.00","title":"OCPs"}],"title":"Which of the following family planning option are you aware of?","type":"multichoice"}},{"id":11868,"order":10,"question":{"id":12074,"props":{"required":"true"},"responses":[{"id":31918,"order":1,"props":{},"score":"0.00","title":"Yes"},{"id":31919,"order":2,"props":{},"score":"0.00","title":"No"}],"title":"Are you using of any the methods listed above?","type":"multichoice"}},{"id":11869,"order":11,"question":{"id":12075,"props":{"required":"false"},"responses":[{"id":31920,"order":1,"props":{},"score":"0.00","title":"Yes"},{"id":31921,"order":2,"props":{},"score":"0.00","title":"No"},{"id":31922,"order":3,"props":{},"score":"0.00","title":"Don't know\/can't say"}],"title":"Do you think family planning methods are safe to use?","type":"multichoice"}},{"id":11870,"order":12,"question":{"id":12076,"props":{"required":"true"},"responses":[{"id":31923,"order":1,"props":{},"score":"0.00","title":"Yes"},{"id":31924,"order":2,"props":{},"score":"0.00","title":"Perhaps, with some assistance"},{"id":31925,"order":3,"props":{},"score":"0.00","title":"No"},{"id":31926,"order":4,"props":{},"score":"0.00","title":"Not interested"}],"title":"Do you feel confident you will be able to use family planning?","type":"multichoice"}},{"id":11871,"order":13,"question":{"id":12077,"props":{"required":"true"},"responses":[{"id":31927,"order":1,"props":{},"score":"0.00","title":"Yes"},{"id":31928,"order":2,"props":{},"score":"0.00","title":"No"}],"title":"Do you intend to adopt family planning?","type":"multichoice"}},{"id":11872,"order":14,"question":{"id":12078,"props":{"required":"false"},"responses":[{"id":31929,"order":1,"props":{},"score":"0.00","title":"Today"},{"id":31930,"order":2,"props":{},"score":"0.00","title":"Within 1 week"},{"id":31931,"order":3,"props":{},"score":"0.00","title":"Within 2 weeks"},{"id":31932,"order":4,"props":{},"score":"0.00","title":"Within 1 month"},{"id":31933,"order":5,"props":{},"score":"0.00","title":"More than 1 month"},{"id":31934,"order":6,"props":{},"score":"0.00","title":"Never"}],"title":"How soon do you intend to begin using family planning?","type":"multichoice"}}],"resource_uri":"\/api\/v1\/quiz\/1298\/","title":"Client Pre-test"}</content></activity></activities></section><section order="2"><title lang="en">Doctor Speaks</title><activities><activity type="page" order="1" digest="f71a67a42c5243b555995552168da43416819"><title lang="en">&#x906;&#x908;.&#x92F;&#x942;.&#x938;&#x940;.&#x921;&#x940;</title><media><file filename="iucd-ailulsil.m4v" download_url="http://downloads.digital-campus.org/media/ujjwal/iucd/iucd-ailulsil.m4v" digest="0205d436790267760fbb886221eb0c73" filesize="8451954" length="345"/></media><image filename="/images/16819.png"/><location lang="en">02_16819_en.html</location></activity></activities></section><section order="3"><title lang="en">Entertainment Films</title><activities><activity type="page" order="1" digest="95cdd081c7ddc2188c50d57228667b1916820"><title lang="en">&#x930;&#x93E;&#x908;&#x91F; &#x91A;&#x949;&#x907;&#x938;</title><media><file filename="iucd-right-choice.m4v" download_url="http://downloads.digital-campus.org/media/ujjwal/iucd/iucd-right-choice.m4v" digest="6344725d8baa519f65d5ce564a5d82c2" filesize="12883802" length="440"/></media><image filename="/images/16820.png"/><location lang="en">03_16820_en.html</location></activity></activities></section><section order="4"><title lang="en">Real Stories</title><activities><activity type="page" order="1" digest="42b1e508d5a0121470f4055e28658b8916821"><title lang="en">&#x939;&#x938;&#x940;&#x928; &#x914;&#x930; &#x936;&#x93E;&#x939;&#x940;&#x928;</title><media><file filename="iucd-sweet-and-shaheen.m4v" download_url="http://downloads.digital-campus.org/media/ujjwal/iucd/iucd-sweet-and-shaheen.m4v" digest="bfcba1dad464b4b363d7e8bad8225702" filesize="3781330" length="148"/></media><image filename="/images/16821.png"/><location lang="en">04_16821_en.html</location></activity></activities></section><section order="5"><title lang="en">TV Advertisement</title><activities><activity type="page" order="1" digest="2376181bfbc9fb28b79abfc9537dc83516822"><title lang="en">&#x906;&#x908;&#x92F;&#x942;&#x938;&#x940;&#x921;&#x940; &#x92E;&#x93E;&#x901; &#x92C;&#x91A;&#x94D;&#x91A;&#x93E;</title><media><file filename="iucd-mother-child.m4v" download_url="http://downloads.digital-campus.org/media/ujjwal/iucd/iucd-mother-child.m4v" digest="fb1db910e4d12e695e7b9b540fb451cc" filesize="1969213" length="71"/></media><image filename="/images/16822.png"/><location lang="en">05_16822_en.html</location></activity><activity type="page" order="2" digest="30397cfc448d767611bfd5cfcda135ae16823"><title lang="en">&#x909;&#x92A;&#x93E;&#x92F;</title><media><file filename="iucd-remedy.m4v" download_url="http://downloads.digital-campus.org/media/ujjwal/iucd/iucd-remedy.m4v" digest="629b828d78ffe1c54a5d38400f625a4f" filesize="2178260" length="71"/></media><image filename="/images/16823.png"/><location lang="en">05_16823_en.html</location></activity><activity type="page" order="3" digest="e0a5e2432f0f4a4cd330d29be9ec8dc616826"><title lang="en">&#x930;&#x93E;&#x91C;&#x947;&#x936; &#x915;&#x941;&#x92E;&#x93E;&#x930;</title><media><file filename="iucd-rajesh-kumar.m4v" download_url="http://downloads.digital-campus.org/media/ujjwal/iucd/iucd-rajesh-kumar.m4v" digest="b99cb78aec5fba8522876d568c804277" filesize="2520208" length="72"/></media><image filename="/images/16826.png"/><location lang="en">05_16826_en.html</location></activity></activities></section><section order="6"><title lang="en">Client Exit Interview</title><activities><activity type="feedback" order="1" digest="611d7d8e8915cb90d2e557780bfea75916824"><title lang="en">Client Exit Interview</title><content lang="en">{"description":"Client Exit Interview","id":1299,"lastupdated_date":"2014-07-03T17:00:47","owner":"\/api\/v1\/user\/1\/","props":{"courseversion":"20140703160307","digest":"611d7d8e8915cb90d2e557780bfea75916824","maxscore":0},"questions":[{"id":11873,"order":1,"question":{"id":12079,"props":{"required":"true"},"responses":[{"id":31935,"order":1,"props":{},"score":"0.00","title":"1"},{"id":31936,"order":2,"props":{},"score":"0.00","title":"2"},{"id":31937,"order":3,"props":{},"score":"0.00","title":"3"},{"id":31938,"order":4,"props":{},"score":"0.00","title":"4"},{"id":31939,"order":5,"props":{},"score":"0.00","title":"More than 4"}],"title":"How many videos did you see?","type":"multichoice"}},{"id":11874,"order":2,"question":{"id":12080,"props":{"required":"false"},"responses":[{"id":31940,"order":1,"props":{},"score":"0.00","title":"Spacing"},{"id":31941,"order":2,"props":{},"score":"0.00","title":"Limiting"},{"id":31942,"order":3,"props":{},"score":"0.00","title":"Delaying"},{"id":31943,"order":4,"props":{},"score":"0.00","title":"FP Methods"}],"title":"What was the main message of the video(s) you watched?","type":"multichoice"}},{"id":11875,"order":3,"question":{"id":12081,"props":{"required":"false"},"responses":[{"id":31944,"order":1,"props":{},"score":"0.00","title":"Yes"},{"id":31945,"order":2,"props":{},"score":"0.00","title":"No"}],"title":"Was the information in the video(s) useful for you in selecting a family planning method?","type":"multichoice"}},{"id":11876,"order":4,"question":{"id":12082,"props":{"required":"false"},"responses":[{"id":31946,"order":1,"props":{},"score":"0.00","title":"Doctor Speaks"},{"id":31947,"order":2,"props":{},"score":"0.00","title":"Entertainment Films"},{"id":31948,"order":3,"props":{},"score":"0.00","title":"Real Stories"},{"id":31949,"order":4,"props":{},"score":"0.00","title":"TV Commercials"}],"title":"Which videos did you find most relevant?","type":"multichoice"}},{"id":11877,"order":5,"question":{"id":12083,"props":{"required":"true"},"responses":[{"id":31950,"order":1,"props":{},"score":"0.00","title":"Yes"},{"id":31951,"order":2,"props":{},"score":"0.00","title":"No"}],"title":"Do you believe it is important to space children?","type":"multichoice"}},{"id":11878,"order":6,"question":{"id":12084,"props":{"required":"false"},"responses":[{"id":31952,"order":1,"props":{},"score":"0.00","title":"Yes"},{"id":31953,"order":2,"props":{},"score":"0.00","title":"No"}],"title":"Do you believe it is important to limit family size?","type":"multichoice"}},{"id":11879,"order":7,"question":{"id":12085,"props":{"required":"true"},"responses":[{"id":31954,"order":1,"props":{},"score":"0.00","title":"Yes"},{"id":31955,"order":2,"props":{},"score":"0.00","title":"No"},{"id":31956,"order":3,"props":{},"score":"0.00","title":"Don't know\/Can't say"}],"title":"Do you think family planning methods are safe to use?","type":"multichoice"}},{"id":11880,"order":8,"question":{"id":12086,"props":{"required":"true"},"responses":[{"id":31957,"order":1,"props":{},"score":"0.00","title":"True"},{"id":31958,"order":2,"props":{},"score":"0.00","title":"False"}],"title":"IUCD can be removed anytime the woman wishes to conceive again","type":"multichoice"}},{"id":11881,"order":9,"question":{"id":12087,"props":{"required":"true"},"responses":[{"id":31959,"order":1,"props":{},"score":"0.00","title":"True"},{"id":31960,"order":2,"props":{},"score":"0.00","title":"False"}],"title":"The IUCD can travel to the heart or brain or a woman and will result in cancer","type":"multichoice"}},{"id":11882,"order":10,"question":{"id":12088,"props":{"required":"true"},"responses":[{"id":31961,"order":1,"props":{},"score":"0.00","title":"True"},{"id":31962,"order":2,"props":{},"score":"0.00","title":"False"}],"title":"The IUCD will result in discomfort to the husband during intercourse","type":"multichoice"}},{"id":11883,"order":11,"question":{"id":12089,"props":{"required":"true"},"responses":[{"id":31963,"order":1,"props":{},"score":"0.00","title":"Yes"},{"id":31964,"order":2,"props":{},"score":"0.00","title":"Perhaps, with some assistance"},{"id":31965,"order":3,"props":{},"score":"0.00","title":"No"},{"id":31966,"order":4,"props":{},"score":"0.00","title":"Not interested"}],"title":"Do you feel confident you will be able to use family planning?","type":"multichoice"}},{"id":11884,"order":12,"question":{"id":12090,"props":{"required":"true"},"responses":[{"id":31967,"order":1,"props":{},"score":"0.00","title":"Yes"},{"id":31968,"order":2,"props":{},"score":"0.00","title":"No"}],"title":"Do you intend to adopt family planning?","type":"multichoice"}},{"id":11885,"order":13,"question":{"id":12091,"props":{"required":"true"},"responses":[{"id":31969,"order":1,"props":{},"score":"0.00","title":"Today"},{"id":31970,"order":2,"props":{},"score":"0.00","title":"Within 1 week"},{"id":31971,"order":3,"props":{},"score":"0.00","title":"Within 2 weeks"},{"id":31972,"order":4,"props":{},"score":"0.00","title":"Within 1 month"},{"id":31973,"order":5,"props":{},"score":"0.00","title":"Never"}],"title":"How soon do you intend to begin using family planning?","type":"multichoice"}},{"id":11886,"order":14,"question":{"id":12092,"props":{"required":"true"},"responses":[{"id":31974,"order":1,"props":{},"score":"0.00","title":"Consult with spouse and family"},{"id":31975,"order":2,"props":{},"score":"0.00","title":"Visit Ujjwal Clinic"},{"id":31976,"order":3,"props":{},"score":"0.00","title":"Call Ujjwal Helpline"},{"id":31977,"order":4,"props":{},"score":"0.00","title":"Visit PHC"},{"id":31978,"order":5,"props":{},"score":"0.00","title":"No action plan"}],"title":"How will you start family planning?","type":"multichoice"}},{"id":11887,"order":15,"question":{"id":12093,"props":{"required":"true"},"responses":[{"id":31979,"order":1,"props":{},"score":"0.00","title":"IUCD"},{"id":31980,"order":2,"props":{},"score":"0.00","title":"Pills"},{"id":31981,"order":3,"props":{},"score":"0.00","title":"Injectables"},{"id":31982,"order":4,"props":{},"score":"0.00","title":"Condom"},{"id":31983,"order":5,"props":{},"score":"0.00","title":"Female Sterilization"},{"id":31984,"order":6,"props":{},"score":"0.00","title":"Male Sterilization"}],"title":"Which family planning method will you choose?","type":"multichoice"}}],"resource_uri":"\/api\/v1\/quiz\/1299\/","title":"Client Exit Interview"}</content></activity></activities></section></structure><media><file filename="iucd-ailulsil.m4v" download_url="http://downloads.digital-campus.org/media/ujjwal/iucd/iucd-ailulsil.m4v" digest="0205d436790267760fbb886221eb0c73" filesize="8451954" length="345"/><file filename="iucd-right-choice.m4v" download_url="http://downloads.digital-campus.org/media/ujjwal/iucd/iucd-right-choice.m4v" digest="6344725d8baa519f65d5ce564a5d82c2" filesize="12883802" length="440"/><file filename="iucd-sweet-and-shaheen.m4v" download_url="http://downloads.digital-campus.org/media/ujjwal/iucd/iucd-sweet-and-shaheen.m4v" digest="bfcba1dad464b4b363d7e8bad8225702" filesize="3781330" length="148"/><file filename="iucd-mother-child.m4v" download_url="http://downloads.digital-campus.org/media/ujjwal/iucd/iucd-mother-child.m4v" digest="fb1db910e4d12e695e7b9b540fb451cc" filesize="1969213" length="71"/><file filename="iucd-remedy.m4v" download_url="http://downloads.digital-campus.org/media/ujjwal/iucd/iucd-remedy.m4v" digest="629b828d78ffe1c54a5d38400f625a4f" filesize="2178260" length="71"/><file filename="iucd-rajesh-kumar.m4v" download_url="http://downloads.digital-campus.org/media/ujjwal/iucd/iucd-rajesh-kumar.m4v" digest="b99cb78aec5fba8522876d568c804277" filesize="2520208" length="72"/></media></module>
