<?xml version="1.0"?>
<module><meta><versionid>20140725203556</versionid><priority>7</priority><server>http://demo.oppia-mobile.org/</server><title lang="en">Female Sterilisation</title><shortname>us-fs</shortname><description lang="en"></description><activity type="feedback" order="2" digest="ef18ab899c653da474eb3d8d8315bdcb20526"><title lang="en">Client Pre-test</title><content lang="en">{"description":"Client Pre-test","id":1746,"lastupdated_date":"2014-07-25T18:35:42","owner":"\/api\/v1\/user\/1\/","props":{"courseversion":"20140725173616","digest":"ef18ab899c653da474eb3d8d8315bdcb20526","maxscore":0},"questions":[{"id":17635,"order":1,"question":{"id":17842,"props":{"required":"true"},"responses":[],"title":"Name","type":"essay"}},{"id":17636,"order":2,"question":{"id":17843,"props":{"required":"true"},"responses":[],"title":"Age","type":"numerical"}},{"id":17637,"order":3,"question":{"id":17844,"props":{"required":"true"},"responses":[{"id":47629,"order":1,"props":{},"score":"0.00","title":"Male"},{"id":47630,"order":2,"props":{},"score":"0.00","title":"Female"}],"title":"Gender","type":"multichoice"}},{"id":17638,"order":4,"question":{"id":17845,"props":{"required":"true"},"responses":[{"id":47631,"order":1,"props":{},"score":"0.00","title":"Yes"},{"id":47632,"order":2,"props":{},"score":"0.00","title":"No"}],"title":"Are you currently pregnant\/ expecting a child?","type":"multichoice"}},{"id":17639,"order":5,"question":{"id":17846,"props":{"required":"false"},"responses":[{"id":47633,"order":1,"props":{},"score":"0.00","title":"0"},{"id":47634,"order":2,"props":{},"score":"0.00","title":"1"},{"id":47635,"order":3,"props":{},"score":"0.00","title":"2"},{"id":47636,"order":4,"props":{},"score":"0.00","title":"3"},{"id":47637,"order":5,"props":{},"score":"0.00","title":"4"},{"id":47638,"order":6,"props":{},"score":"0.00","title":"More than 4"}],"title":"How many children do you have?","type":"multichoice"}},{"id":17640,"order":6,"question":{"id":17847,"props":{"required":"true"},"responses":[{"id":47639,"order":1,"props":{},"score":"0.00","title":"Yes"},{"id":47640,"order":2,"props":{},"score":"0.00","title":"No"},{"id":47641,"order":3,"props":{},"score":"0.00","title":"Don't know\/can't say"}],"title":"Do you believe it is important to space children?","type":"multichoice"}},{"id":17641,"order":7,"question":{"id":17848,"props":{"required":"true"},"responses":[{"id":47642,"order":1,"props":{},"score":"0.00","title":"Yes"},{"id":47643,"order":2,"props":{},"score":"0.00","title":"No"},{"id":47644,"order":3,"props":{},"score":"0.00","title":"Don't know\/can't say"}],"title":"Do you believe it is important to limit family size?","type":"multichoice"}},{"id":17642,"order":8,"question":{"id":17849,"props":{"required":"true"},"responses":[{"id":47645,"order":1,"props":{},"score":"0.00","title":"Yes"},{"id":47646,"order":2,"props":{},"score":"0.00","title":"No"}],"title":"Are you aware of family planning?","type":"multichoice"}},{"id":17643,"order":9,"question":{"id":17850,"props":{"required":"true"},"responses":[{"id":47647,"order":1,"props":{},"score":"0.00","title":"OCPs"},{"id":47648,"order":2,"props":{},"score":"0.00","title":"Condom"},{"id":47649,"order":3,"props":{},"score":"0.00","title":"Injectables"},{"id":47650,"order":4,"props":{},"score":"0.00","title":"IUCD or Copper T"},{"id":47651,"order":5,"props":{},"score":"0.00","title":"Female Sterilization"},{"id":47652,"order":6,"props":{},"score":"0.00","title":"Male Sterilization"},{"id":47653,"order":7,"props":{},"score":"0.00","title":"ECP"},{"id":47654,"order":8,"props":{},"score":"0.00","title":"Other"}],"title":"Which of the following family planning option are you aware of?","type":"multiselect"}},{"id":17644,"order":10,"question":{"id":17851,"props":{"required":"false"},"responses":[],"title":"If you selected other then please specify here","type":"shortanswer"}},{"id":17645,"order":11,"question":{"id":17852,"props":{"required":"true"},"responses":[{"id":47655,"order":1,"props":{},"score":"0.00","title":"Yes"},{"id":47656,"order":2,"props":{},"score":"0.00","title":"No"}],"title":"Are you using of any the methods listed above?","type":"multichoice"}},{"id":17646,"order":12,"question":{"id":17853,"props":{"required":"false"},"responses":[{"id":47657,"order":1,"props":{},"score":"0.00","title":"Yes"},{"id":47658,"order":2,"props":{},"score":"0.00","title":"No"},{"id":47659,"order":3,"props":{},"score":"0.00","title":"Don't know\/can't say"}],"title":"Do you think family planning methods are safe to use?","type":"multichoice"}},{"id":17647,"order":13,"question":{"id":17854,"props":{"required":"true"},"responses":[{"id":47660,"order":1,"props":{},"score":"0.00","title":"Yes"},{"id":47661,"order":2,"props":{},"score":"0.00","title":"Perhaps, with some assistance"},{"id":47662,"order":3,"props":{},"score":"0.00","title":"No"},{"id":47663,"order":4,"props":{},"score":"0.00","title":"Not interested"}],"title":"Do you feel confident you will be able to use family planning?","type":"multichoice"}},{"id":17648,"order":14,"question":{"id":17855,"props":{"required":"true"},"responses":[{"id":47664,"order":1,"props":{},"score":"0.00","title":"Yes"},{"id":47665,"order":2,"props":{},"score":"0.00","title":"No"}],"title":"Do you intend to adopt family planning?","type":"multichoice"}},{"id":17649,"order":15,"question":{"id":17856,"props":{"required":"false"},"responses":[{"id":47666,"order":1,"props":{},"score":"0.00","title":"Today"},{"id":47667,"order":2,"props":{},"score":"0.00","title":"Within 1 week"},{"id":47668,"order":3,"props":{},"score":"0.00","title":"Within 2 weeks"},{"id":47669,"order":4,"props":{},"score":"0.00","title":"Within 1 month"},{"id":47670,"order":5,"props":{},"score":"0.00","title":"More than 1 month"},{"id":47671,"order":6,"props":{},"score":"0.00","title":"Never"}],"title":"How soon do you intend to begin using family planning?","type":"multichoice"}}],"resource_uri":"\/api\/v1\/quiz\/1746\/","title":"Client Pre-test"}</content></activity><image filename="/images/21475.png"/><langs><lang>en</lang></langs></meta><structure><section order="1"><title lang="en">Doctor Speaks</title><activities><activity type="page" order="1" digest="d2219747b0497d06e1f3cef8f9c303a720527"><title lang="en">&#x906;&#x908;.&#x92F;&#x942;.&#x938;&#x940;.&#x921;&#x940;</title><media><file filename="iucd-ailulsil.m4v" download_url="http://downloads.digital-campus.org/media/ujjwal/iucd/iucd-ailulsil.m4v" digest="0205d436790267760fbb886221eb0c73" filesize="8451954" length="345"/></media><image filename="/images/20527.png"/><location lang="en">01_20527_en.html</location></activity></activities></section><section order="2"><title lang="en">Entertainment Films</title><activities><activity type="page" order="1" digest="05e9b31da8fe520bd60bc62aea076f6d20528"><title lang="en">&#x930;&#x93E;&#x908;&#x91F; &#x91A;&#x949;&#x907;&#x938;</title><media><file filename="iucd-right-choice.m4v" download_url="http://downloads.digital-campus.org/media/ujjwal/iucd/iucd-right-choice.m4v" digest="6344725d8baa519f65d5ce564a5d82c2" filesize="12883802" length="440"/></media><image filename="/images/20528.png"/><location lang="en">02_20528_en.html</location></activity></activities></section><section order="3"><title lang="en">Real Stories</title><activities><activity type="page" order="1" digest="7269bf57563d36dbdaaa3b1d1873262e20529"><title lang="en">&#x939;&#x938;&#x940;&#x928; &#x914;&#x930; &#x936;&#x93E;&#x939;&#x940;&#x928;</title><media><file filename="iucd-sweet-and-shaheen.m4v" download_url="http://downloads.digital-campus.org/media/ujjwal/iucd/iucd-sweet-and-shaheen.m4v" digest="bfcba1dad464b4b363d7e8bad8225702" filesize="3781330" length="148"/></media><image filename="/images/20529.png"/><location lang="en">03_20529_en.html</location></activity></activities></section><section order="4"><title lang="en">TV Advertisement</title><activities><activity type="page" order="1" digest="f1e8cecc8bdba61f949b5c2f4925871920530"><title lang="en">&#x906;&#x908;&#x92F;&#x942;&#x938;&#x940;&#x921;&#x940; &#x92E;&#x93E;&#x901; &#x92C;&#x91A;&#x94D;&#x91A;&#x93E;</title><media><file filename="iucd-mother-child.m4v" download_url="http://downloads.digital-campus.org/media/ujjwal/iucd/iucd-mother-child.m4v" digest="fb1db910e4d12e695e7b9b540fb451cc" filesize="1969213" length="71"/></media><image filename="/images/20530.png"/><location lang="en">04_20530_en.html</location></activity><activity type="page" order="2" digest="367840d94c9bd1950cf45d7d7fbf851420531"><title lang="en">&#x909;&#x92A;&#x93E;&#x92F;</title><media><file filename="iucd-remedy.m4v" download_url="http://downloads.digital-campus.org/media/ujjwal/iucd/iucd-remedy.m4v" digest="629b828d78ffe1c54a5d38400f625a4f" filesize="2178260" length="71"/></media><image filename="/images/20531.png"/><location lang="en">04_20531_en.html</location></activity><activity type="page" order="3" digest="146763fab7536713f7ff25a70c858f3620532"><title lang="en">&#x930;&#x93E;&#x91C;&#x947;&#x936; &#x915;&#x941;&#x92E;&#x93E;&#x930;</title><media><file filename="iucd-rajesh-kumar.m4v" download_url="http://downloads.digital-campus.org/media/ujjwal/iucd/iucd-rajesh-kumar.m4v" digest="b99cb78aec5fba8522876d568c804277" filesize="2520208" length="72"/></media><image filename="/images/20532.png"/><location lang="en">04_20532_en.html</location></activity></activities></section><section order="5"><title lang="en">Client Exit Interview</title><activities><activity type="feedback" order="1" digest="b9a43af9eb5d6d36fcebcefe2ef1ab1a20533"><title lang="en">Client Exit Interview</title><content lang="en">{"description":"Client Exit Interview","id":1747,"lastupdated_date":"2014-07-25T18:36:42","owner":"\/api\/v1\/user\/1\/","props":{"courseversion":"20140725173616","digest":"b9a43af9eb5d6d36fcebcefe2ef1ab1a20533","maxscore":0},"questions":[{"id":17650,"order":1,"question":{"id":17857,"props":{"required":"true"},"responses":[{"id":47672,"order":1,"props":{},"score":"0.00","title":"0"},{"id":47673,"order":2,"props":{},"score":"0.00","title":"1"},{"id":47674,"order":3,"props":{},"score":"0.00","title":"2"},{"id":47675,"order":4,"props":{},"score":"0.00","title":"3"},{"id":47676,"order":5,"props":{},"score":"0.00","title":"4"},{"id":47677,"order":6,"props":{},"score":"0.00","title":"More than 4"}],"title":"How many videos did you see?","type":"multichoice"}},{"id":17651,"order":2,"question":{"id":17858,"props":{"required":"false"},"responses":[{"id":47678,"order":1,"props":{},"score":"0.00","title":"Delaying the first child"},{"id":47679,"order":2,"props":{},"score":"0.00","title":"Spacing between children"},{"id":47680,"order":3,"props":{},"score":"0.00","title":"Limiting family size"},{"id":47681,"order":4,"props":{},"score":"0.00","title":"Unwanted pregnancy"},{"id":47682,"order":5,"props":{},"score":"0.00","title":"Post abortion family planning"},{"id":47683,"order":6,"props":{},"score":"0.00","title":"Family planning methods"}],"title":"What was the main message of the video(s) you watched?","type":"multiselect"}},{"id":17652,"order":3,"question":{"id":17859,"props":{"required":"false"},"responses":[{"id":47684,"order":1,"props":{},"score":"0.00","title":"Yes"},{"id":47685,"order":2,"props":{},"score":"0.00","title":"No"}],"title":"Was the information in the video(s) useful for you in selecting a family planning method?","type":"multichoice"}},{"id":17653,"order":4,"question":{"id":17860,"props":{"required":"false"},"responses":[{"id":47686,"order":1,"props":{},"score":"0.00","title":"Doctor Speaks"},{"id":47687,"order":2,"props":{},"score":"0.00","title":"Entertainment Films"},{"id":47688,"order":3,"props":{},"score":"0.00","title":"Real Stories"},{"id":47689,"order":4,"props":{},"score":"0.00","title":"TV Commercials"}],"title":"Which videos did you find most relevant?","type":"multiselect"}},{"id":17654,"order":5,"question":{"id":17861,"props":{"required":"true"},"responses":[{"id":47690,"order":1,"props":{},"score":"0.00","title":"Yes"},{"id":47691,"order":2,"props":{},"score":"0.00","title":"No"}],"title":"Do you believe it is important to space children?","type":"multichoice"}},{"id":17655,"order":6,"question":{"id":17862,"props":{"required":"false"},"responses":[{"id":47692,"order":1,"props":{},"score":"0.00","title":"Yes"},{"id":47693,"order":2,"props":{},"score":"0.00","title":"No"},{"id":47694,"order":3,"props":{},"score":"0.00","title":"Don't know\/can't say"}],"title":"Do you believe it is important to limit family size?","type":"multichoice"}},{"id":17656,"order":7,"question":{"id":17863,"props":{"required":"true"},"responses":[{"id":47695,"order":1,"props":{},"score":"0.00","title":"Yes"},{"id":47696,"order":2,"props":{},"score":"0.00","title":"No"},{"id":47697,"order":3,"props":{},"score":"0.00","title":"Don't know\/Can't say"}],"title":"Do you think family planning methods are safe to use?","type":"multichoice"}},{"id":17657,"order":8,"question":{"id":17864,"props":{"required":"true"},"responses":[{"id":47698,"order":1,"props":{},"score":"0.00","title":"True"},{"id":47699,"order":2,"props":{},"score":"0.00","title":"False"},{"id":47700,"order":3,"props":{},"score":"0.00","title":"Don't know\/can't say"}],"title":"IUCD can be removed anytime the woman wishes to conceive again","type":"multichoice"}},{"id":17658,"order":9,"question":{"id":17865,"props":{"required":"true"},"responses":[{"id":47701,"order":1,"props":{},"score":"0.00","title":"True"},{"id":47702,"order":2,"props":{},"score":"0.00","title":"False"},{"id":47703,"order":3,"props":{},"score":"0.00","title":"Don't know\/can't say"}],"title":"The IUCD can travel to the heart or brain or a woman and will result in cancer","type":"multichoice"}},{"id":17659,"order":10,"question":{"id":17866,"props":{"required":"true"},"responses":[{"id":47704,"order":1,"props":{},"score":"0.00","title":"True"},{"id":47705,"order":2,"props":{},"score":"0.00","title":"False"},{"id":47706,"order":3,"props":{},"score":"0.00","title":"Don't know\/can't say"}],"title":"The IUCD will result in discomfort to the husband during intercourse","type":"multichoice"}},{"id":17660,"order":11,"question":{"id":17867,"props":{"required":"true"},"responses":[{"id":47707,"order":1,"props":{},"score":"0.00","title":"Yes"},{"id":47708,"order":2,"props":{},"score":"0.00","title":"Perhaps, with some assistance"},{"id":47709,"order":3,"props":{},"score":"0.00","title":"No"},{"id":47710,"order":4,"props":{},"score":"0.00","title":"Not interested"}],"title":"Do you feel confident you will be able to use family planning?","type":"multichoice"}},{"id":17661,"order":12,"question":{"id":17868,"props":{"required":"true"},"responses":[{"id":47711,"order":1,"props":{},"score":"0.00","title":"Yes"},{"id":47712,"order":2,"props":{},"score":"0.00","title":"No"}],"title":"Do you intend to adopt family planning?","type":"multichoice"}},{"id":17662,"order":13,"question":{"id":17869,"props":{"required":"true"},"responses":[{"id":47713,"order":1,"props":{},"score":"0.00","title":"Today"},{"id":47714,"order":2,"props":{},"score":"0.00","title":"Within 1 week"},{"id":47715,"order":3,"props":{},"score":"0.00","title":"Within 2 weeks"},{"id":47716,"order":4,"props":{},"score":"0.00","title":"Within 1 month"},{"id":47717,"order":5,"props":{},"score":"0.00","title":"Never"}],"title":"How soon do you intend to begin using family planning?","type":"multichoice"}},{"id":17663,"order":14,"question":{"id":17870,"props":{"required":"true"},"responses":[{"id":47718,"order":1,"props":{},"score":"0.00","title":"Consult with spouse and family"},{"id":47719,"order":2,"props":{},"score":"0.00","title":"Visit Ujjwal Clinic"},{"id":47720,"order":3,"props":{},"score":"0.00","title":"Call Ujjwal Helpline"},{"id":47721,"order":4,"props":{},"score":"0.00","title":"Visit PHC"},{"id":47722,"order":5,"props":{},"score":"0.00","title":"No action plan"}],"title":"How will you start family planning?","type":"multichoice"}},{"id":17664,"order":15,"question":{"id":17871,"props":{"required":"true"},"responses":[{"id":47723,"order":1,"props":{},"score":"0.00","title":"IUCD"},{"id":47724,"order":2,"props":{},"score":"0.00","title":"Pills"},{"id":47725,"order":3,"props":{},"score":"0.00","title":"Injectables"},{"id":47726,"order":4,"props":{},"score":"0.00","title":"Condom"},{"id":47727,"order":5,"props":{},"score":"0.00","title":"Female Sterilization"},{"id":47728,"order":6,"props":{},"score":"0.00","title":"Male Sterilization"}],"title":"Which family planning method will you choose?","type":"multichoice"}}],"resource_uri":"\/api\/v1\/quiz\/1747\/","title":"Client Exit Interview"}</content></activity></activities></section></structure><media><file filename="iucd-ailulsil.m4v" download_url="http://downloads.digital-campus.org/media/ujjwal/iucd/iucd-ailulsil.m4v" digest="0205d436790267760fbb886221eb0c73" filesize="8451954" length="345"/><file filename="iucd-right-choice.m4v" download_url="http://downloads.digital-campus.org/media/ujjwal/iucd/iucd-right-choice.m4v" digest="6344725d8baa519f65d5ce564a5d82c2" filesize="12883802" length="440"/><file filename="iucd-sweet-and-shaheen.m4v" download_url="http://downloads.digital-campus.org/media/ujjwal/iucd/iucd-sweet-and-shaheen.m4v" digest="bfcba1dad464b4b363d7e8bad8225702" filesize="3781330" length="148"/><file filename="iucd-mother-child.m4v" download_url="http://downloads.digital-campus.org/media/ujjwal/iucd/iucd-mother-child.m4v" digest="fb1db910e4d12e695e7b9b540fb451cc" filesize="1969213" length="71"/><file filename="iucd-remedy.m4v" download_url="http://downloads.digital-campus.org/media/ujjwal/iucd/iucd-remedy.m4v" digest="629b828d78ffe1c54a5d38400f625a4f" filesize="2178260" length="71"/><file filename="iucd-rajesh-kumar.m4v" download_url="http://downloads.digital-campus.org/media/ujjwal/iucd/iucd-rajesh-kumar.m4v" digest="b99cb78aec5fba8522876d568c804277" filesize="2520208" length="72"/></media></module>
