<?xml version="1.0"?>
<module><meta><versionid>20140830121736</versionid><priority>6</priority><server>http://ujjwal.oppia-mobile.org/</server><title lang="en">Limiting family size</title><shortname>us-limiting</shortname><description lang="en"></description><activity type="feedback" order="2" digest="799709865114403a3bee3af19e9a017620875"><title lang="en">Pre-Test</title><content lang="en">{"description":"Pre-Test","id":14,"lastupdated_date":"2014-08-30T06:16:39","owner":"\/api\/v1\/user\/1\/","props":{"courseversion":"20140830121653","digest":"799709865114403a3bee3af19e9a017620875","maxscore":0},"questions":[{"id":61,"order":1,"question":{"id":61,"props":{"required":"true"},"responses":[{"id":206,"order":1,"props":{},"score":"0.00","title":"True"},{"id":207,"order":2,"props":{},"score":"0.00","title":"False"}],"title":"Maintaining a small family size creates more financial resources and opportunities to support your children.","type":"multichoice"}},{"id":62,"order":2,"question":{"id":62,"props":{"required":"true"},"responses":[{"id":208,"order":1,"props":{},"score":"0.00","title":"True"},{"id":209,"order":2,"props":{},"score":"0.00","title":"False"}],"title":"Family planning is expensive.","type":"multichoice"}},{"id":63,"order":3,"question":{"id":63,"props":{"required":"true"},"responses":[{"id":210,"order":1,"props":{},"score":"0.00","title":"True"},{"id":211,"order":2,"props":{},"score":"0.00","title":"False"}],"title":"Practicing family planning eliminates the fear of getting pregnant.","type":"multichoice"}},{"id":64,"order":4,"question":{"id":64,"props":{"required":"true"},"responses":[{"id":212,"order":1,"props":{},"score":"0.00","title":"Yes"},{"id":213,"order":2,"props":{},"score":"0.00","title":"No"},{"id":214,"order":3,"props":{},"score":"0.00","title":"Unsure"}],"title":"Do you intend to use a family planning method?","type":"multichoice"}},{"id":65,"order":5,"question":{"id":65,"props":{"required":"true"},"responses":[{"id":215,"order":1,"props":{},"score":"0.00","title":"Consult with spouse"},{"id":216,"order":2,"props":{},"score":"0.00","title":"Consult with relatives\/ friends"},{"id":217,"order":3,"props":{},"score":"0.00","title":"Call Ujjwal Helpline"},{"id":218,"order":4,"props":{},"score":"0.00","title":"Call Ujjwal Clinic"},{"id":219,"order":5,"props":{},"score":"0.00","title":"Visit another primary health clinic"},{"id":220,"order":6,"props":{},"score":"0.00","title":"No action plan"},{"id":221,"order":7,"props":{},"score":"0.00","title":"Will not use FP"}],"title":"Which action will you take to begin using a family planning method? (Choose one)","type":"multichoice"}}],"resource_uri":"\/api\/v1\/quiz\/14\/","title":"Pre-Test"}</content></activity><image filename="/images/21610.png"/><langs><lang>en</lang></langs></meta><structure><section order="1"><title lang="en">Female Sterilization</title><activities><activity type="page" order="1" digest="5e338251cb46f10adbdfb527a14e513b20851"><title lang="en">Female Sterilization</title><image filename="/images/20851.png"/><location lang="en">01_20851_en.html</location></activity><activity type="page" order="2" digest="874858721bb40a6d27bcf9456a94973320621"><title lang="en">Doctor Speaks</title><media><file filename="doctor-speaks-on-female-sterilisation.m4v" download_url="http://downloads.digital-campus.org/media/ujjwal/doctor-speaks-on-female-sterilisation.m4v" digest="4d245381d44d7e3a533d7b915d268eb8" filesize="8038494" length="295"/></media><image filename="/images/20621.png"/><location lang="en">01_20621_en.html</location></activity><activity type="page" order="3" digest="e7f73fe50efc86a30d30fd372a8edebb20749"><title lang="en">Real Stories</title><media><file filename="sangeeta-and-amresh.m4v" download_url="http://downloads.digital-campus.org/media/ujjwal/sangeeta-and-amresh.m4v" digest="7a140d550832220ca21a4b3136dea6e9" filesize="8595856" length="180"/></media><image filename="/images/20749.png"/><location lang="en">01_20749_en.html</location></activity><activity type="page" order="4" digest="4d2c81c1f00bf12a31f163a7c45be2db20746"><title lang="en">Entertainment Films</title><media><file filename="zindagi-ka-plan.m4v" download_url="http://downloads.digital-campus.org/media/ujjwal/zindagi-ka-plan.m4v" digest="cda103bcd27eb7bd8c47e88de021937e" filesize="16631736" length="576"/></media><image filename="/images/20746.png"/><location lang="en">01_20746_en.html</location></activity><activity type="page" order="5" digest="a244ff6680d59aef4d3e95aa7be6935f20748"><title lang="en">TV Advertisement</title><media><file filename="bunty-and-wife.m4v" download_url="http://downloads.digital-campus.org/media/ujjwal/bunty-and-wife.m4v" digest="1daae3885fbbfdc907e3bbca2b23b4d1" filesize="2802034" length="72"/></media><image filename="/images/20748.png"/><location lang="en">01_20748_en.html</location></activity><activity type="page" order="6" digest="d48905eab53be1fff29f4641d4088b3220787"><title lang="en">Get information</title><location lang="en">01_20787_en.html</location></activity><activity type="page" order="7" digest="7ba1b8711e301b8486b452f8376b80c020788"><title lang="en">Action Steps</title><location lang="en">01_20788_en.html</location></activity></activities></section><section order="2"><title lang="en">Male Sterilization</title><activities><activity type="page" order="1" digest="2557a511e56d790a5acb25c5a1bec26220852"><title lang="en">Male Sterilization</title><image filename="/images/20852.png"/><location lang="en">02_20852_en.html</location></activity><activity type="page" order="2" digest="130ecb5dfc4c60132e6d0c4e8c279e1320750"><title lang="en">Doctor Speaks</title><image filename="/images/20750.png"/><location lang="en">02_20750_en.html</location></activity><activity type="page" order="3" digest="e4048ed941af258b3527f460a9113e3920744"><title lang="en">Real Stories</title><media><file filename="shubham-and-poonam.m4v" download_url="http://downloads.digital-campus.org/media/ujjwal/shubham-and-poonam.m4v" digest="376096c5faa46bb83e0865ff37c1d406" filesize="7747287" length="180"/></media><image filename="/images/20744.png"/><location lang="en">02_20744_en.html</location></activity><activity type="page" order="4" digest="4d8ce6fcbe4d9f2d319be817cc495e1620745"><title lang="en">Entertainment Films</title><media><file filename="munna-ki-kahani.m4v" download_url="http://downloads.digital-campus.org/media/ujjwal/munna-ki-kahani.m4v" digest="ee1493df1ae1e15879ae9c4c54f675b4" filesize="2648961" length="71"/></media><image filename="/images/20745.png"/><location lang="en">02_20745_en.html</location></activity><activity type="page" order="5" digest="130ecb5dfc4c60132e6d0c4e8c279e1320747"><title lang="en">TV Advertisement</title><image filename="/images/20747.png"/><location lang="en">02_20747_en.html</location></activity><activity type="page" order="6" digest="8baacc522ce9c270f08084266deaea2620789"><title lang="en">Get information</title><location lang="en">02_20789_en.html</location></activity><activity type="page" order="7" digest="ec496fc7056ac0b4d71424ef0a9be6a320790"><title lang="en">Action Steps</title><location lang="en">02_20790_en.html</location></activity></activities></section><section order="3"><title lang="en">Post Test</title><activities><activity type="feedback" order="1" digest="1060cf7cab58c23496e47afe6547bf1320876"><title lang="en">Post-Test</title><content lang="en">{"description":"Post Test","id":15,"lastupdated_date":"2014-08-30T06:16:51","owner":"\/api\/v1\/user\/1\/","props":{"courseversion":"20140830121653","digest":"1060cf7cab58c23496e47afe6547bf1320876","maxscore":0},"questions":[{"id":66,"order":1,"question":{"id":66,"props":{"required":"true"},"responses":[{"id":222,"order":1,"props":{},"score":"0.00","title":"True"},{"id":223,"order":2,"props":{},"score":"0.00","title":"False"}],"title":"Maintaining a small family size creates more financial resources and opportunities to support your children.","type":"multichoice"}},{"id":67,"order":2,"question":{"id":67,"props":{"required":"true"},"responses":[{"id":224,"order":1,"props":{},"score":"0.00","title":"True"},{"id":225,"order":2,"props":{},"score":"0.00","title":"False"}],"title":"Family planning is expensive.","type":"multichoice"}},{"id":68,"order":3,"question":{"id":68,"props":{"required":"true"},"responses":[{"id":226,"order":1,"props":{},"score":"0.00","title":"True"},{"id":227,"order":2,"props":{},"score":"0.00","title":"False"}],"title":"Practicing family planning eliminates the fear of getting pregnant.","type":"multichoice"}},{"id":69,"order":4,"question":{"id":69,"props":{"required":"true"},"responses":[{"id":228,"order":1,"props":{},"score":"0.00","title":"Yes"},{"id":229,"order":2,"props":{},"score":"0.00","title":"No"},{"id":230,"order":3,"props":{},"score":"0.00","title":"Unsure"}],"title":"Do you intend to use a family planning method?","type":"multichoice"}},{"id":70,"order":5,"question":{"id":70,"props":{"required":"true"},"responses":[{"id":231,"order":1,"props":{},"score":"0.00","title":"Consult with spouse"},{"id":232,"order":2,"props":{},"score":"0.00","title":"Consult with relatives\/ friends"},{"id":233,"order":3,"props":{},"score":"0.00","title":"Call Ujjwal Helpline"},{"id":234,"order":4,"props":{},"score":"0.00","title":"Call Ujjwal Clinic"},{"id":235,"order":5,"props":{},"score":"0.00","title":"Visit another primary health clinic"},{"id":236,"order":6,"props":{},"score":"0.00","title":"No action plan"},{"id":237,"order":7,"props":{},"score":"0.00","title":"Will not use FP"}],"title":"Which action will you take to begin using a family planning method? (Choose one)","type":"multichoice"}}],"resource_uri":"\/api\/v1\/quiz\/15\/","title":"Post-Test"}</content></activity></activities></section></structure><media><file filename="doctor-speaks-on-female-sterilisation.m4v" download_url="http://downloads.digital-campus.org/media/ujjwal/doctor-speaks-on-female-sterilisation.m4v" digest="4d245381d44d7e3a533d7b915d268eb8" filesize="8038494" length="295"/><file filename="sangeeta-and-amresh.m4v" download_url="http://downloads.digital-campus.org/media/ujjwal/sangeeta-and-amresh.m4v" digest="7a140d550832220ca21a4b3136dea6e9" filesize="8595856" length="180"/><file filename="zindagi-ka-plan.m4v" download_url="http://downloads.digital-campus.org/media/ujjwal/zindagi-ka-plan.m4v" digest="cda103bcd27eb7bd8c47e88de021937e" filesize="16631736" length="576"/><file filename="bunty-and-wife.m4v" download_url="http://downloads.digital-campus.org/media/ujjwal/bunty-and-wife.m4v" digest="1daae3885fbbfdc907e3bbca2b23b4d1" filesize="2802034" length="72"/><file filename="shubham-and-poonam.m4v" download_url="http://downloads.digital-campus.org/media/ujjwal/shubham-and-poonam.m4v" digest="376096c5faa46bb83e0865ff37c1d406" filesize="7747287" length="180"/><file filename="munna-ki-kahani.m4v" download_url="http://downloads.digital-campus.org/media/ujjwal/munna-ki-kahani.m4v" digest="ee1493df1ae1e15879ae9c4c54f675b4" filesize="2648961" length="71"/></media></module>
