<?xml version="1.0"?>
<module><meta><versionid>20140725184053</versionid><priority>6</priority><server>http://demo.oppia-mobile.org/</server><title lang="en">Male sterilisation</title><shortname>us-ms</shortname><description lang="en"></description><activity type="feedback" order="2" digest="f55f25b3d8051d11d584078e0b9789d820535"><title lang="en">Client Pre-test</title><content lang="en">{"description":"Client Pre-test","id":1752,"lastupdated_date":"2014-07-25T19:40:19","owner":"\/api\/v1\/user\/1\/","props":{"courseversion":"20140725184053","digest":"f55f25b3d8051d11d584078e0b9789d820535","maxscore":0},"questions":[{"id":17725,"order":1,"question":{"id":17932,"props":{"required":"true"},"responses":[],"title":"Name","type":"essay"}},{"id":17726,"order":2,"question":{"id":17933,"props":{"required":"true"},"responses":[],"title":"Age","type":"numerical"}},{"id":17727,"order":3,"question":{"id":17934,"props":{"required":"true"},"responses":[{"id":47929,"order":1,"props":{},"score":"0.00","title":"Male"},{"id":47930,"order":2,"props":{},"score":"0.00","title":"Female"}],"title":"Gender","type":"multichoice"}},{"id":17728,"order":4,"question":{"id":17935,"props":{"required":"true"},"responses":[{"id":47931,"order":1,"props":{},"score":"0.00","title":"Yes"},{"id":47932,"order":2,"props":{},"score":"0.00","title":"No"}],"title":"Are you currently pregnant\/ expecting a child?","type":"multichoice"}},{"id":17729,"order":5,"question":{"id":17936,"props":{"required":"false"},"responses":[{"id":47933,"order":1,"props":{},"score":"0.00","title":"0"},{"id":47934,"order":2,"props":{},"score":"0.00","title":"1"},{"id":47935,"order":3,"props":{},"score":"0.00","title":"2"},{"id":47936,"order":4,"props":{},"score":"0.00","title":"3"},{"id":47937,"order":5,"props":{},"score":"0.00","title":"4"},{"id":47938,"order":6,"props":{},"score":"0.00","title":"More than 4"}],"title":"How many children do you have?","type":"multichoice"}},{"id":17730,"order":6,"question":{"id":17937,"props":{"required":"true"},"responses":[{"id":47939,"order":1,"props":{},"score":"0.00","title":"Yes"},{"id":47940,"order":2,"props":{},"score":"0.00","title":"No"},{"id":47941,"order":3,"props":{},"score":"0.00","title":"Don't know\/can't say"}],"title":"Do you believe it is important to space children?","type":"multichoice"}},{"id":17731,"order":7,"question":{"id":17938,"props":{"required":"true"},"responses":[{"id":47942,"order":1,"props":{},"score":"0.00","title":"Yes"},{"id":47943,"order":2,"props":{},"score":"0.00","title":"No"},{"id":47944,"order":3,"props":{},"score":"0.00","title":"Don't know\/can't say"}],"title":"Do you believe it is important to limit family size?","type":"multichoice"}},{"id":17732,"order":8,"question":{"id":17939,"props":{"required":"true"},"responses":[{"id":47945,"order":1,"props":{},"score":"0.00","title":"Yes"},{"id":47946,"order":2,"props":{},"score":"0.00","title":"No"}],"title":"Are you aware of family planning?","type":"multichoice"}},{"id":17733,"order":9,"question":{"id":17940,"props":{"required":"true"},"responses":[{"id":47947,"order":1,"props":{},"score":"0.00","title":"OCPs"},{"id":47948,"order":2,"props":{},"score":"0.00","title":"Condom"},{"id":47949,"order":3,"props":{},"score":"0.00","title":"Injectables"},{"id":47950,"order":4,"props":{},"score":"0.00","title":"IUCD or Copper T"},{"id":47951,"order":5,"props":{},"score":"0.00","title":"Female Sterilization"},{"id":47952,"order":6,"props":{},"score":"0.00","title":"Male Sterilization"},{"id":47953,"order":7,"props":{},"score":"0.00","title":"ECP"},{"id":47954,"order":8,"props":{},"score":"0.00","title":"Other"}],"title":"Which of the following family planning option are you aware of?","type":"multiselect"}},{"id":17734,"order":10,"question":{"id":17941,"props":{"required":"false"},"responses":[],"title":"If you selected other then please specify here","type":"shortanswer"}},{"id":17735,"order":11,"question":{"id":17942,"props":{"required":"true"},"responses":[{"id":47955,"order":1,"props":{},"score":"0.00","title":"Yes"},{"id":47956,"order":2,"props":{},"score":"0.00","title":"No"}],"title":"Are you using of any the methods listed above?","type":"multichoice"}},{"id":17736,"order":12,"question":{"id":17943,"props":{"required":"false"},"responses":[{"id":47957,"order":1,"props":{},"score":"0.00","title":"Yes"},{"id":47958,"order":2,"props":{},"score":"0.00","title":"No"},{"id":47959,"order":3,"props":{},"score":"0.00","title":"Don't know\/can't say"}],"title":"Do you think family planning methods are safe to use?","type":"multichoice"}},{"id":17737,"order":13,"question":{"id":17944,"props":{"required":"true"},"responses":[{"id":47960,"order":1,"props":{},"score":"0.00","title":"Yes"},{"id":47961,"order":2,"props":{},"score":"0.00","title":"Perhaps, with some assistance"},{"id":47962,"order":3,"props":{},"score":"0.00","title":"No"},{"id":47963,"order":4,"props":{},"score":"0.00","title":"Not interested"}],"title":"Do you feel confident you will be able to use family planning?","type":"multichoice"}},{"id":17738,"order":14,"question":{"id":17945,"props":{"required":"true"},"responses":[{"id":47964,"order":1,"props":{},"score":"0.00","title":"Yes"},{"id":47965,"order":2,"props":{},"score":"0.00","title":"No"}],"title":"Do you intend to adopt family planning?","type":"multichoice"}},{"id":17739,"order":15,"question":{"id":17946,"props":{"required":"false"},"responses":[{"id":47966,"order":1,"props":{},"score":"0.00","title":"Today"},{"id":47967,"order":2,"props":{},"score":"0.00","title":"Within 1 week"},{"id":47968,"order":3,"props":{},"score":"0.00","title":"Within 2 weeks"},{"id":47969,"order":4,"props":{},"score":"0.00","title":"Within 1 month"},{"id":47970,"order":5,"props":{},"score":"0.00","title":"More than 1 month"},{"id":47971,"order":6,"props":{},"score":"0.00","title":"Never"}],"title":"How soon do you intend to begin using family planning?","type":"multichoice"}}],"resource_uri":"\/api\/v1\/quiz\/1752\/","title":"Client Pre-test"}</content></activity><image filename="/images/21485.png"/><langs><lang>en</lang></langs></meta><structure><section order="1"><title lang="en">Doctor Speaks</title><activities><activity type="page" order="1" digest="d2219747b0497d06e1f3cef8f9c303a720536"><title lang="en">&#x906;&#x908;.&#x92F;&#x942;.&#x938;&#x940;.&#x921;&#x940;</title><media><file filename="iucd-ailulsil.m4v" download_url="http://downloads.digital-campus.org/media/ujjwal/iucd/iucd-ailulsil.m4v" digest="0205d436790267760fbb886221eb0c73" filesize="8451954" length="345"/></media><image filename="/images/20536.png"/><location lang="en">01_20536_en.html</location></activity></activities></section><section order="2"><title lang="en">Entertainment Films</title><activities><activity type="page" order="1" digest="05e9b31da8fe520bd60bc62aea076f6d20537"><title lang="en">&#x930;&#x93E;&#x908;&#x91F; &#x91A;&#x949;&#x907;&#x938;</title><media><file filename="iucd-right-choice.m4v" download_url="http://downloads.digital-campus.org/media/ujjwal/iucd/iucd-right-choice.m4v" digest="6344725d8baa519f65d5ce564a5d82c2" filesize="12883802" length="440"/></media><image filename="/images/20537.png"/><location lang="en">02_20537_en.html</location></activity></activities></section><section order="3"><title lang="en">Real Stories</title><activities><activity type="page" order="1" digest="7269bf57563d36dbdaaa3b1d1873262e20538"><title lang="en">&#x939;&#x938;&#x940;&#x928; &#x914;&#x930; &#x936;&#x93E;&#x939;&#x940;&#x928;</title><media><file filename="iucd-sweet-and-shaheen.m4v" download_url="http://downloads.digital-campus.org/media/ujjwal/iucd/iucd-sweet-and-shaheen.m4v" digest="bfcba1dad464b4b363d7e8bad8225702" filesize="3781330" length="148"/></media><image filename="/images/20538.png"/><location lang="en">03_20538_en.html</location></activity></activities></section><section order="4"><title lang="en">TV Advertisement</title><activities><activity type="page" order="1" digest="f1e8cecc8bdba61f949b5c2f4925871920539"><title lang="en">&#x906;&#x908;&#x92F;&#x942;&#x938;&#x940;&#x921;&#x940; &#x92E;&#x93E;&#x901; &#x92C;&#x91A;&#x94D;&#x91A;&#x93E;</title><media><file filename="iucd-mother-child.m4v" download_url="http://downloads.digital-campus.org/media/ujjwal/iucd/iucd-mother-child.m4v" digest="fb1db910e4d12e695e7b9b540fb451cc" filesize="1969213" length="71"/></media><image filename="/images/20539.png"/><location lang="en">04_20539_en.html</location></activity><activity type="page" order="2" digest="367840d94c9bd1950cf45d7d7fbf851420540"><title lang="en">&#x909;&#x92A;&#x93E;&#x92F;</title><media><file filename="iucd-remedy.m4v" download_url="http://downloads.digital-campus.org/media/ujjwal/iucd/iucd-remedy.m4v" digest="629b828d78ffe1c54a5d38400f625a4f" filesize="2178260" length="71"/></media><image filename="/images/20540.png"/><location lang="en">04_20540_en.html</location></activity><activity type="page" order="3" digest="146763fab7536713f7ff25a70c858f3620541"><title lang="en">&#x930;&#x93E;&#x91C;&#x947;&#x936; &#x915;&#x941;&#x92E;&#x93E;&#x930;</title><media><file filename="iucd-rajesh-kumar.m4v" download_url="http://downloads.digital-campus.org/media/ujjwal/iucd/iucd-rajesh-kumar.m4v" digest="b99cb78aec5fba8522876d568c804277" filesize="2520208" length="72"/></media><image filename="/images/20541.png"/><location lang="en">04_20541_en.html</location></activity></activities></section><section order="5"><title lang="en">Client Exit Interview</title><activities><activity type="feedback" order="1" digest="5e5b091dd4947ea074dd8cfc53fa140720542"><title lang="en">Client Exit Interview</title><content lang="en">{"description":"Client Exit Interview","id":1753,"lastupdated_date":"2014-07-25T19:41:19","owner":"\/api\/v1\/user\/1\/","props":{"courseversion":"20140725184053","digest":"5e5b091dd4947ea074dd8cfc53fa140720542","maxscore":0},"questions":[{"id":17740,"order":1,"question":{"id":17947,"props":{"required":"true"},"responses":[{"id":47972,"order":1,"props":{},"score":"0.00","title":"0"},{"id":47973,"order":2,"props":{},"score":"0.00","title":"1"},{"id":47974,"order":3,"props":{},"score":"0.00","title":"2"},{"id":47975,"order":4,"props":{},"score":"0.00","title":"3"},{"id":47976,"order":5,"props":{},"score":"0.00","title":"4"},{"id":47977,"order":6,"props":{},"score":"0.00","title":"More than 4"}],"title":"How many videos did you see?","type":"multichoice"}},{"id":17741,"order":2,"question":{"id":17948,"props":{"required":"false"},"responses":[{"id":47978,"order":1,"props":{},"score":"0.00","title":"Delaying the first child"},{"id":47979,"order":2,"props":{},"score":"0.00","title":"Spacing between children"},{"id":47980,"order":3,"props":{},"score":"0.00","title":"Limiting family size"},{"id":47981,"order":4,"props":{},"score":"0.00","title":"Unwanted pregnancy"},{"id":47982,"order":5,"props":{},"score":"0.00","title":"Post abortion family planning"},{"id":47983,"order":6,"props":{},"score":"0.00","title":"Family planning methods"}],"title":"What was the main message of the video(s) you watched?","type":"multiselect"}},{"id":17742,"order":3,"question":{"id":17949,"props":{"required":"false"},"responses":[{"id":47984,"order":1,"props":{},"score":"0.00","title":"Yes"},{"id":47985,"order":2,"props":{},"score":"0.00","title":"No"}],"title":"Was the information in the video(s) useful for you in selecting a family planning method?","type":"multichoice"}},{"id":17743,"order":4,"question":{"id":17950,"props":{"required":"false"},"responses":[{"id":47986,"order":1,"props":{},"score":"0.00","title":"Doctor Speaks"},{"id":47987,"order":2,"props":{},"score":"0.00","title":"Entertainment Films"},{"id":47988,"order":3,"props":{},"score":"0.00","title":"Real Stories"},{"id":47989,"order":4,"props":{},"score":"0.00","title":"TV Commercials"}],"title":"Which videos did you find most relevant?","type":"multiselect"}},{"id":17744,"order":5,"question":{"id":17951,"props":{"required":"true"},"responses":[{"id":47990,"order":1,"props":{},"score":"0.00","title":"Yes"},{"id":47991,"order":2,"props":{},"score":"0.00","title":"No"}],"title":"Do you believe it is important to space children?","type":"multichoice"}},{"id":17745,"order":6,"question":{"id":17952,"props":{"required":"false"},"responses":[{"id":47992,"order":1,"props":{},"score":"0.00","title":"Yes"},{"id":47993,"order":2,"props":{},"score":"0.00","title":"No"},{"id":47994,"order":3,"props":{},"score":"0.00","title":"Don't know\/can't say"}],"title":"Do you believe it is important to limit family size?","type":"multichoice"}},{"id":17746,"order":7,"question":{"id":17953,"props":{"required":"true"},"responses":[{"id":47995,"order":1,"props":{},"score":"0.00","title":"Yes"},{"id":47996,"order":2,"props":{},"score":"0.00","title":"No"},{"id":47997,"order":3,"props":{},"score":"0.00","title":"Don't know\/Can't say"}],"title":"Do you think family planning methods are safe to use?","type":"multichoice"}},{"id":17747,"order":8,"question":{"id":17954,"props":{"required":"true"},"responses":[{"id":47998,"order":1,"props":{},"score":"0.00","title":"True"},{"id":47999,"order":2,"props":{},"score":"0.00","title":"False"},{"id":48000,"order":3,"props":{},"score":"0.00","title":"Don't know\/can't say"}],"title":"IUCD can be removed anytime the woman wishes to conceive again","type":"multichoice"}},{"id":17748,"order":9,"question":{"id":17955,"props":{"required":"true"},"responses":[{"id":48001,"order":1,"props":{},"score":"0.00","title":"True"},{"id":48002,"order":2,"props":{},"score":"0.00","title":"False"},{"id":48003,"order":3,"props":{},"score":"0.00","title":"Don't know\/can't say"}],"title":"The IUCD can travel to the heart or brain or a woman and will result in cancer","type":"multichoice"}},{"id":17749,"order":10,"question":{"id":17956,"props":{"required":"true"},"responses":[{"id":48004,"order":1,"props":{},"score":"0.00","title":"True"},{"id":48005,"order":2,"props":{},"score":"0.00","title":"False"},{"id":48006,"order":3,"props":{},"score":"0.00","title":"Don't know\/can't say"}],"title":"The IUCD will result in discomfort to the husband during intercourse","type":"multichoice"}},{"id":17750,"order":11,"question":{"id":17957,"props":{"required":"true"},"responses":[{"id":48007,"order":1,"props":{},"score":"0.00","title":"Yes"},{"id":48008,"order":2,"props":{},"score":"0.00","title":"Perhaps, with some assistance"},{"id":48009,"order":3,"props":{},"score":"0.00","title":"No"},{"id":48010,"order":4,"props":{},"score":"0.00","title":"Not interested"}],"title":"Do you feel confident you will be able to use family planning?","type":"multichoice"}},{"id":17751,"order":12,"question":{"id":17958,"props":{"required":"true"},"responses":[{"id":48011,"order":1,"props":{},"score":"0.00","title":"Yes"},{"id":48012,"order":2,"props":{},"score":"0.00","title":"No"}],"title":"Do you intend to adopt family planning?","type":"multichoice"}},{"id":17752,"order":13,"question":{"id":17959,"props":{"required":"true"},"responses":[{"id":48013,"order":1,"props":{},"score":"0.00","title":"Today"},{"id":48014,"order":2,"props":{},"score":"0.00","title":"Within 1 week"},{"id":48015,"order":3,"props":{},"score":"0.00","title":"Within 2 weeks"},{"id":48016,"order":4,"props":{},"score":"0.00","title":"Within 1 month"},{"id":48017,"order":5,"props":{},"score":"0.00","title":"Never"}],"title":"How soon do you intend to begin using family planning?","type":"multichoice"}},{"id":17753,"order":14,"question":{"id":17960,"props":{"required":"true"},"responses":[{"id":48018,"order":1,"props":{},"score":"0.00","title":"Consult with spouse and family"},{"id":48019,"order":2,"props":{},"score":"0.00","title":"Visit Ujjwal Clinic"},{"id":48020,"order":3,"props":{},"score":"0.00","title":"Call Ujjwal Helpline"},{"id":48021,"order":4,"props":{},"score":"0.00","title":"Visit PHC"},{"id":48022,"order":5,"props":{},"score":"0.00","title":"No action plan"}],"title":"How will you start family planning?","type":"multichoice"}},{"id":17754,"order":15,"question":{"id":17961,"props":{"required":"true"},"responses":[{"id":48023,"order":1,"props":{},"score":"0.00","title":"IUCD"},{"id":48024,"order":2,"props":{},"score":"0.00","title":"Pills"},{"id":48025,"order":3,"props":{},"score":"0.00","title":"Injectables"},{"id":48026,"order":4,"props":{},"score":"0.00","title":"Condom"},{"id":48027,"order":5,"props":{},"score":"0.00","title":"Female Sterilization"},{"id":48028,"order":6,"props":{},"score":"0.00","title":"Male Sterilization"}],"title":"Which family planning method will you choose?","type":"multichoice"}}],"resource_uri":"\/api\/v1\/quiz\/1753\/","title":"Client Exit Interview"}</content></activity></activities></section></structure><media><file filename="iucd-ailulsil.m4v" download_url="http://downloads.digital-campus.org/media/ujjwal/iucd/iucd-ailulsil.m4v" digest="0205d436790267760fbb886221eb0c73" filesize="8451954" length="345"/><file filename="iucd-right-choice.m4v" download_url="http://downloads.digital-campus.org/media/ujjwal/iucd/iucd-right-choice.m4v" digest="6344725d8baa519f65d5ce564a5d82c2" filesize="12883802" length="440"/><file filename="iucd-sweet-and-shaheen.m4v" download_url="http://downloads.digital-campus.org/media/ujjwal/iucd/iucd-sweet-and-shaheen.m4v" digest="bfcba1dad464b4b363d7e8bad8225702" filesize="3781330" length="148"/><file filename="iucd-mother-child.m4v" download_url="http://downloads.digital-campus.org/media/ujjwal/iucd/iucd-mother-child.m4v" digest="fb1db910e4d12e695e7b9b540fb451cc" filesize="1969213" length="71"/><file filename="iucd-remedy.m4v" download_url="http://downloads.digital-campus.org/media/ujjwal/iucd/iucd-remedy.m4v" digest="629b828d78ffe1c54a5d38400f625a4f" filesize="2178260" length="71"/><file filename="iucd-rajesh-kumar.m4v" download_url="http://downloads.digital-campus.org/media/ujjwal/iucd/iucd-rajesh-kumar.m4v" digest="b99cb78aec5fba8522876d568c804277" filesize="2520208" length="72"/></media></module>
