<?xml version="1.0"?>
<module><meta><versionid>20140908103531</versionid><priority>9</priority><server>http://ujjwal.oppia-mobile.org/</server><title lang="en">How to detect pregnancy</title><shortname>us-detect</shortname><description lang="en"></description><activity type="feedback" order="2" digest="ee4fe3c9182168d327a85b07c104dee420869"><title lang="en">Pre-test</title><content lang="en">{"description":"Pre-test","id":18,"lastupdated_date":"2014-08-30T06:18:48","owner":"\/api\/v1\/user\/1\/","props":{"courseversion":"20140830121903","digest":"ee4fe3c9182168d327a85b07c104dee420869","maxscore":0},"questions":[{"id":79,"order":1,"question":{"id":79,"props":{"required":"true"},"responses":[{"id":278,"order":1,"props":{},"score":"0.00","title":"True"},{"id":279,"order":2,"props":{},"score":"0.00","title":"False"}],"title":"The only way to detect pregnancy is to visit a doctor.","type":"multichoice"}},{"id":80,"order":2,"question":{"id":80,"props":{"required":"true"},"responses":[{"id":280,"order":1,"props":{},"score":"0.00","title":"True"},{"id":281,"order":2,"props":{},"score":"0.00","title":"False"}],"title":"It is important to detect a pregnancy early so that you can begin to care for yourself and your unborn child.","type":"multichoice"}},{"id":81,"order":3,"question":{"id":81,"props":{"required":"true"},"responses":[{"id":282,"order":1,"props":{},"score":"0.00","title":"True"},{"id":283,"order":2,"props":{},"score":"0.00","title":"False"}],"title":"Practicing family planning eliminates the fear of getting pregnant","type":"multichoice"}},{"id":82,"order":4,"question":{"id":82,"props":{"required":"true"},"responses":[{"id":284,"order":1,"props":{},"score":"0.00","title":"Yes"},{"id":285,"order":2,"props":{},"score":"0.00","title":"No"},{"id":286,"order":3,"props":{},"score":"0.00","title":"Unsure"}],"title":"Do you intend to use a family planning method?","type":"multichoice"}},{"id":83,"order":5,"question":{"id":83,"props":{"required":"true"},"responses":[{"id":287,"order":1,"props":{},"score":"0.00","title":"Today"},{"id":288,"order":2,"props":{},"score":"0.00","title":"1 week"},{"id":289,"order":3,"props":{},"score":"0.00","title":"1 month"},{"id":290,"order":4,"props":{},"score":"0.00","title":"more than 1 month"},{"id":291,"order":5,"props":{},"score":"0.00","title":"unsure"}],"title":"How soon do you intend to start using a family planning method?","type":"multichoice"}}],"resource_uri":"\/api\/v1\/quiz\/18\/","title":"Pre-test"}</content></activity><image filename="/images/21596.png"/><langs><lang>hi</lang><lang>en</lang></langs></meta><structure><section order="1"><title lang="hi">&#x917;&#x930;&#x94D;&#x92D; &#x915;&#x940; &#x91C;&#x93E;&#x901;&#x91A; &#x915;&#x948;&#x938;&#x947; &#x915;&#x930;&#x947;&#x902;</title><title lang="en">How to Detect Pregnancy</title><activities><activity type="page" order="1" digest="0b4bd1d0fc8ee389c95873b9b36d23ea20616"><title lang="hi">&#x917;&#x930;&#x94D;&#x92D; &#x915;&#x940; &#x91C;&#x93E;&#x901;&#x91A; &#x915;&#x948;&#x938;&#x947; &#x915;&#x930;&#x947;&#x902;</title><title lang="en">How to Detect Pregnancy</title><image filename="/images/20616.png"/><location lang="en">01_20616_en.html</location></activity><activity type="page" order="2" digest="9820fe409c2954a441f91b3de3a6bd5b20770"><title lang="hi">&#x91F;&#x940;.&#x935;&#x940;. &#x935;&#x93F;&#x91C;&#x94D;&#x91E;&#x93E;&#x92A;&#x928; </title><title lang="en">TV Advertisements</title><media><file filename="miss-ho-gaya-toh.m4v" download_url="http://downloads.digital-campus.org/media/ujjwal/miss-ho-gaya-toh.m4v" digest="6c935a2e0ac0ec611374ff568f033dcf" filesize="1204858" length="52"/></media><image filename="/images/20770.png"/><location lang="en">01_20770_en.html</location></activity></activities></section><section order="2"><title lang="en">Post Test</title><activities><activity type="feedback" order="1" digest="006bcf0500611a863dcab759a58fc1e720870"><title lang="en">Post-test</title><content lang="en">{"description":"Post Test","id":19,"lastupdated_date":"2014-08-30T06:19:00","owner":"\/api\/v1\/user\/1\/","props":{"courseversion":"20140830121903","digest":"006bcf0500611a863dcab759a58fc1e720870","maxscore":0},"questions":[{"id":84,"order":1,"question":{"id":84,"props":{"required":"true"},"responses":[{"id":292,"order":1,"props":{},"score":"0.00","title":"True"},{"id":293,"order":2,"props":{},"score":"0.00","title":"False"}],"title":"The only way to detect pregnancy is to visit a doctor.","type":"multichoice"}},{"id":85,"order":2,"question":{"id":85,"props":{"required":"true"},"responses":[{"id":294,"order":1,"props":{},"score":"0.00","title":"True"},{"id":295,"order":2,"props":{},"score":"0.00","title":"False"}],"title":"It is important to detect a pregnancy early so that you can begin to care for yourself and your unborn child.","type":"multichoice"}},{"id":86,"order":3,"question":{"id":86,"props":{"required":"true"},"responses":[{"id":296,"order":1,"props":{},"score":"0.00","title":"True"},{"id":297,"order":2,"props":{},"score":"0.00","title":"False"}],"title":"Practicing family planning eliminates the fear of getting pregnant","type":"multichoice"}},{"id":87,"order":4,"question":{"id":87,"props":{"required":"true"},"responses":[{"id":298,"order":1,"props":{},"score":"0.00","title":"Yes"},{"id":299,"order":2,"props":{},"score":"0.00","title":"No"},{"id":300,"order":3,"props":{},"score":"0.00","title":"Unsure"}],"title":"Do you intend to use a family planning method?","type":"multichoice"}},{"id":88,"order":5,"question":{"id":88,"props":{"required":"true"},"responses":[{"id":301,"order":1,"props":{},"score":"0.00","title":"Today"},{"id":302,"order":2,"props":{},"score":"0.00","title":"1 week"},{"id":303,"order":3,"props":{},"score":"0.00","title":"1 month"},{"id":304,"order":4,"props":{},"score":"0.00","title":"more than 1 month"},{"id":305,"order":5,"props":{},"score":"0.00","title":"unsure"}],"title":"How soon do you intend to start using a family planning method?","type":"multichoice"}}],"resource_uri":"\/api\/v1\/quiz\/19\/","title":"Post-test"}</content></activity></activities></section></structure><media><file filename="miss-ho-gaya-toh.m4v" download_url="http://downloads.digital-campus.org/media/ujjwal/miss-ho-gaya-toh.m4v" digest="6c935a2e0ac0ec611374ff568f033dcf" filesize="1204858" length="52"/></media></module>
